{"type":"FeatureCollection","source":"Natural Earth 1:10m Lakes, public domain; simplified 0.008 degrees","sourceUrl":"https://www.naturalearthdata.com/downloads/10m-physical-vectors/10m-lakes/","features":[{"type":"Feature","geometry":{"type":"Polygon","coordinates":[[[33.515273,65.661859],[33.392229,65.653911],[33.37545,65.666863],[33.382809,65.685114],[33.441093,65.690707],[33.427847,65.701304],[33.399883,65.706308],[33.321582,65.668924],[33.205897,65.666275],[33.149967,65.69365],[33.140253,65.711901],[33.149084,65.734273],[33.209429,65.742515],[33.26683,65.733978],[33.400177,65.775484],[33.444626,65.804331],[33.414306,65.834062],[33.444037,65.859966],[33.549125,65.857906],[33.635668,65.881455],[33.77814,65.876451],[33.573852,65.849075],[33.506737,65.824348],[33.516745,65.807275],[33.582683,65.796383],[33.653036,65.820521],[33.726921,65.809041],[33.848788,65.824054],[33.893826,65.841127],[33.941513,65.815223],[33.947694,65.799916],[33.906483,65.783137],[33.705727,65.759294],[33.618301,65.715433],[33.603288,65.699538],[33.612708,65.662448],[33.706316,65.632717],[33.693952,65.625947],[33.571202,65.609462],[33.507031,65.628596],[33.451985,65.615938],[33.425198,65.627418],[33.520866,65.652734],[33.515273,65.661859]]]},"properties":{"name":"Engozero","nameZh":"恩戈澤羅湖","rank":5}},{"type":"Feature","geometry":{"type":"Polygon","coordinates":[[[31.278989,66.028931],[31.239544,66.024516],[31.240427,65.953574],[31.313724,65.939739],[31.356407,65.899117],[31.344338,65.8791],[31.319317,65.870269],[31.258089,65.879689],[31.239544,65.865559],[31.303127,65.832002],[31.286348,65.816106],[31.172429,65.823465],[31.134162,65.859377],[31.197156,65.86026],[31.224532,65.875273],[31.189208,65.894995],[30.88513,65.954751],[30.757964,66.005971],[30.641691,66.035407],[30.624912,66.051303],[30.627856,66.07809],[30.736182,66.120773],[30.593709,66.18465],[30.640219,66.198485],[30.736476,66.186122],[30.866879,66.225272],[30.791816,66.240579],[30.783574,66.254708],[30.845979,66.275314],[30.767384,66.309755],[30.728822,66.338897],[30.74148,66.345667],[30.797115,66.323001],[30.854516,66.34655],[30.895433,66.332715],[30.902203,66.319763],[30.883952,66.295331],[30.946652,66.282967],[31.062926,66.304456],[31.102959,66.292093],[31.141227,66.320352],[31.140932,66.357442],[31.106786,66.37216],[31.145642,66.36951],[31.270747,66.419552],[31.193035,66.43221],[31.256912,66.465179],[31.565405,66.51993],[31.587777,66.507567],[31.55628,66.489611],[31.558635,66.478425],[31.656658,66.493438],[31.797659,66.467239],[31.620746,66.448694],[31.568055,66.455759],[31.521251,66.442807],[31.480334,66.456642],[31.357879,66.451344],[31.301361,66.437214],[31.300772,66.423085],[31.402328,66.384817],[31.335801,66.348316],[31.188619,66.313287],[31.1374,66.270898],[31.141521,66.230276],[31.071757,66.204078],[31.126214,66.177585],[31.189208,66.171109],[31.205104,66.15698],[31.160949,66.131075],[31.190974,66.096046],[31.174195,66.071025],[31.286054,66.04571],[31.278989,66.028931]],[[30.861286,66.045416],[30.929873,66.051892],[30.952834,66.058368],[30.898082,66.091042],[30.843036,66.061606],[30.861286,66.045416]],[[31.015533,66.162572],[31.020832,66.19613],[31.000521,66.209376],[30.936643,66.211143],[30.914272,66.199074],[30.963725,66.162572],[31.015533,66.162572]]]},"properties":{"name":"Pääjärvi","nameZh":"皮亚奥泽罗湖","rank":4}},{"type":"Feature","geometry":{"type":"Polygon","coordinates":[[[-118.836855,65.775189],[-119.195537,65.80963],[-119.305335,65.789024],[-119.703168,65.796089],[-119.76469,65.748108],[-119.696398,65.733978],[-119.710675,65.727797],[-119.680649,65.718966],[-119.613093,65.729563],[-119.5866,65.713373],[-119.717151,65.683642],[-119.85403,65.679227],[-119.839753,65.665097],[-119.851969,65.658915],[-119.846524,65.651262],[-119.898773,65.647435],[-119.943369,65.62418],[-119.922322,65.610345],[-120.066119,65.635661],[-120.10733,65.62418],[-120.02167,65.600337],[-120.008277,65.576788],[-119.85977,65.524391],[-119.814291,65.486124],[-119.617361,65.469639],[-119.510801,65.391927],[-119.523165,65.378092],[-119.477244,65.322457],[-119.616478,65.348361],[-119.710086,65.343357],[-119.748059,65.354249],[-119.785296,65.337175],[-119.820767,65.352777],[-119.853736,65.336587],[-119.892592,65.338353],[-119.903483,65.317747],[-120.006511,65.268589],[-120.019463,65.252987],[-120.011662,65.241213],[-120.055817,65.192643],[-120.131027,65.192348],[-120.26246,65.158496],[-120.442611,65.080196],[-120.457329,65.062239],[-120.536513,65.041634],[-120.552998,65.021323],[-120.669566,64.986588],[-120.779658,64.984233],[-120.916096,64.93949],[-121.053269,64.925066],[-121.032811,64.904755],[-121.107874,64.898573],[-121.096982,64.869725],[-121.196625,64.829692],[-121.162478,64.822627],[-121.228416,64.80732],[-121.311574,64.827631],[-121.366914,64.821449],[-121.505118,64.884149],[-121.49143,64.890919],[-121.508798,64.928304],[-121.478037,64.956563],[-121.397381,64.993064],[-121.285964,64.959801],[-121.313929,64.973047],[-121.308777,64.982761],[-121.275367,64.980406],[-121.23136,65.001012],[-121.176166,64.993947],[-121.162773,64.980406],[-121.083589,64.986588],[-121.055183,65.010137],[-120.957012,65.041928],[-121.01353,65.082845],[-120.980414,65.121112],[-120.765234,65.185872],[-120.703712,65.192643],[-120.690024,65.213837],[-120.568599,65.263879],[-120.535924,65.305678],[-120.391539,65.395165],[-120.360778,65.436671],[-120.333255,65.507907],[-120.408906,65.535282],[-120.36799,65.555299],[-120.38889,65.562953],[-120.388448,65.583264],[-120.7174,65.617999],[-120.830436,65.601809],[-121.082411,65.526452],[-121.128038,65.52498],[-121.148791,65.514088],[-121.128332,65.507907],[-121.155561,65.494366],[-121.533083,65.389867],[-121.573411,65.357192],[-121.511889,65.351011],[-121.52381,65.329228],[-121.618743,65.268],[-121.621686,65.241213],[-121.587687,65.233559],[-121.601375,65.20324],[-121.594458,65.172332],[-121.607851,65.15202],[-121.670257,65.123761],[-121.587687,65.090204],[-121.61521,65.068421],[-121.710879,65.073131],[-121.738402,65.062239],[-121.719563,65.058707],[-121.720446,65.044283],[-121.799924,65.035158],[-121.794478,65.019262],[-121.820971,65.007782],[-121.840841,65.021323],[-121.972716,64.989826],[-122.074271,64.980406],[-122.019078,64.959801],[-122.047484,64.945082],[-122.166702,64.966865],[-122.223955,64.997774],[-123.33886,65.112576],[-123.451748,65.141423],[-123.492518,65.165267],[-123.48457,65.18705],[-123.430701,65.202062],[-123.091594,65.220019],[-123.047439,65.233559],[-122.979294,65.226789],[-122.917036,65.25652],[-122.849774,65.270944],[-122.731586,65.343357],[-122.753369,65.375737],[-122.753222,65.411944],[-122.838588,65.46699],[-122.944412,65.494955],[-122.821515,65.490834],[-122.794286,65.514088],[-122.820926,65.514088],[-122.760876,65.565602],[-122.615901,65.574139],[-122.548345,65.600631],[-122.362159,65.638604],[-122.156252,65.774895],[-122.148598,65.821699],[-122.200995,65.85143],[-122.510961,65.904121],[-122.554232,65.933852],[-122.533627,65.946804],[-122.554085,65.961816],[-122.78678,65.966526],[-122.397189,66.012741],[-122.230726,66.009503],[-122.170234,65.987426],[-122.017018,65.982422],[-121.838044,65.928847],[-121.395026,65.952396],[-121.271688,65.993902],[-121.235039,66.064844],[-121.236364,66.081328],[-121.254614,66.092808],[-121.368533,66.117535],[-121.410333,66.102522],[-121.443596,66.111353],[-121.550009,66.093397],[-121.58077,66.103994],[-121.604466,66.148737],[-121.662014,66.184944],[-121.907073,66.249704],[-123.044495,66.252942],[-123.061127,66.248527],[-123.040227,66.227627],[-122.960307,66.201429],[-122.937641,66.179646],[-123.054945,66.105171],[-123.112052,66.114297],[-123.118822,66.102228],[-123.08865,66.06661],[-123.103221,66.043355],[-123.169453,66.061606],[-123.174163,66.090159],[-123.257468,66.170226],[-123.273364,66.172581],[-123.772311,66.125483],[-123.863858,66.10576],[-124.07683,66.117829],[-124.185156,66.179646],[-124.596089,66.15227],[-124.619932,66.128132],[-124.605067,66.111059],[-124.554583,66.097518],[-124.590054,66.060134],[-124.557233,66.025693],[-124.560324,66.004499],[-124.64981,65.993019],[-124.698528,66.015096],[-124.709419,66.035702],[-124.637005,66.035702],[-124.653784,66.048654],[-124.735029,66.050714],[-124.804646,66.008914],[-124.796256,65.911774],[-124.869847,65.932674],[-124.893985,65.970353],[-125.031748,66.049831],[-125.109754,66.122245],[-125.123737,66.168754],[-125.08282,66.230865],[-125.08282,66.262068],[-125.00187,66.282673],[-124.961983,66.308283],[-124.931811,66.302984],[-124.945499,66.289443],[-124.882652,66.2656],[-124.698528,66.295625],[-124.654226,66.277669],[-124.481581,66.252059],[-124.455677,66.259713],[-124.439046,66.30475],[-124.378848,66.31417],[-124.348529,66.350377],[-124.284504,66.36951],[-124.047983,66.312109],[-124.013395,66.315936],[-123.800717,66.389233],[-123.547417,66.417197],[-123.501643,66.439863],[-123.270126,66.469594],[-123.197712,66.497853],[-123.188881,66.524346],[-123.153852,66.534649],[-123.12942,66.528467],[-123.163566,66.515221],[-123.138839,66.501386],[-123.163566,66.481369],[-123.107342,66.467239],[-123.047439,66.474304],[-123.030072,66.48755],[-123.02021,66.474304],[-122.97429,66.477542],[-122.96119,66.484312],[-122.951329,66.518753],[-122.892309,66.555549],[-122.821809,66.542891],[-122.75543,66.554371],[-122.618551,66.542597],[-122.464598,66.563791],[-122.567037,66.569972],[-122.515376,66.60824],[-122.492563,66.610889],[-122.503307,66.591755],[-122.485204,66.576743],[-122.347883,66.615599],[-122.320065,66.591167],[-122.330368,66.577037],[-122.382765,66.563791],[-122.326394,66.563202],[-122.25295,66.599703],[-121.996854,66.622664],[-121.748557,66.6939],[-121.463907,66.723925],[-121.436826,66.735111],[-121.482158,66.755716],[-121.481422,66.765136],[-121.379719,66.770729],[-121.303037,66.806052],[-121.258736,66.802814],[-121.264917,66.820771],[-121.256086,66.827835],[-121.162773,66.871696],[-120.934199,66.862276],[-120.649107,66.905842],[-120.642779,66.919088],[-120.535924,66.953529],[-120.292632,66.953529],[-120.154281,67.001805],[-120.052579,67.00151],[-119.93601,67.036834],[-119.873899,67.043016],[-119.867129,67.02918],[-119.809581,67.046548],[-119.736726,67.02241],[-119.812525,67.008869],[-119.778526,66.977078],[-119.651507,66.998567],[-119.600877,66.994445],[-119.655481,66.981493],[-119.598522,66.969719],[-119.42941,66.994445],[-119.497113,66.981493],[-119.524489,66.953529],[-119.278106,66.933218],[-119.220705,66.945875],[-119.202308,66.939988],[-119.230272,66.912612],[-119.219675,66.906725],[-119.188767,66.912612],[-119.123713,66.897305],[-119.010529,66.905842],[-118.955189,66.884059],[-118.980504,66.866103],[-119.302244,66.831073],[-119.376277,66.793395],[-119.443098,66.782209],[-119.471357,66.757777],[-119.572471,66.768668],[-119.520368,66.747768],[-119.521987,66.730695],[-119.609708,66.736582],[-119.672702,66.715683],[-119.688892,66.720687],[-119.68271,66.727752],[-119.705376,66.725985],[-119.806049,66.677415],[-120.014753,66.651806],[-120.135295,66.666229],[-120.052579,66.632083],[-120.138827,66.60559],[-120.187839,66.558787],[-120.321186,66.548778],[-120.340025,66.535826],[-120.319567,66.528467],[-120.380942,66.515221],[-120.319567,66.49491],[-120.37476,66.49491],[-120.354007,66.475187],[-120.245093,66.481369],[-120.261577,66.468711],[-120.360925,66.453993],[-120.435399,66.467828],[-120.511934,66.419258],[-120.477787,66.412193],[-120.452178,66.380991],[-120.365193,66.399241],[-120.312649,66.379813],[-120.220072,66.384817],[-120.140005,66.408366],[-119.963828,66.377753],[-119.997974,66.357147],[-119.94911,66.336247],[-119.887882,66.33036],[-119.726276,66.370982],[-119.650183,66.370394],[-119.606911,66.357147],[-119.627811,66.336542],[-119.6989,66.349788],[-119.76469,66.344195],[-119.803399,66.325061],[-119.764396,66.309166],[-119.557311,66.301807],[-119.490932,66.316819],[-119.545536,66.33036],[-119.518013,66.339485],[-119.376277,66.343018],[-119.201719,66.318585],[-118.894992,66.32359],[-118.833322,66.309166],[-118.72794,66.330654],[-118.678192,66.35332],[-118.586645,66.33713],[-118.462423,66.371277],[-118.46522,66.363329],[-118.414148,66.36745],[-118.321129,66.391293],[-118.119931,66.474304],[-118.12729,66.49491],[-118.156138,66.500208],[-118.164969,66.476953],[-118.210301,66.450461],[-118.279771,66.43898],[-118.234144,66.477836],[-118.217365,66.512571],[-118.176154,66.523169],[-118.05208,66.597348],[-117.985554,66.615304],[-117.822182,66.630611],[-117.736227,66.666229],[-117.623339,66.680359],[-117.605971,66.67977],[-117.640706,66.666229],[-117.653658,66.638265],[-117.743733,66.638265],[-117.728427,66.628256],[-117.729457,66.610889],[-117.612889,66.631495],[-117.592283,66.625313],[-117.661164,66.609712],[-117.727249,66.573799],[-117.736227,66.563791],[-117.719596,66.546129],[-117.743733,66.522285],[-117.825714,66.50845],[-117.872076,66.482841],[-117.876933,66.45988],[-117.831748,66.440158],[-117.875461,66.433976],[-117.907547,66.412193],[-117.722834,66.429855],[-117.547834,66.496087],[-117.523991,66.48755],[-117.572414,66.460175],[-117.531055,66.452815],[-117.464235,66.463707],[-117.46659,66.442807],[-117.496909,66.429561],[-117.592283,66.426028],[-117.609651,66.395709],[-117.646888,66.377753],[-117.564907,66.357147],[-117.659398,66.349494],[-117.706496,66.320646],[-117.702081,66.290032],[-117.674852,66.289443],[-117.688393,66.302984],[-117.671026,66.307105],[-117.61333,66.282673],[-117.646888,66.268249],[-117.640706,66.254708],[-117.667935,66.248527],[-117.661017,66.234986],[-117.749915,66.213792],[-117.723275,66.241168],[-117.81129,66.213792],[-117.805256,66.201723],[-117.825714,66.172581],[-117.778321,66.188182],[-117.681034,66.185827],[-117.757421,66.15227],[-117.804372,66.17052],[-117.81129,66.144911],[-117.826744,66.142261],[-117.86663,66.158451],[-117.917261,66.15698],[-117.987909,66.129604],[-118.031033,66.097518],[-117.993649,66.095752],[-117.982757,66.090159],[-117.992766,66.073969],[-117.967009,66.068965],[-117.832484,66.056013],[-117.770373,66.062783],[-117.777291,66.02952],[-117.872812,66.049242],[-117.955381,66.035702],[-117.92462,66.05719],[-117.935512,66.062783],[-118.035596,66.035702],[-118.110511,66.033052],[-118.133472,66.015096],[-118.092555,66.001555],[-118.12729,65.993902],[-118.113013,65.98095],[-118.167323,65.940916],[-118.14716,65.912069],[-118.215452,65.912069],[-118.26623,65.855845],[-118.196171,65.850546],[-118.20927,65.837006],[-118.192639,65.824642],[-118.088581,65.801682],[-117.916672,65.83053],[-117.87502,65.854373],[-117.811879,65.864676],[-117.78465,65.857022],[-117.9492,65.80963],[-117.941693,65.796089],[-118.003804,65.782254],[-117.963035,65.754878],[-117.80452,65.768713],[-117.839402,65.748108],[-117.816,65.733095],[-117.904898,65.738688],[-117.914465,65.720143],[-117.982757,65.733978],[-118.043838,65.689824],[-118.110511,65.675694],[-118.185132,65.688352],[-118.367491,65.655089],[-118.394131,65.658915],[-118.35866,65.68217],[-118.434459,65.6963],[-118.482293,65.679815],[-118.56133,65.679815],[-118.585909,65.658915],[-118.490388,65.62418],[-118.64125,65.64508],[-118.708806,65.668629],[-118.704244,65.683936],[-118.661708,65.699832],[-118.674807,65.705425],[-118.743247,65.713373],[-118.764,65.727797],[-118.881451,65.733978],[-118.777687,65.748108],[-118.836855,65.775189]],[[-118.317596,65.825231],[-118.55191,65.706014],[-118.4976,65.688352],[-118.299346,65.72397],[-118.263875,65.748108],[-118.144216,65.766947],[-118.133472,65.785786],[-118.230023,65.830235],[-118.317596,65.825231]],[[-119.450015,66.837549],[-119.360381,66.83284],[-119.113557,66.878466],[-119.271336,66.905253],[-119.350226,66.899071],[-119.442509,66.857861],[-119.374216,66.871696],[-119.385844,66.856977],[-119.450015,66.857861],[-119.387316,66.844908],[-119.450015,66.837549]],[[-122.373492,66.297097],[-122.341848,66.320057],[-122.369666,66.346256],[-122.499922,66.331537],[-122.580725,66.295625],[-122.373492,66.297097]]]},"properties":{"name":"Great Bear Lake","nameZh":"大熊湖","rank":0}},{"type":"Feature","geometry":{"type":"Polygon","coordinates":[[[-111.668794,62.387647],[-111.670707,62.370574],[-111.630526,62.382937],[-111.584753,62.442399],[-111.535005,62.478311],[-111.342344,62.563088],[-111.287887,62.574568],[-111.308345,62.595762],[-111.260216,62.623727],[-111.074914,62.62932],[-110.860911,62.659051],[-110.828531,62.650808],[-110.80042,62.665821],[-110.499727,62.669648],[-110.526955,62.692019],[-110.449096,62.734113],[-110.431434,62.759723],[-110.503112,62.777385],[-110.463961,62.801228],[-110.404647,62.772381],[-109.89731,62.776208],[-109.827399,62.739118],[-109.746155,62.732936],[-109.765877,62.725283],[-109.952209,62.745888],[-110.249223,62.730875],[-110.288373,62.748537],[-110.359609,62.755308],[-110.389782,62.745888],[-110.435114,62.69879],[-110.402292,62.680539],[-110.287343,62.692019],[-110.166065,62.674652],[-110.096448,62.688781],[-109.684044,62.670825],[-109.694788,62.656107],[-109.761167,62.646982],[-109.887008,62.58546],[-110.172099,62.547781],[-110.229942,62.571919],[-110.362847,62.568386],[-110.486333,62.533651],[-110.57479,62.547192],[-110.755529,62.549547],[-110.787615,62.533651],[-110.693124,62.523054],[-110.664129,62.513046],[-110.654268,62.492735],[-110.506203,62.510102],[-110.385072,62.546604],[-110.321489,62.541011],[-110.663393,62.465359],[-110.68444,62.436217],[-110.657947,62.431213],[-110.616295,62.451818],[-110.335177,62.517461],[-110.211691,62.513046],[-110.239656,62.499505],[-110.192263,62.484787],[-109.876999,62.568386],[-109.849182,62.561027],[-110.172982,62.454173],[-110.356371,62.444754],[-110.307801,62.437394],[-110.479121,62.390296],[-110.21905,62.390296],[-110.263647,62.372634],[-110.631307,62.350263],[-110.657947,62.355561],[-110.6369,62.396478],[-110.672666,62.405603],[-110.77584,62.380877],[-110.865916,62.387058],[-110.922139,62.405603],[-111.034586,62.39324],[-111.137761,62.341726],[-111.096108,62.334956],[-111.12319,62.322298],[-111.31276,62.275789],[-111.329539,62.252534],[-111.219594,62.273139],[-111.383555,62.207496],[-111.425502,62.174527],[-111.525586,62.159809],[-111.58961,62.133905],[-111.579013,62.115949],[-111.523967,62.133905],[-111.50027,62.122719],[-111.709122,62.059137],[-111.726784,62.040297],[-111.496885,62.081803],[-111.466124,62.075032],[-111.493353,62.040592],[-111.556494,62.018809],[-111.610068,61.971416],[-111.59638,61.951399],[-111.818331,61.897531],[-111.843352,61.883107],[-111.808764,61.883107],[-111.854685,61.848961],[-112.052056,61.763006],[-112.082375,61.725622],[-112.135802,61.710904],[-112.155083,61.698835],[-112.151257,61.677052],[-112.202623,61.655858],[-112.209688,61.614058],[-112.686263,61.464815],[-112.644758,61.458045],[-112.702748,61.443915],[-112.884959,61.44421],[-112.871566,61.417128],[-112.957078,61.389164],[-113.006826,61.394168],[-112.984896,61.436851],[-113.011094,61.449508],[-113.007856,61.464815],[-113.074971,61.485715],[-113.111325,61.490425],[-113.138112,61.479239],[-113.089689,61.458045],[-113.208907,61.466582],[-113.338427,61.454513],[-113.419377,61.416245],[-113.391413,61.416245],[-113.410546,61.398878],[-113.508717,61.382982],[-113.532266,61.372385],[-113.529175,61.348247],[-113.57539,61.348247],[-113.665613,61.313807],[-113.70962,61.26347],[-113.693136,61.224614],[-113.700495,61.218433],[-113.67253,61.197238],[-113.736407,61.178399],[-113.74774,61.163092],[-113.655163,61.162798],[-113.626168,61.139837],[-113.631614,61.094211],[-113.687249,61.039754],[-113.762017,61.005607],[-114.042988,60.969989],[-114.089939,60.99295],[-114.185166,60.999426],[-114.215632,61.017971],[-114.431548,60.952622],[-114.545173,60.941142],[-114.576964,60.922891],[-114.669689,60.91406],[-114.703394,60.899636],[-114.796118,60.930544],[-114.881337,60.906407],[-115.180852,60.871083],[-115.262833,60.847828],[-115.543362,60.834876],[-115.67715,60.861663],[-115.943108,60.843707],[-116.398784,60.942319],[-116.472228,60.983824],[-116.502989,60.985591],[-116.499456,61.018559],[-116.537135,61.032689],[-116.636336,61.012378],[-116.673573,61.027096],[-116.706689,61.020914],[-116.746281,61.047407],[-117.078912,61.046524],[-117.199896,61.063303],[-117.304248,61.108635],[-117.38299,61.181343],[-117.456728,61.199299],[-117.50677,61.263176],[-117.595668,61.270829],[-117.688393,61.307331],[-117.605971,61.307331],[-117.073172,61.151023],[-117.01739,61.153672],[-116.941738,61.183698],[-116.763059,61.224614],[-116.701537,61.224614],[-116.797647,61.291141],[-116.794409,61.317339],[-116.753051,61.333235],[-116.540814,61.320871],[-116.420125,61.273184],[-116.205828,61.273479],[-116.180807,61.265531],[-116.176686,61.24522],[-116.091026,61.226086],[-115.994622,61.181637],[-115.955324,61.178399],[-115.933836,61.197238],[-115.96077,61.204303],[-115.961653,61.224614],[-116.009193,61.226969],[-116.023175,61.239038],[-115.875552,61.274656],[-115.851855,61.310569],[-115.903369,61.324698],[-115.925005,61.34707],[-116.064092,61.375623],[-116.033331,61.39299],[-115.962831,61.398878],[-115.941195,61.410358],[-115.946935,61.424782],[-115.937074,61.429197],[-115.907049,61.423899],[-115.892772,61.402705],[-115.862158,61.402705],[-115.720274,61.43479],[-115.707911,61.454513],[-115.756187,61.472174],[-115.7372,61.508676],[-115.769875,61.519567],[-115.711591,61.555185],[-115.721452,61.567843],[-115.694223,61.589037],[-115.705703,61.598457],[-115.697461,61.605816],[-115.660077,61.608759],[-115.656839,61.652031],[-115.515397,61.705016],[-115.570002,61.713847],[-115.578097,61.725622],[-115.552634,61.749171],[-115.37528,61.778902],[-115.223682,61.77743],[-115.187181,61.759768],[-115.228098,61.745933],[-115.140377,61.732981],[-115.084448,61.736219],[-115.046328,61.757413],[-114.954339,61.752115],[-114.859995,61.779491],[-114.84042,61.764184],[-114.800828,61.79156],[-114.762561,61.793031],[-114.68058,61.828061],[-114.734596,61.841601],[-114.61847,61.862207],[-114.686762,61.889288],[-114.654971,61.904301],[-114.639075,61.934032],[-114.752405,61.93727],[-114.767859,61.94404],[-114.760059,61.971416],[-114.789789,62.012921],[-114.885458,62.034116],[-114.913422,62.061491],[-114.94698,62.052366],[-115.022631,62.088573],[-115.063548,62.12949],[-115.028813,62.150095],[-115.070466,62.163636],[-115.036319,62.17806],[-115.166576,62.218388],[-115.166576,62.252534],[-115.303749,62.224275],[-115.331125,62.231928],[-115.328917,62.246941],[-115.276521,62.273139],[-115.235457,62.321415],[-115.283144,62.325242],[-115.309931,62.352323],[-115.298745,62.398833],[-115.305957,62.426209],[-115.259595,62.480077],[-115.341281,62.492735],[-115.497441,62.47419],[-115.599438,62.484493],[-115.700994,62.478311],[-115.714093,62.494207],[-115.700994,62.505687],[-115.776056,62.533651],[-115.696137,62.554257],[-115.728958,62.568386],[-115.804168,62.560144],[-115.823891,62.568386],[-115.804021,62.609303],[-115.858626,62.615485],[-116.054231,62.70556],[-116.030681,62.753247],[-115.987557,62.785922],[-115.924858,62.778857],[-115.766195,62.725577],[-115.759425,62.712331],[-115.688042,62.698201],[-115.776056,62.657284],[-115.704526,62.664055],[-115.309931,62.615485],[-115.224271,62.58281],[-115.198661,62.561027],[-115.193951,62.529236],[-115.078855,62.488025],[-114.958166,62.466831],[-114.864999,62.46477],[-114.87648,62.44652],[-114.803477,62.431213],[-114.734302,62.400305],[-114.706779,62.368219],[-114.67381,62.376755],[-114.598011,62.355561],[-114.383125,62.378522],[-114.340884,62.417672],[-114.241242,62.403837],[-114.248012,62.382937],[-114.214455,62.376755],[-114.255519,62.362332],[-114.228143,62.34938],[-114.258757,62.334956],[-114.253016,62.318471],[-114.214455,62.321415],[-114.138803,62.294039],[-114.159261,62.280498],[-114.142041,62.273139],[-114.066242,62.286974],[-113.892273,62.211617],[-113.8961,62.194544],[-113.850768,62.163636],[-113.74774,62.157454],[-113.799696,62.138615],[-113.788657,62.122719],[-113.741559,62.109178],[-113.741117,62.091222],[-113.564499,62.062963],[-113.535504,62.047656],[-113.593346,62.036765],[-113.587312,62.023224],[-113.543746,62.010272],[-113.477367,62.017337],[-113.426148,62.040297],[-113.357855,62.00674],[-113.269693,61.993199],[-113.218768,61.999086],[-113.146649,62.033821],[-113.015362,62.012921],[-113.028903,62.034116],[-112.93191,62.075327],[-112.897911,62.068262],[-112.919105,62.040297],[-112.88231,62.035587],[-112.706575,62.068262],[-112.64255,62.062375],[-112.439145,62.079448],[-112.33494,62.118892],[-112.256933,62.167463],[-112.205861,62.170701],[-112.129768,62.221626],[-111.972578,62.277555],[-111.932397,62.326419],[-111.728697,62.382054],[-111.702498,62.400305],[-111.668794,62.387647]],[[-116.554208,61.081259],[-116.461336,61.122175],[-116.46634,61.134833],[-116.554208,61.139543],[-116.696092,61.19194],[-116.843715,61.17575],[-116.895818,61.154261],[-116.907003,61.122175],[-116.885809,61.103631],[-116.742601,61.067718],[-116.653703,61.085086],[-116.554208,61.081259]],[[-113.330038,61.903124],[-113.078651,61.924612],[-113.069378,61.930499],[-113.140762,61.950811],[-113.398919,61.94404],[-113.330038,61.903124]],[[-113.199634,61.793031],[-112.942655,61.810693],[-112.925876,61.807455],[-112.933382,61.800685],[-112.891141,61.804806],[-112.562189,61.876336],[-112.594569,61.88399],[-113.001969,61.823056],[-113.129134,61.81923],[-113.174466,61.811282],[-113.199634,61.793031]],[[-112.713639,61.656741],[-112.692298,61.643494],[-112.606785,61.654091],[-112.579556,61.667043],[-112.53496,61.725622],[-112.482416,61.736808],[-112.466521,61.745933],[-112.468728,61.758591],[-112.53496,61.745933],[-112.569695,61.766539],[-112.635927,61.763595],[-112.775014,61.705016],[-112.702748,61.701484],[-112.747786,61.67087],[-112.692592,61.67087],[-112.713639,61.656741]],[[-112.233531,61.806278],[-112.290344,61.796564],[-112.453274,61.708254],[-112.491394,61.715908],[-112.510675,61.705016],[-112.558804,61.622595],[-112.609434,61.61082],[-112.634897,61.6223],[-112.678904,61.608759],[-112.661978,61.592569],[-112.692592,61.582267],[-112.663009,61.570786],[-112.502139,61.592275],[-112.42531,61.625244],[-112.319927,61.647321],[-112.308447,61.655269],[-112.316836,61.677935],[-112.350541,61.663511],[-112.422219,61.68706],[-112.383951,61.714142],[-112.28843,61.732392],[-112.233531,61.806278]],[[-112.355104,61.843368],[-112.158763,61.930499],[-112.048818,61.951399],[-111.93902,61.992316],[-112.175836,61.958464],[-112.227055,61.937858],[-112.459161,61.896353],[-112.578673,61.839541],[-112.870977,61.790088],[-112.919989,61.766539],[-112.933382,61.745933],[-112.678904,61.780079],[-112.727327,61.759768],[-112.702601,61.752409],[-112.620915,61.780079],[-112.496546,61.797741],[-112.414712,61.841307],[-112.355104,61.843368]],[[-111.788306,62.008506],[-111.817595,62.012038],[-111.885593,61.992021],[-111.945202,61.951399],[-112.091059,61.90224],[-112.212779,61.83542],[-112.075311,61.850138],[-111.993919,61.893998],[-111.878823,61.927556],[-111.788306,62.008506]],[[-111.99333,62.036176],[-112.000542,62.019692],[-111.988179,62.012038],[-111.945202,62.034116],[-111.916207,62.028523],[-111.926068,62.012921],[-111.892658,62.016748],[-111.780652,62.074738],[-111.719277,62.088573],[-111.657902,62.12949],[-111.801846,62.122719],[-111.99333,62.036176]],[[-112.774425,61.95346],[-112.760885,61.937858],[-112.775014,61.916664],[-112.752643,61.916664],[-112.611642,61.934032],[-112.55586,61.954932],[-112.469611,61.956109],[-112.402791,61.994082],[-112.353779,62.004679],[-112.129326,62.029406],[-112.096063,62.047656],[-112.100184,62.057959],[-112.281071,62.019103],[-112.321693,62.017337],[-112.343182,62.034116],[-112.185844,62.082097],[-112.062064,62.0924],[-112.033658,62.100642],[-112.027771,62.116538],[-112.052203,62.131844],[-112.088115,62.127429],[-112.333174,62.077976],[-112.418834,62.040297],[-112.67964,62.023224],[-112.741015,62.00674],[-112.686263,61.992316],[-112.774425,61.95346]],[[-111.791102,62.240759],[-111.863368,62.17806],[-111.750774,62.181003],[-111.597999,62.229573],[-111.575922,62.252534],[-111.612276,62.265191],[-111.624639,62.275494],[-111.616986,62.28668],[-111.637297,62.294039],[-111.602709,62.334956],[-111.647747,62.345847],[-111.712507,62.334956],[-111.726784,62.304342],[-111.678361,62.30758],[-111.726048,62.269313],[-111.791102,62.240759]],[[-111.376637,62.328185],[-111.390914,62.294039],[-111.260069,62.328185],[-111.25639,62.34673],[-111.188686,62.400305],[-111.134081,62.420616],[-111.088749,62.46271],[-111.335721,62.355561],[-111.376637,62.328185]]]},"properties":{"name":"Great Slave Lake","nameZh":"大奴湖","rank":0}},{"type":"Feature","geometry":{"type":"Polygon","coordinates":[[[-111.702498,62.400305],[-111.613895,62.533946],[-111.529707,62.562499],[-111.460384,62.693197],[-111.376637,62.712331],[-111.31747,62.760018],[-111.192365,62.807999],[-110.746698,62.917797],[-110.450421,62.953709],[-110.341947,62.945173],[-109.924245,62.951354],[-109.95898,62.924861],[-109.69832,62.924861],[-109.622522,62.911026],[-109.643127,62.889832],[-109.620608,62.882767],[-109.495651,62.863339],[-109.257804,62.861867],[-109.231606,62.855686],[-109.225424,62.841556],[-109.088251,62.835375],[-108.964765,62.801228],[-109.163902,62.725577],[-109.079273,62.73323],[-108.9368,62.793869],[-108.902507,62.792986],[-108.932091,62.758546],[-109.013041,62.732936],[-108.978453,62.70556],[-109.015837,62.68466],[-109.237788,62.598706],[-109.335222,62.582222],[-109.29931,62.61519],[-109.198932,62.639917],[-109.163902,62.664055],[-109.280029,62.643449],[-109.275761,62.658168],[-109.211736,62.698201],[-109.282973,62.679067],[-109.300487,62.684366],[-109.294306,62.719395],[-109.306669,62.729698],[-109.663585,62.767082],[-109.774266,62.807999],[-109.84094,62.79799],[-109.944703,62.822128],[-110.453953,62.83302],[-110.513267,62.814769],[-110.633368,62.83773],[-110.699011,62.82831],[-110.746698,62.801228],[-110.627628,62.799757],[-110.575378,62.773853],[-110.81661,62.759723],[-111.419762,62.628142],[-111.459207,62.602533],[-111.476574,62.56456],[-111.668794,62.387647],[-111.702498,62.400305]]]},"properties":{"name":"McLeod Bay","nameZh":"麦克利奥德","rank":0}},{"type":"Feature","geometry":{"type":"Polygon","coordinates":[[[-96.371279,51.337806],[-96.260451,51.217117],[-96.263836,51.204754],[-96.335661,51.196217],[-96.362154,51.164426],[-96.308285,51.117328],[-96.384084,51.121449],[-96.419996,51.101138],[-96.390854,51.009002],[-96.349937,50.77616],[-96.350085,50.752905],[-96.379963,50.713754],[-96.294008,50.623973],[-96.424264,50.630155],[-96.479899,50.662241],[-96.520227,50.731711],[-96.53524,50.732888],[-96.561585,50.71346],[-96.558053,50.670483],[-96.59735,50.661358],[-96.581896,50.583057],[-96.616043,50.541846],[-96.566589,50.481207],[-96.568208,50.465017],[-96.605446,50.42881],[-96.650483,50.399962],[-96.708914,50.387893],[-96.769995,50.387893],[-96.917766,50.42881],[-96.969574,50.558919],[-96.938224,50.603368],[-96.972959,50.623973],[-96.986647,50.702863],[-96.972959,50.780869],[-96.94573,50.828851],[-96.976933,50.888018],[-96.91026,50.997521],[-96.93896,51.025192],[-96.944111,51.048741],[-96.924536,51.062576],[-96.920709,51.093778],[-96.869049,51.096428],[-96.844764,51.113501],[-96.828426,51.172079],[-96.756307,51.237134],[-96.671383,51.261272],[-96.611922,51.34546],[-96.630172,51.35223],[-96.688309,51.33604],[-96.705529,51.343105],[-96.698465,51.362533],[-96.734377,51.367243],[-96.773675,51.343105],[-96.798254,51.293357],[-96.893481,51.212113],[-96.951912,51.186209],[-96.982232,51.189152],[-96.988708,51.210052],[-96.979141,51.26451],[-96.907757,51.327504],[-96.932043,51.343105],[-96.870079,51.41493],[-96.826955,51.437007],[-96.802081,51.489109],[-96.761753,51.511187],[-96.744974,51.53503],[-96.725988,51.582717],[-96.733641,51.612742],[-96.778973,51.59979],[-96.801639,51.610682],[-96.775146,51.6463],[-96.78177,51.669849],[-96.828426,51.678386],[-96.825483,51.721068],[-96.855655,51.73402],[-96.898779,51.725189],[-96.97134,51.682801],[-97.095856,51.659252],[-97.089527,51.642179],[-97.101302,51.620985],[-97.137509,51.590371],[-97.120141,51.518251],[-97.203593,51.453491],[-97.238181,51.437301],[-97.269089,51.440245],[-97.287782,51.473508],[-97.274682,51.545922],[-97.301469,51.580068],[-97.296171,51.644534],[-97.221255,51.807023],[-97.239947,51.870311],[-97.336057,52.008073],[-97.335321,52.03957],[-97.371823,52.052817],[-97.420834,52.040748],[-97.521065,51.987468],[-97.538727,51.925063],[-97.584353,51.923591],[-97.568899,51.967157],[-97.610405,51.994238],[-97.585825,52.022792],[-97.541229,52.038099],[-97.479413,52.130823],[-97.548294,52.138477],[-97.651321,52.10433],[-97.671632,52.113161],[-97.689441,52.148485],[-97.760678,52.130823],[-97.778487,52.101681],[-97.763474,52.086963],[-97.712255,52.083725],[-97.774218,52.001892],[-97.778487,51.964508],[-97.805274,51.929184],[-97.805421,51.913583],[-97.75376,51.870311],[-97.780253,51.863246],[-97.87754,51.888562],[-97.928759,51.912111],[-97.91831,51.925357],[-97.93082,51.932127],[-97.962611,51.925357],[-98.032228,51.945963],[-98.048566,52.086963],[-98.059899,52.109923],[-98.137464,52.138477],[-98.132312,52.19264],[-98.144823,52.234439],[-98.202371,52.295373],[-98.324974,52.320688],[-98.416226,52.364843],[-98.466416,52.432546],[-98.470095,52.504077],[-98.609182,52.578257],[-98.661873,52.635658],[-98.720157,52.652436],[-98.737819,52.676574],[-98.802138,52.713664],[-98.829514,52.758408],[-98.816856,52.791082],[-98.891477,52.844068],[-98.908403,52.892932],[-98.890594,52.923546],[-98.733109,52.978592],[-98.52205,53.005085],[-98.445957,53.040997],[-98.43904,53.056304],[-98.696608,53.071611],[-98.781679,53.091039],[-98.819211,53.039231],[-98.83702,53.032461],[-98.925329,53.06955],[-99.011872,53.040408],[-99.042339,53.050122],[-99.083403,53.118415],[-99.138596,53.138432],[-99.164794,53.169929],[-99.192906,53.174344],[-99.206153,53.191712],[-99.25119,53.19024],[-99.252956,53.20849],[-99.206153,53.268541],[-99.226611,53.275311],[-99.206153,53.302687],[-99.213659,53.323881],[-99.193201,53.378338],[-99.144778,53.412779],[-99.093558,53.430441],[-99.07678,53.458111],[-99.072511,53.474301],[-99.087818,53.487253],[-99.027179,53.579978],[-99.056027,53.60441],[-98.973458,53.700667],[-99.010106,53.771315],[-99.004513,53.786621],[-98.954766,53.814292],[-98.961242,53.85668],[-98.923563,53.879641],[-98.833193,53.899363],[-98.744001,53.889943],[-98.705145,53.871398],[-98.69234,53.837841],[-98.65422,53.850793],[-98.376929,53.857269],[-98.276551,53.840196],[-98.066669,53.765722],[-98.04518,53.752181],[-98.013978,53.700667],[-97.989546,53.691542],[-97.885046,53.70626],[-97.87857,53.720095],[-97.904622,53.749237],[-98.031934,53.777202],[-98.090218,53.837841],[-98.241669,53.885822],[-98.27449,53.920263],[-98.288031,53.976192],[-98.31835,53.992088],[-98.279641,54.062735],[-98.232543,54.094821],[-98.205903,54.178126],[-98.149385,54.234938],[-98.15439,54.25937],[-98.106997,54.312061],[-98.038852,54.356216],[-98.030315,54.408613],[-97.993372,54.413911],[-97.911539,54.362103],[-97.9214,54.344441],[-97.993372,54.324425],[-97.979096,54.312945],[-97.798503,54.317949],[-97.822494,54.284391],[-97.886077,54.24789],[-98.149238,54.186662],[-98.157922,54.12514],[-98.17838,54.08805],[-98.151004,54.05361],[-98.233573,54.015931],[-98.099343,53.928799],[-98.068435,53.926444],[-98.03841,53.943812],[-98.048566,53.967655],[-98.031051,53.988261],[-97.910067,54.04213],[-97.836035,54.025056],[-97.771716,54.078336],[-97.736687,54.090994],[-97.725795,54.050077],[-97.773482,54.001213],[-97.890934,53.981785],[-97.968793,53.984729],[-97.98042,53.964417],[-97.963494,53.927033],[-97.93185,53.899363],[-97.956724,53.874342],[-97.954222,53.862862],[-97.901531,53.834308],[-97.881808,53.778674],[-97.815282,53.721273],[-97.821464,53.708615],[-97.808512,53.690659],[-97.83265,53.614713],[-97.792174,53.575268],[-97.719761,53.536118],[-97.665009,53.481366],[-97.672515,53.411896],[-97.591713,53.366564],[-97.579349,53.336244],[-97.589358,53.299743],[-97.558891,53.265303],[-97.516944,53.247641],[-97.418626,53.173755],[-97.446002,53.141964],[-97.418626,53.111056],[-97.426574,53.088095],[-97.409648,53.048945],[-97.332672,53.01892],[-97.338118,53.001847],[-97.383891,52.987423],[-97.390809,52.9677],[-97.435111,52.963874],[-97.435111,52.947389],[-97.377121,52.899408],[-97.405086,52.872032],[-97.35784,52.83141],[-97.308681,52.754581],[-97.241861,52.723673],[-97.197559,52.684228],[-97.198295,52.63919],[-97.151344,52.588559],[-97.103362,52.487887],[-97.098947,52.440494],[-97.04184,52.421949],[-97.031832,52.405171],[-97.05494,52.385448],[-97.027564,52.354246],[-97.068627,52.330108],[-97.000335,52.27565],[-97.009019,52.250924],[-97.089086,52.240915],[-97.036395,52.19264],[-97.011079,52.140832],[-96.951912,52.097266],[-96.965894,52.080487],[-96.959566,52.070184],[-96.869343,52.014844],[-96.825336,51.967157],[-96.820626,51.95862],[-96.86743,51.892977],[-96.863161,51.867073],[-96.787363,51.864129],[-96.715391,51.826745],[-96.680656,51.778469],[-96.75145,51.762279],[-96.787363,51.768461],[-96.7828,51.75757],[-96.54098,51.542684],[-96.579247,51.494114],[-96.542304,51.479395],[-96.479458,51.391086],[-96.455173,51.386671],[-96.445459,51.359],[-96.428533,51.349581],[-96.371279,51.337806]],[[-96.662405,51.071112],[-96.599411,51.200044],[-96.619575,51.202104],[-96.694049,51.205637],[-96.713919,51.19239],[-96.768376,51.086125],[-96.841673,51.060515],[-96.850062,51.041676],[-96.832106,51.013417],[-96.785596,51.011651],[-96.691841,51.041676],[-96.662405,51.071112]],[[-96.360682,51.219472],[-96.334925,51.24096],[-96.336397,51.262449],[-96.441632,51.261272],[-96.548486,51.213585],[-96.568208,51.199161],[-96.571299,51.180321],[-96.429563,51.195628],[-96.360682,51.219472]],[[-97.137509,51.685745],[-97.082904,51.747267],[-97.090999,51.759336],[-97.150166,51.746678],[-97.163413,51.680152],[-97.205212,51.601557],[-97.15885,51.62069],[-97.137509,51.659252],[-97.137509,51.685745]],[[-97.313686,52.277417],[-97.219342,52.336878],[-97.226259,52.358072],[-97.257756,52.365137],[-97.343858,52.321277],[-97.349745,52.289191],[-97.313686,52.277417]],[[-97.89844,52.33364],[-97.89844,52.374557],[-97.929054,52.411058],[-97.91831,52.453741],[-97.959226,52.542344],[-97.977624,52.54676],[-98.019276,52.516735],[-98.013978,52.439317],[-98.044592,52.452563],[-98.052245,52.422538],[-98.021779,52.361605],[-97.969676,52.316861],[-97.966144,52.295962],[-97.89844,52.33364]]]},"properties":{"name":"Lake Winnipeg","nameZh":"溫尼伯湖","rank":0}},{"type":"Feature","geometry":{"type":"Polygon","coordinates":[[[-83.076765,42.30436],[-83.098253,42.262855],[-83.12401,42.090063],[-83.10679,42.055622],[-82.989486,42.023537],[-82.918838,41.988802],[-82.874242,41.984386],[-82.829352,41.989685],[-82.712489,42.035311],[-82.622708,42.03796],[-82.548675,41.98733],[-82.499075,41.913739],[-82.506581,41.928163],[-82.486712,42.035017],[-82.386922,42.125975],[-82.08461,42.254907],[-81.92374,42.263738],[-81.931247,42.284343],[-81.855595,42.32526],[-81.859127,42.301416],[-81.8971,42.256379],[-81.856625,42.259028],[-81.814531,42.377068],[-81.79319,42.404738],[-81.656899,42.482745],[-81.540184,42.571643],[-81.35915,42.649355],[-81.229041,42.669666],[-80.932469,42.666722],[-80.511234,42.572231],[-80.358312,42.579296],[-80.109721,42.542501],[-80.046139,42.558102],[-80.095592,42.571348],[-80.300028,42.582534],[-80.341092,42.60314],[-80.443383,42.599607],[-80.453833,42.618152],[-80.403938,42.671726],[-80.370381,42.688211],[-80.347862,42.6679],[-80.318426,42.720591],[-80.231735,42.777697],[-80.187728,42.792416],[-79.834638,42.832449],[-79.717334,42.867184],[-79.64286,42.845107],[-79.57913,42.861591],[-79.495531,42.85747],[-79.446961,42.880725],[-79.202933,42.880136],[-79.094901,42.850111],[-79.07665,42.870422],[-78.943451,42.898975],[-78.915339,42.931944],[-79.04221,43.009951],[-79.031907,43.055283],[-79.075473,43.08884],[-79.066201,43.106208],[-79.026167,43.086485],[-78.914897,43.076477],[-78.887963,43.051456],[-78.893114,43.029379],[-78.927997,43.002003],[-78.936386,42.979631],[-78.90901,42.952255],[-78.901651,42.908101],[-78.869418,42.854526],[-78.880604,42.780641],[-79.031318,42.714115],[-79.156129,42.576941],[-79.235166,42.556924],[-79.255918,42.535436],[-79.368365,42.489809],[-79.470804,42.407093],[-79.560144,42.358229],[-79.628436,42.338801],[-79.751775,42.27198],[-79.889095,42.229591],[-80.135478,42.125975],[-80.116639,42.151291],[-80.067333,42.167186],[-80.089557,42.174251],[-80.210688,42.092418],[-80.375827,42.023537],[-80.869328,41.893428],[-80.895968,41.872822],[-81.026224,41.845446],[-81.348406,41.729467],[-81.672206,41.522234],[-81.743001,41.497508],[-81.807761,41.509577],[-81.839111,41.492209],[-81.877525,41.490149],[-82.04075,41.511049],[-82.173214,41.48279],[-82.250926,41.450115],[-82.363079,41.438929],[-82.458158,41.393597],[-82.546468,41.411554],[-82.684672,41.495447],[-82.60902,41.427744],[-82.683936,41.464539],[-82.759587,41.462773],[-82.787699,41.476019],[-82.925609,41.432453],[-82.959019,41.454531],[-82.979477,41.443639],[-82.992576,41.458063],[-83.061458,41.46189],[-82.992576,41.476019],[-82.979183,41.46866],[-82.939738,41.49427],[-82.845394,41.504573],[-82.821845,41.495447],[-82.766358,41.51517],[-82.69836,41.51723],[-82.71087,41.543134],[-82.758999,41.551671],[-82.785638,41.543723],[-82.845836,41.591704],[-82.855991,41.550788],[-82.884545,41.536364],[-82.937825,41.53136],[-82.989486,41.543723],[-83.018922,41.553731],[-83.095604,41.619669],[-83.218501,41.646162],[-83.314758,41.708861],[-83.366272,41.701502],[-83.459144,41.721519],[-83.466208,41.746246],[-83.453109,41.76744],[-83.424556,41.763613],[-83.412634,41.82749],[-83.370834,41.877532],[-83.335805,41.887246],[-83.309607,41.935227],[-83.287088,41.94347],[-83.260153,41.934344],[-83.252794,41.95966],[-83.266924,41.98262],[-83.221297,41.994689],[-83.199367,42.03796],[-83.178173,42.016766],[-83.199367,42.065336],[-83.191861,42.105664],[-83.125482,42.268448],[-83.076765,42.30436]],[[-79.022046,43.010539],[-78.964351,42.976393],[-78.91269,43.037032],[-78.917399,43.058521],[-78.958905,43.070884],[-79.011449,43.065291],[-79.022046,43.010539]],[[-83.157715,42.092418],[-83.141819,42.137161],[-83.143438,42.194856],[-83.169784,42.102426],[-83.157715,42.092418]],[[-82.67481,41.729467],[-82.622708,41.749778],[-82.644344,41.838087],[-82.684377,41.795404],[-82.685849,41.744479],[-82.67481,41.729467]]]},"properties":{"name":"Lake Erie","nameZh":"伊利湖","rank":0}},{"type":"Feature","geometry":{"type":"Polygon","coordinates":[[[-76.060301,43.988417],[-76.133451,43.956626],[-76.145814,43.916887],[-76.215873,43.860369],[-76.243249,43.874498],[-76.228972,43.901285],[-76.278425,43.883918],[-76.303152,43.858603],[-76.243249,43.819158],[-76.209691,43.737325],[-76.220435,43.69523],[-76.209691,43.648132],[-76.191735,43.671387],[-76.168186,43.668443],[-76.210427,43.623406],[-76.215431,43.601328],[-76.188055,43.58661],[-76.246339,43.538334],[-76.33406,43.520967],[-76.419278,43.533919],[-76.490367,43.484171],[-76.633134,43.427065],[-76.667869,43.401455],[-76.712759,43.338755],[-76.751027,43.353768],[-76.762507,43.338461],[-76.826973,43.316678],[-76.930147,43.300783],[-76.956346,43.256922],[-76.983722,43.263104],[-76.983133,43.284298],[-77.366689,43.297839],[-77.538009,43.256922],[-77.583194,43.257217],[-77.748774,43.344643],[-78.106573,43.394096],[-78.226968,43.379966],[-78.380185,43.396156],[-78.689414,43.361422],[-78.990696,43.286947],[-79.174379,43.259572],[-79.330392,43.190102],[-79.395005,43.209824],[-79.593701,43.216006],[-79.692313,43.241321],[-79.740442,43.261926],[-79.772527,43.291657],[-79.774735,43.329336],[-79.616956,43.49418],[-79.589286,43.571009],[-79.508188,43.600151],[-79.470804,43.648132],[-79.371456,43.6446],[-79.135082,43.784423],[-79.09652,43.825045],[-79.041032,43.829755],[-78.952723,43.865667],[-78.854847,43.863312],[-78.607434,43.915415],[-78.501316,43.901285],[-78.279512,43.958686],[-77.906553,43.985768],[-77.803231,44.019031],[-77.675183,44.004313],[-77.737147,44.025507],[-77.708888,44.044641],[-77.675183,44.031689],[-77.600709,44.045229],[-77.531828,44.017854],[-77.579515,44.004313],[-77.47737,43.948678],[-77.318414,43.972227],[-77.291626,43.956626],[-77.250563,43.970167],[-77.264251,43.947795],[-77.283973,43.94544],[-77.325773,43.962513],[-77.300457,43.923363],[-77.256156,43.921008],[-77.168141,43.956626],[-77.236286,43.88068],[-77.168141,43.874498],[-77.164903,43.860369],[-77.122809,43.861841],[-77.085424,43.887156],[-76.924849,43.937198],[-76.849786,43.946912],[-76.856556,43.959569],[-76.887317,43.965751],[-76.971064,43.951622],[-77.003591,43.962513],[-77.041564,43.938081],[-77.044508,43.956626],[-77.013011,43.988123],[-77.017279,43.997248],[-76.901152,44.052],[-76.890555,44.082319],[-76.850227,44.115877],[-76.890997,44.108223],[-77.009037,44.049645],[-77.062611,44.05877],[-77.133994,44.045229],[-77.091606,44.105574],[-77.066291,44.182403],[-77.171526,44.150906],[-77.262337,44.144724],[-77.298985,44.120881],[-77.264251,44.10734],[-77.306492,44.094683],[-77.340049,44.10734],[-77.318855,44.127063],[-77.333132,44.140898],[-77.305314,44.154438],[-77.415112,44.148257],[-77.586432,44.079376],[-77.583636,44.099392],[-77.555965,44.123825],[-77.336223,44.181226],[-77.293981,44.168862],[-77.236286,44.195355],[-77.192279,44.168568],[-77.014188,44.217138],[-76.99947,44.215077],[-77.039651,44.180637],[-77.049218,44.141486],[-77.039356,44.136188],[-76.921758,44.203009],[-76.887464,44.182403],[-76.906745,44.166802],[-77.003738,44.146491],[-77.072472,44.092916],[-77.031556,44.085557],[-77.044508,44.066424],[-76.973713,44.076726],[-76.836687,44.164152],[-76.637991,44.235977],[-76.616502,44.22332],[-76.544236,44.22538],[-76.477121,44.259232],[-76.441356,44.24628],[-76.307273,44.310746],[-76.235742,44.33194],[-76.168186,44.332529],[-76.108283,44.36226],[-75.973905,44.38522],[-75.844532,44.487659],[-75.811858,44.504437],[-75.791988,44.497078],[-75.770205,44.446153],[-75.845415,44.40141],[-75.852922,44.381099],[-75.908998,44.363731],[-76.053825,44.265708],[-76.183493,44.223025],[-76.366146,44.117349],[-76.3607,44.09586],[-76.311541,44.072605],[-76.304329,44.033455],[-76.28755,44.037282],[-76.274746,44.062008],[-76.209691,44.085557],[-76.201007,44.072017],[-76.161268,44.077315],[-76.146991,44.066424],[-76.161268,44.045229],[-76.126533,44.05877],[-76.132715,44.045818],[-76.212193,43.9893],[-76.143901,43.983707],[-76.097833,44.006962],[-76.065158,44.007845],[-76.060301,43.988417]],[[-76.05147,44.340182],[-76.038371,44.329291],[-76.038665,44.308391],[-76.02174,44.300737],[-75.9533,44.337239],[-75.914297,44.381099],[-75.955213,44.360493],[-75.960659,44.376095],[-75.99613,44.340182],[-75.99613,44.353723],[-76.05147,44.340182]],[[-76.158325,44.285136],[-76.15803,44.267769],[-76.126533,44.268652],[-76.065305,44.303387],[-76.106075,44.312806],[-76.158325,44.285136]],[[-76.640493,44.175633],[-76.636813,44.198887],[-76.660068,44.200654],[-76.794298,44.162681],[-76.815198,44.1512],[-76.814609,44.132361],[-76.703193,44.124708],[-76.640493,44.175633]],[[-76.313896,44.288963],[-76.353194,44.264236],[-76.238686,44.279838],[-76.195414,44.312806],[-76.313896,44.288963]],[[-76.359964,44.237155],[-76.435027,44.22332],[-76.252815,44.216255],[-76.181285,44.240982],[-76.359964,44.237155]],[[-76.433261,44.120292],[-76.359964,44.154438],[-76.379686,44.161798],[-76.346276,44.189173],[-76.435468,44.214194],[-76.459606,44.206247],[-76.499345,44.166507],[-76.502289,44.150023],[-76.469173,44.148257],[-76.489631,44.120881],[-76.433261,44.120292]],[[-76.24163,43.996954],[-76.212782,44.042874],[-76.223968,44.043758],[-76.274451,44.019325],[-76.277395,43.976348],[-76.24163,43.996954]]]},"properties":{"name":"Lake Ontario","nameZh":"安大略湖","rank":0}},{"type":"Feature","geometry":{"type":"Polygon","coordinates":[[[-83.081622,42.30907],[-83.042618,42.340861],[-82.937972,42.366176],[-82.889991,42.403266],[-82.869679,42.461845],[-82.881307,42.516008],[-82.863498,42.557513],[-82.785197,42.581945],[-82.773422,42.599607],[-82.814339,42.631693],[-82.814781,42.652004],[-82.705277,42.702046],[-82.631392,42.68144],[-82.644344,42.640524],[-82.625357,42.616092],[-82.636985,42.599607],[-82.60902,42.579296],[-82.637132,42.568405],[-82.644344,42.551331],[-82.602544,42.515713],[-82.48627,42.505411],[-82.465665,42.482745],[-82.435345,42.50129],[-82.415917,42.496874],[-82.43093,42.461845],[-82.410471,42.424166],[-82.41106,42.3806],[-82.438878,42.339095],[-82.478764,42.32526],[-82.773422,42.310836],[-82.947686,42.343216],[-83.007589,42.319373],[-83.030549,42.328498],[-83.081622,42.30907]]]},"properties":{"name":"Lake Saint Clair","nameZh":"圣克莱尔湖","rank":0}},{"type":"Feature","geometry":{"type":"Polygon","coordinates":[[[-80.628391,27.011555],[-80.614703,26.937964],[-80.620443,26.897342],[-80.687411,26.814036],[-80.694181,26.748982],[-80.718319,26.7428],[-80.732007,26.769587],[-80.725237,26.69894],[-80.741721,26.687754],[-80.814135,26.703356],[-80.895968,26.748982],[-80.930997,26.778418],[-80.965585,26.847594],[-80.985307,26.858485],[-80.978684,26.879091],[-81.020042,26.872026],[-81.056838,26.885861],[-81.077885,26.945617],[-81.101287,26.964162],[-81.102023,26.975642],[-80.957932,27.050705],[-80.963966,27.062185],[-80.927171,27.074254],[-80.845043,27.172572],[-80.788525,27.196415],[-80.751877,27.187879],[-80.679169,27.113405],[-80.628391,27.011555]]]},"properties":{"name":"Lake Okeechobee","nameZh":"奧基喬比湖","rank":1}},{"type":"Feature","geometry":{"type":"Polygon","coordinates":[[[-84.788345,11.264251],[-84.767739,11.090282],[-84.819547,11.049366],[-84.898143,11.029055],[-84.934202,11.051721],[-85.15262,11.097936],[-85.257414,11.104706],[-85.295976,11.138852],[-85.408864,11.162401],[-85.497174,11.193604],[-85.562817,11.241291],[-85.628018,11.255421],[-85.750327,11.375521],[-85.802724,11.525058],[-85.833485,11.576866],[-85.863215,11.591879],[-85.86454,11.611896],[-85.844082,11.604831],[-85.860566,11.694906],[-85.87131,11.701088],[-85.86454,11.659582],[-85.919145,11.717867],[-85.884998,11.76467],[-85.898245,11.854157],[-85.927387,11.874763],[-85.904279,11.899784],[-85.891769,11.878589],[-85.901777,11.90832],[-85.936659,11.928337],[-85.936218,11.967193],[-85.87131,12.097891],[-85.817589,12.09583],[-85.775642,12.119968],[-85.669671,12.062861],[-85.653923,12.040195],[-85.618157,12.036369],[-85.59505,12.052264],[-85.563111,12.028421],[-85.432561,11.865049],[-85.410189,11.886243],[-85.367506,11.877706],[-85.295976,11.837673],[-85.272132,11.795284],[-85.186178,11.755251],[-85.103609,11.638388],[-85.065636,11.606303],[-85.057688,11.580104],[-84.958487,11.487379],[-84.925371,11.440281],[-84.898143,11.426152],[-84.886221,11.368162],[-84.850897,11.330778],[-84.857226,11.310172],[-84.826171,11.306346],[-84.788345,11.264251]],[[-85.878228,11.707858],[-85.781971,11.711096],[-85.792126,11.761727],[-85.844082,11.76938],[-85.87396,11.738472],[-85.857622,11.71404],[-85.878228,11.707858]],[[-85.452577,11.427329],[-85.448751,11.441459],[-85.472447,11.486202],[-85.535588,11.494444],[-85.549718,11.506808],[-85.561492,11.566858],[-85.597699,11.59129],[-85.672762,11.576866],[-85.713678,11.508868],[-85.658485,11.480903],[-85.590193,11.488263],[-85.566349,11.474427],[-85.547363,11.418793],[-85.505416,11.399953],[-85.452577,11.427329]]]},"properties":{"name":"Lago de Nicaragua","nameZh":"尼加拉瓜湖","rank":1}},{"type":"Feature","geometry":{"type":"MultiPolygon","coordinates":[[[[-100.268689,53.625781],[-100.261448,53.623838],[-100.268807,53.625604],[-100.268689,53.625781]]],[[[-100.285586,53.630314],[-100.283967,53.655335],[-100.378752,53.769843],[-100.453373,53.789271],[-100.466178,53.802811],[-100.462499,53.818707],[-100.18403,53.907016],[-100.173139,53.91673],[-100.181675,53.936158],[-100.241431,53.906133],[-100.296036,53.906133],[-100.325325,53.887],[-100.357411,53.898185],[-100.426439,53.865217],[-100.467797,53.899363],[-100.514012,53.904661],[-100.520636,53.937925],[-100.487814,53.961474],[-100.458672,53.965595],[-100.367566,53.951465],[-100.337541,53.924089],[-100.254825,53.955881],[-100.295741,53.973837],[-100.326502,54.009455],[-100.329593,54.030355],[-100.265422,54.08805],[-100.392293,54.194021],[-100.361385,54.228168],[-100.316494,54.242591],[-100.2326,54.180775],[-100.230687,54.205796],[-100.197865,54.252011],[-100.124863,54.269084],[-100.131633,54.255544],[-100.113824,54.227873],[-99.986953,54.194021],[-100.008736,54.16694],[-99.953396,54.168412],[-99.945007,54.200497],[-99.92499,54.207857],[-99.885839,54.200203],[-99.83565,54.209034],[-99.795175,54.190783],[-99.952954,54.126318],[-100.101903,54.10895],[-100.127512,54.100119],[-100.170931,54.052727],[-100.200515,54.063912],[-100.232012,54.047428],[-100.247613,54.012399],[-100.236574,53.997681],[-100.118534,54.008572],[-100.127512,53.968538],[-100.051272,53.961474],[-100.039203,53.94911],[-100.058042,53.920851],[-100.118534,53.912904],[-100.183147,53.880818],[-100.152092,53.857563],[-100.115443,53.8034],[-100.093808,53.796335],[-100.080414,53.834308],[-100.035376,53.857563],[-99.973854,53.857563],[-99.857875,53.926444],[-99.818871,53.910843],[-99.725852,54.020935],[-99.665213,54.055082],[-99.607224,54.063324],[-99.617674,54.022701],[-99.583527,54.015931],[-99.587354,53.991499],[-99.697741,53.937336],[-99.706277,53.892004],[-99.727471,53.871987],[-99.712606,53.857563],[-99.719818,53.829304],[-99.761029,53.783089],[-99.799002,53.786916],[-99.848455,53.829599],[-99.850516,53.857563],[-99.867883,53.856091],[-99.931319,53.818413],[-99.940444,53.790154],[-99.899086,53.76631],[-99.928228,53.739523],[-100.005057,53.749237],[-100.018303,53.704199],[-100.122655,53.668581],[-100.193597,53.694485],[-100.203164,53.688893],[-100.173139,53.659751],[-100.25821,53.6415],[-100.268689,53.625781],[-100.285586,53.630314]]]]},"properties":{"name":null,"nameZh":null,"rank":4}},{"type":"Feature","geometry":{"type":"Polygon","coordinates":[[[-103.640454,58.388121],[-103.571131,58.434631],[-103.557885,58.456414],[-103.509903,58.418147],[-103.387006,58.422562],[-103.229963,58.464067],[-103.194786,58.497919],[-103.249391,58.521468],[-103.215834,58.559441],[-103.18728,58.572393],[-103.170207,58.569155],[-103.168882,58.554143],[-103.188016,58.532066],[-103.152692,58.518525],[-103.06821,58.546489],[-103.057613,58.532066],[-103.024938,58.530299],[-102.920439,58.552082],[-102.975632,58.510871],[-102.927798,58.463184],[-102.804165,58.442579],[-102.766487,58.411671],[-102.85406,58.307171],[-102.873341,58.305405],[-102.871133,58.357213],[-102.886587,58.356919],[-103.016696,58.264489],[-102.986377,58.244177],[-103.037155,58.221511],[-103.037155,58.202966],[-102.893063,58.21533],[-102.897184,58.199728],[-102.950906,58.158517],[-103.064236,58.112891],[-103.064236,58.137618],[-103.016696,58.168526],[-103.048782,58.177946],[-103.146952,58.120544],[-103.245564,58.099056],[-103.277356,58.045482],[-103.243209,58.045482],[-103.304731,57.96983],[-103.256897,57.963648],[-103.305026,57.889763],[-103.249391,57.860327],[-103.246153,57.825297],[-103.20347,57.837955],[-103.15387,57.874162],[-103.174623,57.836483],[-103.292368,57.719621],[-103.407759,57.668107],[-103.270438,57.801748],[-103.276914,57.811168],[-103.304437,57.797038],[-103.317242,57.841193],[-103.36228,57.871218],[-103.515055,57.867391],[-103.537426,57.880343],[-103.526093,57.887997],[-103.530214,57.900066],[-103.557002,57.899477],[-103.626177,57.846786],[-103.68137,57.833245],[-103.734356,57.772312],[-103.757169,57.764364],[-103.804856,57.784675],[-103.866378,57.758182],[-103.8287,57.815878],[-103.766294,57.831185],[-103.68137,57.880343],[-103.632947,57.935684],[-103.737594,57.957467],[-103.76394,57.928913],[-103.800588,57.928619],[-103.832232,57.943043],[-103.82605,57.956878],[-103.749663,57.984254],[-103.718902,58.024876],[-103.56804,58.052252],[-103.555383,58.07639],[-103.592031,58.093169],[-103.516821,58.12496],[-103.530509,58.14115],[-103.557885,58.141444],[-103.652523,58.088164],[-103.666505,58.112008],[-103.69447,58.112302],[-103.743481,58.072269],[-103.798674,58.058434],[-103.753342,58.109947],[-103.643839,58.158812],[-103.626177,58.202966],[-103.64222,58.211503],[-103.64119,58.228282],[-103.595269,58.280384],[-103.555383,58.292453],[-103.571131,58.316002],[-103.691379,58.25919],[-103.688141,58.280384],[-103.594239,58.36575],[-103.596888,58.381645],[-103.640454,58.388121]],[[-103.503869,58.066087],[-103.578637,58.017811],[-103.592031,58.003976],[-103.578049,57.998383],[-103.585849,57.98396],[-103.531686,57.98396],[-103.401136,58.02311],[-103.42807,58.058434],[-103.400105,58.079628],[-103.503869,58.066087]]]},"properties":{"name":"Wollaston Lake","nameZh":"伍拉斯顿湖","rank":2}},{"type":"Feature","geometry":{"type":"Polygon","coordinates":[[[-101.515734,57.928913],[-101.550321,57.899477],[-101.525889,57.880343],[-101.544728,57.816172],[-101.58123,57.781437],[-101.629064,57.767308],[-101.669097,57.703136],[-101.724143,57.687535],[-101.725909,57.645735],[-101.749017,57.637787],[-101.762852,57.607173],[-101.829378,57.571555],[-101.890459,57.557426],[-101.934172,57.503557],[-102.085475,57.501202],[-102.094895,57.494138],[-102.08577,57.430555],[-102.167456,57.346661],[-102.025278,57.332237],[-101.95463,57.346661],[-101.940354,57.311926],[-101.893108,57.311926],[-101.872061,57.298091],[-101.844685,57.305745],[-101.831145,57.291615],[-101.824963,57.27101],[-101.861464,57.247166],[-101.908857,57.235686],[-101.926813,57.264534],[-102.067225,57.190354],[-102.057658,57.154736],[-102.068402,57.119412],[-102.00482,57.070253],[-101.986863,57.048176],[-101.988041,57.027865],[-101.951687,57.041111],[-101.956691,56.988714],[-102.058688,56.981061],[-102.122565,56.931608],[-102.173196,56.860077],[-102.196303,56.848891],[-102.314785,56.856251],[-102.424583,56.792079],[-102.434444,56.774417],[-102.423847,56.75911],[-102.345693,56.777361],[-102.315815,56.75911],[-102.228389,56.75705],[-102.293885,56.729674],[-102.379839,56.736444],[-102.432383,56.702887],[-102.448868,56.676983],[-102.502736,56.640187],[-102.479334,56.624586],[-102.407068,56.634006],[-102.43989,56.598682],[-102.574708,56.600154],[-102.585306,56.552172],[-102.658161,56.550406],[-102.726306,56.526563],[-102.733959,56.507135],[-102.7684,56.497126],[-102.820355,56.513905],[-102.882908,56.465924],[-102.938395,56.460036],[-102.955174,56.448556],[-102.912933,56.417059],[-102.914257,56.400575],[-102.967685,56.357009],[-103.059673,56.362013],[-103.092348,56.42118],[-103.088374,56.437959],[-103.11104,56.44002],[-103.139593,56.428245],[-103.164761,56.388506],[-103.236292,56.339053],[-103.220838,56.313149],[-103.251304,56.270172],[-103.297814,56.277825],[-103.290308,56.339053],[-103.307969,56.367312],[-103.290308,56.380264],[-103.303407,56.390567],[-103.227608,56.471517],[-103.181099,56.490062],[-103.263079,56.510373],[-103.304143,56.457976],[-103.310766,56.472694],[-103.297814,56.507135],[-103.320038,56.533922],[-103.322541,56.557177],[-103.290308,56.58573],[-103.224223,56.600743],[-103.194786,56.537749],[-103.173445,56.532156],[-103.15387,56.544519],[-103.161229,56.589262],[-103.146952,56.674922],[-103.116191,56.721726],[-103.1262,56.78001],[-103.140035,56.790607],[-103.112217,56.839472],[-103.113984,56.869497],[-103.084841,56.886864],[-103.05408,56.882449],[-103.051431,56.846242],[-103.06821,56.806209],[-103.053933,56.762643],[-103.084989,56.729674],[-103.068651,56.666091],[-103.081162,56.635477],[-103.112217,56.612811],[-103.084989,56.58573],[-103.106036,56.507135],[-103.128996,56.498009],[-103.127083,56.475932],[-102.959148,56.535099],[-102.942369,56.596033],[-102.886146,56.65049],[-102.86554,56.699943],[-102.81123,56.736444],[-102.793863,56.774417],[-102.756037,56.797966],[-102.776348,56.743803],[-102.769578,56.702298],[-102.878787,56.631651],[-102.886293,56.623409],[-102.873341,56.596621],[-102.768253,56.646663],[-102.752799,56.674628],[-102.667139,56.702298],[-102.691865,56.712601],[-102.708791,56.743803],[-102.684065,56.776478],[-102.630638,56.795906],[-102.555428,56.778833],[-102.556752,56.890986],[-102.540268,56.918361],[-102.537766,56.968109],[-102.543653,57.004021],[-102.592076,57.017562],[-102.583981,57.059067],[-102.564259,57.065249],[-102.635347,57.097924],[-102.726895,57.077318],[-102.776348,57.092625],[-102.738816,57.12736],[-102.687597,57.141195],[-102.744262,57.159446],[-102.749708,57.174753],[-102.673909,57.205661],[-102.675823,57.253642],[-102.763249,57.243634],[-102.770166,57.276603],[-102.818,57.291321],[-102.804312,57.319285],[-102.983139,57.264534],[-102.906751,57.332237],[-102.914552,57.353726],[-102.956204,57.369033],[-102.941486,57.387578],[-102.905132,57.397586],[-102.90057,57.411716],[-102.941486,57.4491],[-102.776789,57.49296],[-102.695839,57.542708],[-102.666844,57.579798],[-102.666844,57.604819],[-102.695103,57.599814],[-102.687597,57.655155],[-102.725129,57.676349],[-102.722332,57.688418],[-102.634612,57.720798],[-102.612534,57.716383],[-102.59811,57.682825],[-102.568821,57.677526],[-102.408098,57.853556],[-102.338187,57.880343],[-102.30772,57.874162],[-102.29727,57.894767],[-102.146409,57.943043],[-102.11918,57.98396],[-102.16775,58.001916],[-102.161421,58.041949],[-102.112851,58.066087],[-102.09622,58.044304],[-102.079882,58.051663],[-102.067666,58.079628],[-102.084887,58.103471],[-101.998049,58.133202],[-101.951245,58.124077],[-102.003053,58.058434],[-101.998343,58.040183],[-102.063251,57.972185],[-102.003053,57.943043],[-101.975383,57.943337],[-101.870148,57.994851],[-101.855283,58.120544],[-101.786254,58.160578],[-101.770358,58.155279],[-101.773008,58.137323],[-101.834088,58.063438],[-101.770653,57.947753],[-101.790375,57.927736],[-101.837915,57.915078],[-101.844685,57.887702],[-101.940354,57.81264],[-101.933878,57.784969],[-101.906208,57.784675],[-101.835413,57.851201],[-101.803769,57.846786],[-101.810834,57.832362],[-101.780956,57.81941],[-101.707659,57.880343],[-101.736507,57.911546],[-101.716343,57.935684],[-101.661591,57.893884],[-101.628769,57.897416],[-101.59845,57.928913],[-101.576961,57.913901],[-101.515734,57.928913]],[[-102.135223,57.038756],[-102.185118,57.109109],[-102.216026,57.093214],[-102.225445,57.049942],[-102.282994,56.976645],[-102.263124,56.945443],[-102.294768,56.905115],[-102.284024,56.892752],[-102.261799,56.890397],[-102.187325,56.950447],[-102.133015,56.967226],[-102.135223,57.038756]],[[-102.503325,57.43497],[-102.434444,57.490017],[-102.468885,57.493549],[-102.512598,57.464701],[-102.620776,57.449983],[-102.660368,57.415542],[-102.65713,57.40524],[-102.605764,57.421724],[-102.536883,57.394348],[-102.503325,57.43497]]]},"properties":{"name":"Reindeer Lake","nameZh":"驯鹿湖","rank":2}},{"type":"Feature","geometry":{"type":"Polygon","coordinates":[[[-94.3306,49.090925],[-94.320738,49.069142],[-94.446579,48.986131],[-94.458059,48.966998],[-94.532975,48.961699],[-94.591259,48.941977],[-94.671473,48.85926],[-94.697524,48.869857],[-94.735203,48.853962],[-94.7876,48.854256],[-94.838672,48.866325],[-94.902991,48.910774],[-94.945526,48.958461],[-94.98762,48.9773],[-95.067687,48.962288],[-95.141426,48.898999],[-95.229882,48.883104],[-95.273889,48.889285],[-95.327611,48.93138],[-95.319369,48.989958],[-95.250046,49.007031],[-95.231942,49.027637],[-95.280365,49.061783],[-95.291257,49.087098],[-95.290374,49.112413],[-95.259318,49.157157],[-95.135685,49.191892],[-95.118024,49.150681],[-94.971725,49.192775],[-94.94479,49.215147],[-94.930366,49.291093],[-94.942435,49.322589],[-94.971283,49.342901],[-95.042078,49.335541],[-95.076224,49.344961],[-95.088587,49.355853],[-95.083877,49.367038],[-94.963482,49.395297],[-94.927128,49.386761],[-94.910497,49.417375],[-94.930514,49.435625],[-94.907259,49.461824],[-94.854273,49.467122],[-94.847944,49.490966],[-94.868844,49.506567],[-94.856481,49.517753],[-94.790102,49.513632],[-94.710771,49.536592],[-94.616133,49.616365],[-94.619076,49.634027],[-94.638504,49.643152],[-94.749921,49.627845],[-94.776267,49.598703],[-94.855598,49.570444],[-94.868844,49.555137],[-94.848386,49.540713],[-94.94479,49.519225],[-94.969958,49.487433],[-95.006018,49.486256],[-95.112283,49.445045],[-95.154525,49.459469],[-95.15688,49.480074],[-95.103747,49.523346],[-95.100067,49.558964],[-95.182195,49.598997],[-95.178663,49.613127],[-95.115669,49.654043],[-95.060623,49.630789],[-94.986884,49.635793],[-94.944202,49.616365],[-94.958037,49.598997],[-94.992477,49.589283],[-94.978789,49.57221],[-94.882532,49.568089],[-94.809824,49.631672],[-94.902991,49.649922],[-94.822924,49.693488],[-94.656608,49.712622],[-94.516343,49.70173],[-94.513988,49.713799],[-94.561087,49.732639],[-94.564325,49.747946],[-94.533122,49.780914],[-94.563736,49.802403],[-94.572567,49.834194],[-94.616869,49.882764],[-94.694139,49.92162],[-94.706503,49.945464],[-94.699143,49.966658],[-94.649102,49.993151],[-94.597588,49.989619],[-94.529442,49.947525],[-94.520906,49.916911],[-94.530473,49.886885],[-94.561087,49.863631],[-94.542247,49.839787],[-94.501184,49.82448],[-94.493383,49.780326],[-94.45541,49.734994],[-94.353118,49.714388],[-94.334426,49.726457],[-94.31073,49.699376],[-94.272904,49.691722],[-94.295423,49.666112],[-94.38226,49.63697],[-94.357092,49.620486],[-94.275112,49.610183],[-94.251857,49.589283],[-94.392122,49.603413],[-94.415376,49.599586],[-94.415671,49.590166],[-94.306462,49.506567],[-94.200343,49.493615],[-94.164725,49.471832],[-94.111298,49.470066],[-94.067585,49.45211],[-94.158249,49.459763],[-94.177383,49.445045],[-94.100112,49.388527],[-94.016955,49.36851],[-94.015777,49.359091],[-94.044919,49.364684],[-94.057724,49.354675],[-94.024461,49.321412],[-94.049776,49.236046],[-94.135142,49.191892],[-94.155747,49.205727],[-94.087455,49.246644],[-94.074944,49.270193],[-94.16134,49.312875],[-94.220802,49.324356],[-94.210941,49.389999],[-94.196664,49.396769],[-94.231104,49.416492],[-94.287917,49.380285],[-94.328245,49.376164],[-94.265545,49.424734],[-94.249061,49.46565],[-94.224628,49.46565],[-94.26893,49.48184],[-94.509131,49.472421],[-94.573744,49.45888],[-94.62202,49.469772],[-94.681776,49.426794],[-94.759047,49.417375],[-94.803937,49.35232],[-94.808941,49.341134],[-94.783626,49.313759],[-94.736528,49.349965],[-94.72858,49.334658],[-94.714892,49.335836],[-94.702087,49.36645],[-94.568593,49.348494],[-94.561087,49.342901],[-94.580367,49.333187],[-94.622609,49.326122],[-94.494413,49.233691],[-94.443488,49.236341],[-94.346054,49.281378],[-94.306462,49.280201],[-94.313968,49.266955],[-94.295276,49.258418],[-94.281294,49.226038],[-94.265545,49.246644],[-94.251857,49.205727],[-94.279822,49.170698],[-94.012392,49.184533],[-94.150154,49.095635],[-94.21462,49.095635],[-94.273051,49.123894],[-94.310141,49.117418],[-94.3306,49.090925]],[[-94.522525,49.095929],[-94.49824,49.130075],[-94.506188,49.143616],[-94.621873,49.084449],[-94.63924,49.03058],[-94.605094,49.047359],[-94.548576,49.017039],[-94.506924,49.064138],[-94.522525,49.095929]],[[-94.461297,49.150975],[-94.436865,49.178351],[-94.450553,49.189243],[-94.443783,49.205727],[-94.480725,49.218679],[-94.498681,49.217501],[-94.519434,49.193658],[-94.561087,49.198073],[-94.607302,49.17894],[-94.66956,49.205727],[-94.738588,49.178351],[-94.781565,49.191892],[-94.786864,49.178351],[-94.746094,49.14391],[-94.711801,49.074735],[-94.656608,49.10947],[-94.612453,49.111236],[-94.544161,49.158334],[-94.477782,49.163927],[-94.485288,49.150975],[-94.461297,49.150975]]]},"properties":{"name":"Lake of the Woods","nameZh":"伍兹湖","rank":2}},{"type":"Feature","geometry":{"type":"Polygon","coordinates":[[[-88.941823,50.050258],[-88.900317,50.048491],[-88.858665,50.065859],[-88.826138,50.136801],[-88.817748,50.192435],[-88.658792,50.285455],[-88.619052,50.281333],[-88.581521,50.260728],[-88.558708,50.2204],[-88.482026,50.253958],[-88.462745,50.22982],[-88.411378,50.21098],[-88.386358,50.164471],[-88.358393,50.164471],[-88.321156,50.137389],[-88.265963,50.140039],[-88.275235,50.176834],[-88.317476,50.192435],[-88.338523,50.240417],[-88.369284,50.229231],[-88.431248,50.269559],[-88.440962,50.281333],[-88.427274,50.293108],[-88.396219,50.301056],[-88.316005,50.267793],[-88.293191,50.232763],[-88.214155,50.220694],[-88.149983,50.116195],[-88.167792,50.086464],[-88.203705,50.124437],[-88.242266,50.130325],[-88.208267,50.0585],[-88.234907,49.986381],[-88.207826,49.991385],[-88.183541,50.025825],[-88.147628,50.040838],[-88.098322,49.996683],[-88.016489,49.97961],[-88.011043,49.956061],[-88.023995,49.945758],[-88.043423,49.951057],[-88.057406,49.973429],[-88.10524,49.918088],[-88.154104,49.925153],[-88.20135,49.911318],[-88.187073,49.900721],[-88.101855,49.897777],[-88.098322,49.886885],[-88.10524,49.822714],[-88.139975,49.80829],[-88.152191,49.784152],[-88.149247,49.772378],[-88.112893,49.75972],[-88.10524,49.657576],[-88.136001,49.611361],[-88.173532,49.590755],[-88.160433,49.527173],[-88.172502,49.50274],[-88.139828,49.432976],[-88.146156,49.404128],[-88.177212,49.462118],[-88.197523,49.474776],[-88.228137,49.438275],[-88.274499,49.479486],[-88.345882,49.474187],[-88.395777,49.393531],[-88.43478,49.367333],[-88.46716,49.424734],[-88.45465,49.45888],[-88.478199,49.461529],[-88.503073,49.438275],[-88.511757,49.470949],[-88.504692,49.521874],[-88.53663,49.540713],[-88.534276,49.561024],[-88.54708,49.574271],[-88.563418,49.571622],[-88.569305,49.527761],[-88.54399,49.513632],[-88.542812,49.482429],[-88.529713,49.480074],[-88.622585,49.414137],[-88.745776,49.438275],[-88.782866,49.45888],[-88.804649,49.493615],[-88.759758,49.520991],[-88.731205,49.582807],[-88.680574,49.589283],[-88.660116,49.609594],[-88.594915,49.589283],[-88.581227,49.595465],[-88.580491,49.626668],[-88.604923,49.649334],[-88.667475,49.643741],[-88.725907,49.613127],[-88.749897,49.650217],[-88.763732,49.643741],[-88.756373,49.58163],[-88.773888,49.578686],[-88.790372,49.548072],[-88.903702,49.517164],[-88.955511,49.480074],[-88.98377,49.539241],[-89.024981,49.550427],[-89.049118,49.594288],[-89.020565,49.60253],[-88.975527,49.557492],[-88.907088,49.548072],[-88.891045,49.584574],[-88.919304,49.645801],[-88.907088,49.671705],[-88.941234,49.677887],[-88.942117,49.706146],[-88.917538,49.757071],[-88.951831,49.767374],[-88.961839,49.739409],[-89.004964,49.702614],[-89.021595,49.710856],[-89.030573,49.739409],[-89.051179,49.705263],[-89.064425,49.774144],[-89.096658,49.754716],[-89.105783,49.774144],[-89.069724,49.866574],[-89.051179,49.856566],[-89.054417,49.802109],[-88.988921,49.77591],[-88.97538,49.780914],[-88.961839,49.80829],[-88.936083,49.811234],[-88.933875,49.825658],[-88.951978,49.858038],[-88.989068,49.869812],[-88.984505,49.883647],[-88.882803,49.906608],[-88.849981,49.938105],[-88.887512,49.959888],[-88.892811,49.973429],[-88.875444,49.982554],[-88.879123,49.993151],[-88.943442,50.023176],[-88.941823,50.050258]],[[-88.405933,50.033184],[-88.399457,50.007575],[-88.337935,49.966658],[-88.317476,50.007575],[-88.37267,50.041132],[-88.405933,50.033184]],[[-88.447732,50.178895],[-88.462009,50.115901],[-88.449793,50.092352],[-88.427421,50.103243],[-88.447732,50.178895]],[[-88.495714,49.631672],[-88.483056,49.611949],[-88.389743,49.619897],[-88.37267,49.68554],[-88.39931,49.699964],[-88.45465,49.63697],[-88.448616,49.654927],[-88.466866,49.671117],[-88.495714,49.631672]],[[-88.64584,49.97284],[-88.643485,49.952234],[-88.62597,49.938694],[-88.61552,49.969307],[-88.564448,49.996683],[-88.550318,50.027297],[-88.576222,50.045548],[-88.640394,50.049374],[-88.62597,49.986381],[-88.64584,49.97284]],[[-88.687345,49.924858],[-88.763732,49.869812],[-88.660116,49.849207],[-88.578136,49.80829],[-88.646428,49.897777],[-88.63274,49.911318],[-88.667475,49.909846],[-88.687345,49.924858]]]},"properties":{"name":"Lake Nipigon","nameZh":"尼皮贡湖","rank":2}},{"type":"Feature","geometry":{"type":"Polygon","coordinates":[[[-97.945538,50.432048],[-97.93185,50.353158],[-97.940534,50.33373],[-98.050479,50.288987],[-98.172199,50.219811],[-98.317467,50.18802],[-98.417404,50.186843],[-98.513219,50.21098],[-98.55811,50.254252],[-98.576213,50.312242],[-98.565616,50.352864],[-98.516899,50.39172],[-98.51631,50.415269],[-98.536916,50.459129],[-98.589901,50.514175],[-98.598291,50.569516],[-98.620957,50.575403],[-98.645095,50.644284],[-98.694106,50.702568],[-98.707941,50.75526],[-98.802138,50.843569],[-98.853652,50.873594],[-98.843054,50.909506],[-98.849825,50.948363],[-98.829514,50.966613],[-98.851738,50.976916],[-98.891477,50.959548],[-98.912966,50.966613],[-98.973752,51.060515],[-99.010106,51.076117],[-99.018348,51.093484],[-99.014227,51.151474],[-98.986115,51.161482],[-98.941814,51.107908],[-98.89236,51.079355],[-98.898248,51.031962],[-98.887798,51.02107],[-98.845115,51.021365],[-98.838345,51.030784],[-98.850561,51.055217],[-98.781679,51.103787],[-98.794484,51.118211],[-98.853652,51.093484],[-98.85689,51.12557],[-98.875434,51.136167],[-98.845998,51.226831],[-98.851591,51.263921],[-98.926359,51.23213],[-98.93416,51.224182],[-98.917087,51.194745],[-98.934749,51.184148],[-98.992591,51.228597],[-99.021881,51.289236],[-99.065152,51.282171],[-99.111367,51.373719],[-99.101653,51.415518],[-99.116813,51.456435],[-99.112839,51.499707],[-99.161851,51.555636],[-99.189374,51.549454],[-99.213659,51.562995],[-99.261493,51.52826],[-99.284159,51.567999],[-99.275181,51.590371],[-99.309327,51.644828],[-99.327283,51.645122],[-99.351274,51.623634],[-99.398814,51.652187],[-99.463427,51.639824],[-99.47579,51.600968],[-99.498015,51.586544],[-99.487417,51.555636],[-99.506404,51.501767],[-99.518473,51.502061],[-99.556299,51.607444],[-99.549528,51.644828],[-99.522152,51.672204],[-99.561892,51.682801],[-99.548645,51.719008],[-99.481236,51.788183],[-99.445176,51.807906],[-99.350833,51.765223],[-99.325664,51.765223],[-99.316098,51.782002],[-99.243095,51.63688],[-99.213512,51.633348],[-99.135064,51.656603],[-99.191729,51.758453],[-99.185841,51.788478],[-99.159643,51.794071],[-99.129324,51.731665],[-99.108129,51.713709],[-99.077368,51.718125],[-99.042339,51.700169],[-99.056027,51.651598],[-99.032919,51.626577],[-99.024824,51.566233],[-98.993916,51.522078],[-98.982436,51.455846],[-98.884265,51.339572],[-98.879703,51.383433],[-98.910758,51.503533],[-98.912524,51.580362],[-98.968748,51.623339],[-98.992297,51.665728],[-98.946229,51.713709],[-98.897659,51.700169],[-98.852033,51.725778],[-98.83231,51.715475],[-98.775203,51.613037],[-98.72369,51.579774],[-98.774468,51.527966],[-98.766667,51.471448],[-98.809644,51.41228],[-98.776528,51.39609],[-98.733257,51.312491],[-98.692634,51.29424],[-98.661873,51.302188],[-98.56282,51.290119],[-98.576213,51.247731],[-98.556932,51.220944],[-98.588282,51.19504],[-98.627874,51.192685],[-98.655103,51.171785],[-98.658782,51.123509],[-98.64274,51.10467],[-98.682332,51.079943],[-98.720157,51.103787],[-98.740763,51.082593],[-98.698522,51.074056],[-98.696608,51.056983],[-98.73046,51.035494],[-98.765637,51.04462],[-98.774762,51.035494],[-98.773732,51.00959],[-98.754451,50.994578],[-98.774762,50.972795],[-98.733993,50.95896],[-98.755481,50.925991],[-98.702937,50.890962],[-98.576361,50.897732],[-98.478779,50.873594],[-98.44213,50.843569],[-98.390617,50.83621],[-98.31732,50.767329],[-98.28023,50.753199],[-98.281996,50.739953],[-98.257417,50.718759],[-98.217236,50.710811],[-98.201193,50.679902],[-98.110088,50.610138],[-98.110088,50.583057],[-98.077855,50.554798],[-98.082859,50.541846],[-97.971295,50.481501],[-97.945538,50.432048]]]},"properties":{"name":"Lake Manitoba","nameZh":"缅尼托巴湖","rank":2}},{"type":"Feature","geometry":{"type":"Polygon","coordinates":[[[-99.645638,51.685745],[-99.604722,51.668672],[-99.610609,51.617158],[-99.65182,51.616863],[-99.665508,51.603911],[-99.715403,51.623045],[-99.729532,51.591548],[-99.778985,51.575947],[-99.802681,51.582717],[-99.802681,51.603911],[-99.854195,51.641296],[-99.940591,51.692809],[-99.940591,51.764929],[-99.960313,51.795837],[-99.939708,51.812321],[-99.912626,51.802607],[-99.909536,51.827923],[-99.885839,51.850883],[-99.943976,51.926535],[-99.933085,51.970395],[-99.96885,52.040159],[-100.000347,52.054289],[-100.029342,52.028385],[-100.001377,51.96333],[-99.997109,51.910639],[-99.974001,51.895038],[-99.966495,51.83587],[-100.001819,51.810261],[-99.980772,51.764929],[-100.007706,51.715181],[-100.046562,51.723423],[-100.049653,51.782002],[-100.070258,51.795837],[-100.090717,51.850883],[-100.145321,51.918587],[-100.125157,51.92624],[-100.111175,51.973927],[-100.159598,52.025147],[-100.15165,52.132589],[-100.173286,52.206769],[-100.153122,52.22502],[-100.180056,52.285364],[-100.174611,52.308914],[-100.115738,52.399283],[-100.015654,52.443438],[-100.006676,52.49348],[-100.029342,52.507609],[-99.980772,52.556768],[-100.005351,52.597979],[-100.053921,52.604749],[-100.069523,52.620056],[-100.070111,52.635952],[-100.054068,52.643017],[-100.060103,52.695119],[-100.039939,52.753109],[-100.05348,52.804623],[-100.108673,52.809627],[-100.138551,52.795792],[-100.194922,52.823462],[-100.197129,52.85437],[-100.222298,52.862024],[-100.240107,52.894993],[-100.265422,52.899408],[-100.302953,52.837297],[-100.362415,52.813159],[-100.371835,52.782545],[-100.304131,52.800207],[-100.264539,52.778424],[-100.282495,52.727499],[-100.255119,52.672748],[-100.22789,52.665977],[-100.226713,52.648315],[-100.262037,52.603866],[-100.292356,52.628299],[-100.282495,52.659207],[-100.347255,52.643606],[-100.365064,52.659207],[-100.354467,52.687171],[-100.323412,52.713664],[-100.429971,52.744867],[-100.435417,52.798441],[-100.405981,52.844068],[-100.450724,52.874387],[-100.432179,52.923251],[-100.410102,52.943857],[-100.420257,52.960047],[-100.458378,52.972116],[-100.510038,52.947095],[-100.55699,52.972999],[-100.543154,53.001258],[-100.563318,53.008323],[-100.604677,52.987423],[-100.634996,53.001258],[-100.728162,52.974471],[-100.705055,52.949744],[-100.59982,52.903529],[-100.597759,52.857608],[-100.680328,52.830527],[-100.662813,52.817575],[-100.657809,52.794026],[-100.673558,52.754581],[-100.718154,52.764],[-100.826774,52.740746],[-100.84944,52.748694],[-100.851059,52.775186],[-100.798221,52.812571],[-100.823683,52.830527],[-100.926564,52.791082],[-100.957619,52.795792],[-100.924062,52.834059],[-100.93304,52.857608],[-101.001921,52.864673],[-101.016492,52.888222],[-100.960857,52.936792],[-100.965714,52.951216],[-101.00928,52.9677],[-100.979402,52.982124],[-100.97116,53.00479],[-101.042838,53.028339],[-101.097736,53.063074],[-101.114515,53.086624],[-101.108039,53.107818],[-101.024145,53.14844],[-100.955706,53.151089],[-100.919352,53.138432],[-100.947316,53.097221],[-100.899482,53.08368],[-100.837371,53.07691],[-100.745677,53.097809],[-100.693133,53.085446],[-100.662666,53.091039],[-100.646182,53.122536],[-100.610858,53.114588],[-100.597759,53.135194],[-100.556106,53.135194],[-100.57053,53.179937],[-100.531527,53.176405],[-100.426439,53.151972],[-100.39141,53.103108],[-100.083946,53.066312],[-99.94324,52.987423],[-99.743661,52.961813],[-99.737774,52.950333],[-99.77192,52.922957],[-99.802681,52.864673],[-99.710398,52.926489],[-99.676105,52.916187],[-99.664919,52.893226],[-99.692884,52.878214],[-99.734389,52.816692],[-99.686702,52.782545],[-99.713342,52.748399],[-99.668746,52.698946],[-99.679196,52.66951],[-99.659326,52.652436],[-99.659326,52.617407],[-99.673014,52.597685],[-99.635483,52.537046],[-99.697593,52.458451],[-99.686702,52.429308],[-99.693178,52.40988],[-99.741307,52.371024],[-99.74896,52.331285],[-99.798855,52.306264],[-99.820049,52.278594],[-99.852723,52.276828],[-99.857875,52.261227],[-99.823729,52.188813],[-99.834326,52.114928],[-99.824023,52.058998],[-99.799002,52.04899],[-99.748813,52.05841],[-99.733212,51.96333],[-99.762206,51.906518],[-99.816958,51.905635],[-99.802681,51.809966],[-99.816958,51.78524],[-99.809599,51.758158],[-99.80224,51.744029],[-99.754553,51.754626],[-99.732476,51.731077],[-99.720112,51.733726],[-99.703628,51.832927],[-99.679196,51.87767],[-99.628859,51.83587],[-99.624591,51.813204],[-99.65182,51.771699],[-99.653586,51.740202],[-99.645638,51.685745]],[[-99.88893,52.319511],[-99.850516,52.408997],[-99.857875,52.44697],[-99.837416,52.484355],[-99.835945,52.536751],[-99.923076,52.519384],[-99.940591,52.473463],[-99.96782,52.44697],[-99.961491,52.387509],[-99.926903,52.347475],[-99.930877,52.305676],[-99.88893,52.319511]]]},"properties":{"name":"Lake Winnipegosis","nameZh":"温尼伯戈西斯湖","rank":2}},{"type":"Feature","geometry":{"type":"Polygon","coordinates":[[[-109.180681,59.090474],[-109.236905,59.137867],[-109.276791,59.139927],[-109.392623,59.086648],[-109.920565,59.01129],[-109.962218,58.983914],[-110.211691,58.902081],[-110.29794,58.861165],[-110.329143,58.822897],[-110.385513,58.803764],[-110.44365,58.749306],[-110.479563,58.6713],[-110.451157,58.665118],[-110.413478,58.700147],[-110.356371,58.696615],[-110.34548,58.686312],[-110.370501,58.653932],[-110.369323,58.637742],[-110.409357,58.605657],[-110.58627,58.648045],[-110.630277,58.614782],[-110.770836,58.628323],[-110.785996,58.618903],[-110.761269,58.540013],[-110.839129,58.477608],[-110.855907,58.487617],[-110.836038,58.589761],[-110.842661,58.637448],[-110.890642,58.628323],[-110.916546,58.646868],[-110.944952,58.643924],[-110.965852,58.610661],[-111.041504,58.559441],[-111.059019,58.507928],[-111.085953,58.510871],[-111.123484,58.542663],[-111.096108,58.579753],[-111.115978,58.600358],[-111.074914,58.620964],[-111.131138,58.617431],[-111.16705,58.646279],[-111.143943,58.66188],[-111.287887,58.696615],[-111.303635,58.748129],[-111.329539,58.757254],[-111.30128,58.783453],[-111.214884,58.804058],[-111.171318,58.799643],[-111.1775,58.789634],[-111.134081,58.768146],[-111.185154,58.720459],[-111.181327,58.706035],[-111.163812,58.703091],[-111.097727,58.731056],[-111.06888,58.730761],[-110.983367,58.779331],[-110.910806,58.792578],[-110.814255,58.83997],[-110.820142,58.880593],[-110.705046,58.950357],[-110.667514,59.021887],[-110.560218,59.106076],[-110.389782,59.127859],[-110.170628,59.224116],[-110.143252,59.253846],[-110.079522,59.270331],[-109.96369,59.343627],[-109.828724,59.35393],[-109.867285,59.395436],[-109.82681,59.41192],[-109.765583,59.405738],[-109.746155,59.422223],[-109.834905,59.422223],[-109.770587,59.463139],[-109.749245,59.49287],[-109.486084,59.607672],[-109.225572,59.615031],[-109.154188,59.601196],[-109.135643,59.554981],[-109.063818,59.520835],[-109.054104,59.511415],[-109.063966,59.49287],[-109.045421,59.48139],[-108.988903,59.487866],[-108.925909,59.523778],[-108.83495,59.53202],[-108.755914,59.504056],[-108.899858,59.405444],[-108.951519,59.386605],[-108.944454,59.37483],[-108.910749,59.381306],[-108.815817,59.367765],[-108.777991,59.382778],[-108.715586,59.382778],[-108.617857,59.406327],[-108.560603,59.450187],[-108.443888,59.456958],[-108.375595,59.436352],[-108.33409,59.443711],[-108.283165,59.477269],[-108.227383,59.462256],[-108.145108,59.476091],[-108.122442,59.470498],[-108.128624,59.450187],[-108.04002,59.45372],[-108.006757,59.436647],[-107.948178,59.441356],[-107.86399,59.416041],[-107.704151,59.420456],[-107.663087,59.402206],[-107.597591,59.41869],[-107.522675,59.412214],[-107.25289,59.322433],[-107.051104,59.334797],[-106.999443,59.325377],[-106.888468,59.347749],[-106.90142,59.317723],[-106.806487,59.326554],[-106.649885,59.317429],[-106.635314,59.313014],[-106.662543,59.292997],[-106.640171,59.28917],[-106.319903,59.271214],[-106.094126,59.29388],[-106.018327,59.278867],[-106.799128,59.25208],[-106.786029,59.265032],[-106.80531,59.275629],[-106.908926,59.265032],[-106.895974,59.278867],[-106.932917,59.288876],[-107.090401,59.286521],[-107.163256,59.308892],[-107.450261,59.292997],[-107.47072,59.313014],[-107.513108,59.315368],[-107.553289,59.306832],[-107.539012,59.285638],[-107.590526,59.288876],[-107.635122,59.306832],[-107.601712,59.326554],[-107.626144,59.34245],[-107.669121,59.345688],[-107.758608,59.340095],[-107.7486,59.31949],[-107.784512,59.265032],[-107.834407,59.237951],[-107.806442,59.216757],[-107.834259,59.204099],[-107.901227,59.224704],[-107.949797,59.208514],[-108.039873,59.203804],[-108.194414,59.151996],[-108.601961,59.140811],[-108.639934,59.124621],[-108.851729,59.101366],[-108.906922,59.133157],[-109.054252,59.088414],[-109.113419,59.081055],[-109.180681,59.090474]]]},"properties":{"name":"Lake Athabasca","nameZh":"阿萨巴斯卡湖","rank":2}},{"type":"Feature","geometry":{"type":"Polygon","coordinates":[[[-73.30888,50.863586],[-73.543341,50.733771],[-73.529211,50.757026],[-73.479022,50.787934],[-73.462243,50.827673],[-73.398808,50.895083],[-73.346706,50.934822],[-73.213653,50.986924],[-73.217627,51.014006],[-73.241618,51.027841],[-73.180095,51.089952],[-73.159932,51.086125],[-73.152867,51.069052],[-73.194372,51.041676],[-73.166555,51.047563],[-73.11195,51.109968],[-73.139179,51.117328],[-73.129023,51.134401],[-73.139768,51.152357],[-73.173619,51.172079],[-73.313884,51.065814],[-73.329044,51.039615],[-73.478728,50.934527],[-73.63268,50.767329],[-73.629295,50.78764],[-73.584257,50.832677],[-73.587495,50.848867],[-73.625174,50.83621],[-73.685224,50.746429],[-73.680514,50.727001],[-73.74027,50.694032],[-73.776036,50.644284],[-73.782806,50.610138],[-73.818718,50.584234],[-73.82284,50.518002],[-73.803411,50.507111],[-73.824459,50.455891],[-73.786191,50.40114],[-73.793109,50.373764],[-73.735119,50.369643],[-73.756166,50.358162],[-73.815628,50.363167],[-73.844917,50.466194],[-73.866258,50.426749],[-73.817247,50.329315],[-73.824459,50.301645],[-73.807533,50.252486],[-73.82961,50.217456],[-74.096009,50.082049],[-74.112494,50.062327],[-74.049794,50.07469],[-74.079231,50.045253],[-74.16857,50.039366],[-74.181375,50.041132],[-74.173869,50.054673],[-74.214785,50.054673],[-74.10749,50.087347],[-74.07143,50.130325],[-74.033016,50.14416],[-73.968108,50.200678],[-73.926897,50.205682],[-73.934256,50.185076],[-73.911443,50.187431],[-73.849921,50.207448],[-73.827108,50.228642],[-73.824459,50.267498],[-73.890102,50.281922],[-73.920863,50.378179],[-73.903642,50.380829],[-73.857869,50.356396],[-73.856103,50.374647],[-73.892751,50.42881],[-73.871262,50.458246],[-73.881418,50.480912],[-73.845211,50.595126],[-73.803411,50.644284],[-73.808416,50.674898],[-73.882743,50.620441],[-73.885833,50.583057],[-73.913209,50.569222],[-73.937347,50.531249],[-73.929252,50.486505],[-73.88966,50.512409],[-73.879652,50.507111],[-73.926897,50.432048],[-73.966784,50.480324],[-74.009908,50.483267],[-74.09807,50.425277],[-74.136043,50.346388],[-74.200509,50.294874],[-74.227149,50.287515],[-74.159592,50.345799],[-74.124857,50.415858],[-74.077612,50.456186],[-74.065984,50.500929],[-74.023007,50.555092],[-74.033899,50.564217],[-74.010644,50.601013],[-74.000194,50.654882],[-73.913356,50.785579],[-73.897608,50.831794],[-73.831229,50.884486],[-73.859635,50.907446],[-73.902171,50.875949],[-73.934256,50.877126],[-73.916889,50.935411],[-73.857869,50.959548],[-73.892162,50.967791],[-73.926897,50.953367],[-73.940438,50.986924],[-73.862579,50.986924],[-73.819013,51.024897],[-73.732617,51.027252],[-73.611928,51.096133],[-73.563799,51.144703],[-73.49271,51.172079],[-73.337727,51.267453],[-73.340671,51.281877],[-73.248977,51.292769],[-73.244708,51.306898],[-73.07015,51.391086],[-72.969772,51.395796],[-72.928561,51.374013],[-73.022905,51.35223],[-73.109154,51.314846],[-73.173325,51.254501],[-73.143889,51.257445],[-72.924587,51.352819],[-72.892796,51.359589],[-72.864096,51.344871],[-72.776081,51.370481],[-72.768574,51.35017],[-72.814054,51.308959],[-72.933713,51.267453],[-72.953582,51.275107],[-73.104444,51.199161],[-73.130642,51.17414],[-73.049839,51.164426],[-73.057198,51.137933],[-72.910458,51.210052],[-72.86645,51.247731],[-72.805223,51.25038],[-72.734428,51.275107],[-72.741346,51.24096],[-72.71397,51.254501],[-72.617713,51.24096],[-72.711026,51.217411],[-72.734428,51.199161],[-72.76828,51.208286],[-72.963738,51.133518],[-73.009364,51.09319],[-73.054549,51.075233],[-73.084574,51.000759],[-73.097232,51.025486],[-73.159637,50.959548],[-73.125491,51.02107],[-73.131673,51.038144],[-73.14904,51.035494],[-73.152867,51.000759],[-73.173031,50.968674],[-73.226311,50.945419],[-73.239557,50.919809],[-73.30888,50.863586]],[[-73.697882,50.827085],[-73.70112,50.841508],[-73.727318,50.837976],[-73.78001,50.777926],[-73.796494,50.739953],[-73.697882,50.827085]],[[-73.301373,51.165603],[-73.180095,51.24096],[-73.426331,51.096133],[-73.580578,50.965141],[-73.550847,50.963964],[-73.537012,50.994578],[-73.301373,51.165603]]]},"properties":{"name":"Lake Mistassini","nameZh":"米斯塔西尼湖","rank":2}},{"type":"Feature","geometry":{"type":"Polygon","coordinates":[[[-75.975672,43.263693],[-75.731938,43.221304],[-75.73238,43.205997],[-75.764465,43.185097],[-75.932547,43.177738],[-76.068543,43.216006],[-76.120352,43.263693],[-75.975672,43.263693]]]},"properties":{"name":"Oneida Lake","nameZh":"奧奈達湖","rank":3}},{"type":"Feature","geometry":{"type":"Polygon","coordinates":[[[-154.130819,59.781053],[-153.884584,59.799597],[-153.993204,59.731011],[-154.09005,59.697159],[-154.370579,59.676553],[-154.654199,59.611204],[-154.650519,59.595309],[-154.570894,59.566461],[-154.580902,59.543501],[-154.572513,59.531432],[-154.556764,59.53202],[-154.519674,59.565872],[-154.504956,59.563517],[-154.506722,59.549977],[-154.569863,59.51848],[-154.69173,59.533492],[-154.734266,59.51848],[-154.713219,59.484922],[-154.689669,59.498169],[-154.644632,59.466672],[-154.616961,59.463139],[-154.614459,59.481684],[-154.575898,59.491104],[-154.514523,59.484922],[-154.551024,59.463728],[-154.568539,59.435469],[-154.802558,59.450187],[-155.009496,59.417513],[-155.249108,59.424578],[-155.303419,59.408388],[-155.336976,59.381306],[-155.387312,59.384838],[-155.501526,59.340095],[-155.782643,59.319784],[-155.844018,59.326554],[-155.906718,59.358346],[-155.929237,59.470793],[-155.88935,59.525839],[-155.674759,59.627689],[-154.983298,59.666251],[-154.922364,59.686267],[-154.877768,59.726006],[-154.789459,59.775165],[-154.674068,59.783996],[-154.624321,59.772222],[-154.446819,59.799597],[-154.381029,59.792533],[-154.151425,59.805779],[-154.208384,59.792533],[-154.220306,59.778992],[-154.165848,59.758975],[-154.130819,59.781053]]]},"properties":{"name":"Iliamna Lake","nameZh":"伊利亞姆納湖","rank":3}},{"type":"Feature","geometry":{"type":"Polygon","coordinates":[[[-155.960734,57.911546],[-155.95205,57.863859],[-155.97869,57.840899],[-156.132054,57.825886],[-156.022256,57.818821],[-155.982664,57.800865],[-155.97972,57.788502],[-156.00165,57.777905],[-155.985902,57.760832],[-155.998707,57.754356],[-156.004741,57.726391],[-156.060818,57.700487],[-156.118219,57.652211],[-156.129993,57.624835],[-156.1662,57.607173],[-156.184745,57.616887],[-156.100998,57.692245],[-156.121457,57.754061],[-156.104678,57.764364],[-156.132054,57.784675],[-156.091137,57.79851],[-156.149863,57.814406],[-156.34429,57.818821],[-156.430245,57.857089],[-156.497654,57.862387],[-156.512225,57.880638],[-156.549756,57.86798],[-156.697086,57.878283],[-156.803645,57.915078],[-156.875323,57.966592],[-156.8896,57.990436],[-156.841471,58.06226],[-156.818658,58.073446],[-156.76891,58.072269],[-156.723873,58.093169],[-156.616871,58.105532],[-156.518848,58.060494],[-156.255245,58.014573],[-156.103942,57.944515],[-156.029615,57.949225],[-155.989434,57.937156],[-155.960734,57.911546]]]},"properties":{"name":null,"nameZh":null,"rank":3}},{"type":"Feature","geometry":{"type":"Polygon","coordinates":[[[-119.92556,39.243856],[-119.922322,39.169382],[-119.943369,39.124344],[-119.935274,39.041922],[-119.947049,38.975102],[-119.962503,38.958029],[-120.017255,38.940661],[-120.093642,38.960383],[-120.10733,39.069887],[-120.148983,39.08696],[-120.151338,39.119046],[-120.051695,39.230021],[-120.017991,39.241796],[-119.995913,39.232965],[-119.970745,39.262107],[-119.951464,39.263873],[-119.92556,39.243856]]]},"properties":{"name":"Lake Tahoe","nameZh":"太浩湖","rank":3}},{"type":"Feature","geometry":{"type":"Polygon","coordinates":[[[-88.303788,44.168568],[-88.327043,44.13295],[-88.334402,44.091445],[-88.328073,43.918653],[-88.393128,43.867139],[-88.418885,43.81121],[-88.464953,43.81121],[-88.470104,43.889805],[-88.493065,43.953977],[-88.516025,43.97311],[-88.516025,44.082319],[-88.443611,44.162681],[-88.462156,44.22332],[-88.439049,44.20448],[-88.328073,44.190351],[-88.303788,44.168568]]]},"properties":{"name":"Lake Winnebago","nameZh":"溫納貝戈湖","rank":3}},{"type":"Feature","geometry":{"type":"Polygon","coordinates":[[[-71.361955,66.557903],[-71.476169,66.594699],[-71.442611,66.615304],[-71.439815,66.638265],[-71.377704,66.632083],[-71.391392,66.645624],[-71.350475,66.67977],[-71.371375,66.693311],[-71.308823,66.727457],[-71.293221,66.801343],[-71.192843,66.836372],[-71.181069,66.896717],[-71.16532,66.905842],[-71.185926,66.926742],[-71.15752,66.947347],[-71.157961,66.97384],[-71.267759,66.994445],[-71.213154,67.02241],[-71.227725,67.032418],[-71.216245,67.040366],[-71.103357,67.02918],[-70.995325,67.037128],[-70.983109,67.018289],[-70.952495,67.008869],[-70.960001,67.001216],[-70.937041,66.99474],[-70.856974,67.008869],[-70.795599,66.988264],[-70.685654,66.981493],[-70.814144,66.970308],[-70.837104,66.94617],[-70.638261,66.905548],[-70.631049,66.895833],[-70.658278,66.871696],[-70.64356,66.856683],[-70.60279,66.859332],[-70.620452,66.834017],[-70.598669,66.802226],[-70.543034,66.789862],[-70.535381,66.782209],[-70.547597,66.772201],[-70.513745,66.751301],[-70.437211,66.749829],[-70.280903,66.720687],[-70.336096,66.754244],[-70.315049,66.752184],[-70.233952,66.727163],[-70.186412,66.733344],[-70.154915,66.707146],[-69.993457,66.713916],[-69.924723,66.686541],[-69.938999,66.665935],[-69.733533,66.651806],[-69.767679,66.632083],[-69.694971,66.618542],[-69.676279,66.594993],[-69.616818,66.610889],[-69.462865,66.586751],[-69.424451,66.569972],[-69.547936,66.501091],[-69.408555,66.524346],[-69.294636,66.584102],[-69.226344,66.569972],[-69.48715,66.49491],[-69.465956,66.481074],[-69.497747,66.463413],[-69.533807,66.458997],[-69.552793,66.467239],[-69.534249,66.487256],[-69.57752,66.485784],[-69.706157,66.460175],[-69.671422,66.453699],[-69.706157,66.432799],[-69.616818,66.446339],[-69.567659,66.428089],[-69.42813,66.419258],[-69.4062,66.422496],[-69.451679,66.453699],[-69.407672,66.474304],[-69.324073,66.451932],[-69.225755,66.459291],[-69.159523,66.427795],[-69.15393,66.410133],[-69.170709,66.39512],[-69.349241,66.343901],[-69.328782,66.33713],[-69.353803,66.322412],[-69.417828,66.327711],[-69.455359,66.304162],[-69.508492,66.301218],[-69.504371,66.243817],[-69.514379,66.234103],[-69.616818,66.227333],[-69.514379,66.213497],[-69.580611,66.192009],[-69.650522,66.201723],[-69.664652,66.215558],[-69.635657,66.252354],[-69.654791,66.264717],[-69.698651,66.227333],[-69.747074,66.227333],[-69.733533,66.199368],[-69.753108,66.192303],[-69.838768,66.228216],[-69.87365,66.270015],[-69.972998,66.248527],[-70.08206,66.266483],[-70.213199,66.221151],[-70.243372,66.190243],[-70.329326,66.16581],[-70.356702,66.179646],[-70.336096,66.185827],[-70.354936,66.199662],[-70.4665,66.213497],[-70.458552,66.266777],[-70.469591,66.27502],[-70.535381,66.282673],[-70.572618,66.262068],[-70.568938,66.309166],[-70.625604,66.336247],[-70.645179,66.33036],[-70.610444,66.316525],[-70.671966,66.302984],[-70.623543,66.289443],[-70.671966,66.248527],[-70.651508,66.227333],[-70.658425,66.22174],[-70.718475,66.210259],[-70.740258,66.193186],[-70.730986,66.179057],[-70.746146,66.17317],[-70.865216,66.176408],[-70.863744,66.158451],[-70.90834,66.129604],[-70.926297,66.097224],[-71.007394,66.079856],[-71.020493,66.040117],[-71.034181,66.032169],[-71.188428,65.965937],[-71.261577,65.955046],[-71.336051,65.966526],[-71.308823,65.98772],[-71.32987,66.007443],[-71.169736,66.025987],[-71.075981,66.075735],[-71.097175,66.092219],[-71.286009,66.088981],[-71.185631,66.139906],[-71.173415,66.183472],[-71.117044,66.234103],[-71.158844,66.251176],[-71.16532,66.289443],[-71.097175,66.33036],[-71.146628,66.372454],[-71.200202,66.371277],[-71.210064,66.412193],[-71.261577,66.432799],[-71.251422,66.453993],[-71.283066,66.472832],[-71.288953,66.515221],[-71.361955,66.557903]]]},"properties":{"name":"Nettilling Lake","nameZh":"纳蒂灵湖","rank":3}},{"type":"Feature","geometry":{"type":"Polygon","coordinates":[[[-102.198217,63.165946],[-102.161863,63.18243],[-102.027044,63.190083],[-101.87162,63.225407],[-101.796998,63.267207],[-101.780367,63.303708],[-101.762852,63.308418],[-101.783311,63.32137],[-101.749017,63.331378],[-101.666595,63.39761],[-101.647461,63.387896],[-101.660413,63.369646],[-101.637012,63.363464],[-101.600216,63.376122],[-101.606692,63.412623],[-101.520296,63.387896],[-101.518383,63.402614],[-101.618908,63.445003],[-101.588883,63.464725],[-101.426394,63.445003],[-101.4339,63.431168],[-101.385477,63.418216],[-101.385625,63.392312],[-101.348682,63.378771],[-101.30438,63.384069],[-101.283039,63.414683],[-101.300701,63.44618],[-101.384889,63.449713],[-101.413295,63.472673],[-101.303497,63.507408],[-101.20827,63.472084],[-101.156168,63.434994],[-101.132177,63.390251],[-101.089053,63.378477],[-101.077573,63.383481],[-101.07198,63.449124],[-101.091996,63.479149],[-101.060205,63.479443],[-101.013107,63.429402],[-100.988233,63.431168],[-100.981463,63.466491],[-100.960857,63.479443],[-100.974545,63.496517],[-100.963506,63.510646],[-100.891976,63.548619],[-100.877552,63.521832],[-100.807641,63.503581],[-100.775996,63.589536],[-100.758629,63.583354],[-100.750828,63.554506],[-100.684744,63.556272],[-100.61704,63.504759],[-100.611447,63.485919],[-100.655307,63.402909],[-100.645593,63.375827],[-100.669731,63.345802],[-100.739937,63.314305],[-100.827805,63.334322],[-100.864747,63.32137],[-100.80661,63.294877],[-100.813528,63.277804],[-100.86357,63.279865],[-100.925092,63.305474],[-101.02076,63.32343],[-101.077573,63.287812],[-101.049608,63.27486],[-101.068006,63.256315],[-101.063296,63.232472],[-100.995739,63.232472],[-101.051227,63.19391],[-101.090672,63.191555],[-101.143363,63.159175],[-101.112749,63.097359],[-101.045781,63.05291],[-100.915231,63.021413],[-100.834722,63.020235],[-100.822359,63.005812],[-100.845908,62.964012],[-100.947316,62.896897],[-100.974104,62.898369],[-100.967775,62.917797],[-101.003834,62.918385],[-101.083901,62.869521],[-101.132177,62.863339],[-101.077573,62.848915],[-101.038275,62.8027],[-100.967775,62.786805],[-101.022968,62.773853],[-101.046223,62.736174],[-101.098031,62.709681],[-101.152635,62.70556],[-101.139095,62.725577],[-101.178392,62.716746],[-101.260667,62.67112],[-101.278329,62.645215],[-101.340881,62.664055],[-101.406083,62.650514],[-101.426394,62.657284],[-101.416238,62.713802],[-101.4339,62.739118],[-101.335288,62.752364],[-101.310267,62.820657],[-101.310415,62.844206],[-101.330873,62.855686],[-101.310267,62.88365],[-101.368404,62.94164],[-101.391953,62.954887],[-101.474817,62.945173],[-101.428013,62.913676],[-101.4339,62.896897],[-101.409174,62.87011],[-101.4052,62.842439],[-101.443909,62.832137],[-101.454359,62.807999],[-101.498219,62.780329],[-101.488505,62.759723],[-101.515734,62.732936],[-101.488505,62.709093],[-101.493215,62.686132],[-101.506314,62.671708],[-101.550616,62.664055],[-101.532071,62.683777],[-101.571074,62.725577],[-101.551204,62.740884],[-101.551793,62.78445],[-101.683815,62.809765],[-101.724585,62.800934],[-101.736801,62.77974],[-101.771389,62.782389],[-101.770064,62.805644],[-101.792141,62.827427],[-101.779484,62.863339],[-101.807743,62.881884],[-101.897524,62.895425],[-101.954483,62.859807],[-102.003053,62.869521],[-101.975089,62.896897],[-102.035581,62.92545],[-101.988777,62.951354],[-101.988777,62.973137],[-102.084003,63.015526],[-102.112851,63.040841],[-102.056039,63.077342],[-101.999374,63.063801],[-101.960959,63.074987],[-102.05074,63.102363],[-102.125067,63.076753],[-102.194832,63.109722],[-102.18188,63.133271],[-102.198217,63.165946]]]},"properties":{"name":"Dubawnt Lake","nameZh":"杜邦特湖","rank":3}},{"type":"Feature","geometry":{"type":"Polygon","coordinates":[[[-96.143147,64.198869],[-96.321237,64.25421],[-96.290329,64.262452],[-96.13829,64.227128],[-96.081625,64.246851],[-96.079858,64.267162],[-96.200695,64.263629],[-96.273403,64.301308],[-96.206435,64.292183],[-96.014068,64.315143],[-95.792265,64.287767],[-95.613291,64.309845],[-95.556037,64.285412],[-95.458456,64.308962],[-95.229588,64.281586],[-95.084613,64.223302],[-94.841321,64.230366],[-94.803937,64.212999],[-94.749774,64.226834],[-94.587727,64.19151],[-94.675447,64.177086],[-94.666469,64.154715],[-94.63718,64.139997],[-94.275406,64.139113],[-94.196664,64.123807],[-94.228455,64.065522],[-94.313968,64.014009],[-94.32589,63.985161],[-94.245087,63.938357],[-94.328245,63.952487],[-94.369161,63.976036],[-94.49353,64.008416],[-94.642331,64.019307],[-94.733731,64.042562],[-94.755661,64.06876],[-94.896073,64.113798],[-95.002633,64.123807],[-95.19132,64.07612],[-95.292729,64.079652],[-95.514532,64.048155],[-95.616235,64.054925],[-95.745902,64.035203],[-95.842307,64.049627],[-95.869977,64.06876],[-95.820965,64.082301],[-95.832445,64.097019],[-96.034232,64.140585],[-96.061166,64.158247],[-96.047478,64.164723],[-96.082949,64.181208],[-96.239404,64.171788],[-96.269134,64.191216],[-96.239404,64.205934],[-96.163752,64.185623],[-96.143147,64.198869]],[[-94.609215,64.104673],[-94.61157,64.091426],[-94.629821,64.08966],[-94.569623,64.057575],[-94.402719,64.048155],[-94.400069,64.05728],[-94.464535,64.08289],[-94.539892,64.08966],[-94.533122,64.103495],[-94.58287,64.116153],[-94.629821,64.109677],[-94.609215,64.104673]],[[-95.708224,64.149122],[-95.719262,64.129988],[-95.702189,64.113209],[-95.669809,64.111149],[-95.615499,64.129988],[-95.708224,64.149122]]]},"properties":{"name":"Baker Lake","nameZh":"貝克湖","rank":3}},{"type":"Feature","geometry":{"type":"Polygon","coordinates":[[[-73.364956,44.208307],[-73.358333,44.161798],[-73.411318,44.05877],[-73.392479,44.011083],[-73.403371,43.994304],[-73.399838,43.945734],[-73.365103,43.88068],[-73.375553,43.8274],[-73.353476,43.79502],[-73.35745,43.761462],[-73.371874,43.75116],[-73.371874,43.791193],[-73.40602,43.828872],[-73.392479,43.870671],[-73.426037,43.944851],[-73.420297,44.028451],[-73.435604,44.03581],[-73.454443,44.017854],[-73.458417,44.060242],[-73.423976,44.161209],[-73.433396,44.195355],[-73.337727,44.264236],[-73.378791,44.384043],[-73.378791,44.44998],[-73.399544,44.433496],[-73.40602,44.39464],[-73.411907,44.407003],[-73.398661,44.459694],[-73.420297,44.497078],[-73.395717,44.524454],[-73.430747,44.553891],[-73.454443,44.641611],[-73.438694,44.651619],[-73.435456,44.712847],[-73.411466,44.719323],[-73.398072,44.69754],[-73.386298,44.703133],[-73.416617,44.745816],[-73.373493,44.790265],[-73.400133,44.852965],[-73.378791,44.949516],[-73.358333,44.96394],[-73.365103,44.998086],[-73.334784,45.079919],[-73.317269,45.059314],[-73.337727,44.995437],[-73.305789,44.980424],[-73.297252,44.883578],[-73.282534,44.867683],[-73.269288,44.935092],[-73.200554,45.032232],[-73.14536,45.087278],[-73.133733,45.075798],[-73.095907,45.085218],[-73.078687,45.054015],[-73.098262,45.028406],[-73.098262,44.991021],[-73.128876,44.981307],[-73.138443,44.991316],[-73.131673,45.011038],[-73.168321,45.00103],[-73.203792,44.975126],[-73.216155,44.948633],[-73.170234,44.927733],[-73.182303,44.819701],[-73.173325,44.798802],[-73.14536,44.820585],[-73.146538,44.803511],[-73.187013,44.757885],[-73.229401,44.620123],[-73.229696,44.589214],[-73.194372,44.579795],[-73.20129,44.556834],[-73.241618,44.573319],[-73.268846,44.559778],[-73.310499,44.559778],[-73.272967,44.536817],[-73.263842,44.507675],[-73.22793,44.490897],[-73.221159,44.432318],[-73.240293,44.42437],[-73.241618,44.44998],[-73.269729,44.42231],[-73.268846,44.381099],[-73.301079,44.292201],[-73.279443,44.273067],[-73.364956,44.208307]],[[-73.338022,44.626304],[-73.310499,44.606876],[-73.27076,44.6422],[-73.276353,44.662217],[-73.317269,44.658684],[-73.261487,44.745227],[-73.272379,44.770248],[-73.339199,44.739634],[-73.351415,44.655446],[-73.338022,44.626304]]]},"properties":{"name":"Lake Champlain","nameZh":"尚普蘭湖","rank":3}},{"type":"Feature","geometry":{"type":"Polygon","coordinates":[[[-108.23327,55.910459],[-108.286403,55.881611],[-108.303329,55.831569],[-108.375595,55.808314],[-108.444476,55.830392],[-108.457134,55.782999],[-108.493341,55.726775],[-108.632133,55.692924],[-108.643025,55.664076],[-108.608437,55.619333],[-108.599165,55.579299],[-108.642583,55.523664],[-108.669371,55.550157],[-108.670548,55.595195],[-108.691006,55.629635],[-108.664366,55.759744],[-108.675699,55.795362],[-108.732659,55.847465],[-108.725153,55.896624],[-108.735602,55.911636],[-108.832595,55.941956],[-109.013041,55.920761],[-109.090753,55.958146],[-109.137704,56.030559],[-109.206144,56.086488],[-109.171556,56.126522],[-109.128431,56.14124],[-109.009361,56.115042],[-108.933121,56.126816],[-108.882785,56.119457],[-108.835539,56.071181],[-108.765186,56.046749],[-108.648323,55.973747],[-108.628895,55.941367],[-108.604905,55.937834],[-108.593277,55.919878],[-108.628895,55.892797],[-108.643908,55.859828],[-108.628895,55.831569],[-108.5712,55.86336],[-108.496284,55.870131],[-108.478623,55.920761],[-108.457134,55.943722],[-108.457576,55.98611],[-108.492311,56.010248],[-108.452571,56.029087],[-108.451835,56.079424],[-108.465082,56.106505],[-108.358375,56.156253],[-108.348366,56.174798],[-108.245928,56.168027],[-108.238569,56.216303],[-108.250932,56.251921],[-108.326142,56.305495],[-108.355284,56.298136],[-108.331735,56.266934],[-108.365145,56.263401],[-108.443446,56.346118],[-108.467142,56.346412],[-108.508353,56.321391],[-108.563988,56.325512],[-108.582239,56.380558],[-108.492311,56.483291],[-108.499228,56.524208],[-108.465082,56.552172],[-108.443888,56.593089],[-108.482596,56.608985],[-108.553833,56.475638],[-108.571789,56.475343],[-108.597104,56.511845],[-108.648176,56.473577],[-108.738105,56.490062],[-108.730451,56.522147],[-108.745611,56.598682],[-108.735308,56.631651],[-108.689976,56.66462],[-108.67673,56.688757],[-108.779463,56.702004],[-108.831565,56.67816],[-108.910749,56.667563],[-108.9159,56.681104],[-108.875278,56.722021],[-108.882785,56.743803],[-108.83495,56.797966],[-108.793445,56.812685],[-108.642583,56.812096],[-108.691006,56.743803],[-108.670695,56.721137],[-108.601961,56.719666],[-108.598429,56.684048],[-108.574291,56.674922],[-108.546621,56.684636],[-108.547651,56.70848],[-108.532638,56.715545],[-108.478623,56.70848],[-108.502908,56.694939],[-108.509089,56.67139],[-108.457576,56.674922],[-108.445654,56.639599],[-108.419455,56.627824],[-108.402382,56.58573],[-108.441238,56.521853],[-108.419897,56.460625],[-108.364851,56.414704],[-108.350427,56.410878],[-108.282576,56.468867],[-108.22856,56.418237],[-108.179107,56.415587],[-108.133628,56.436193],[-108.039873,56.41441],[-108.07343,56.335815],[-108.067102,56.298136],[-108.084027,56.264284],[-108.183228,56.290777],[-108.234595,56.288422],[-108.2343,56.2687],[-108.211929,56.247211],[-108.163359,56.24986],[-108.165861,56.192459],[-108.207808,56.13653],[-108.13613,56.106505],[-108.113611,56.058524],[-108.125533,56.027616],[-108.177047,56.037624],[-108.204864,55.971686],[-108.23327,55.956968],[-108.23327,55.910459]],[[-108.560603,56.598682],[-108.540145,56.640187],[-108.642583,56.654022],[-108.660245,56.651962],[-108.697188,56.612811],[-108.588862,56.537454],[-108.560603,56.558354],[-108.560603,56.598682]]]},"properties":{"name":"Churchill Lake","nameZh":"丘吉爾湖","rank":3}},{"type":"Feature","geometry":{"type":"Polygon","coordinates":[[[-117.794953,63.137392],[-117.749915,63.157409],[-117.938603,63.14328],[-117.935512,63.164768],[-117.951555,63.18714],[-117.982757,63.191555],[-117.962152,63.212161],[-118.004393,63.219814],[-118.082694,63.195382],[-118.119931,63.205979],[-118.092555,63.225702],[-118.114485,63.225407],[-118.12729,63.239242],[-118.099325,63.253077],[-118.205002,63.244246],[-118.222958,63.253077],[-118.111247,63.285163],[-118.125671,63.311362],[-118.327605,63.265735],[-118.339526,63.27486],[-118.298021,63.293994],[-118.335405,63.309007],[-118.564862,63.306357],[-118.66789,63.328729],[-118.609164,63.383775],[-118.626973,63.403792],[-118.580905,63.400259],[-118.544993,63.418216],[-118.576637,63.436466],[-118.572663,63.453245],[-118.421507,63.479443],[-118.319068,63.540966],[-118.249598,63.554801],[-118.208829,63.548619],[-118.168207,63.567753],[-118.038245,63.586886],[-118.005423,63.566281],[-118.001449,63.522715],[-117.953026,63.457366],[-117.763603,63.403792],[-117.777291,63.390251],[-117.748443,63.384364],[-117.605971,63.390251],[-117.558137,63.369646],[-117.578595,63.356694],[-117.563583,63.349334],[-117.528406,63.353456],[-117.499117,63.341092],[-117.523991,63.315188],[-117.455109,63.308418],[-117.445395,63.287812],[-117.395059,63.306652],[-117.376073,63.274566],[-117.386817,63.239242],[-117.329122,63.22423],[-117.310135,63.209512],[-117.325295,63.191555],[-117.295711,63.181253],[-117.290707,63.157409],[-117.256414,63.14328],[-117.585366,63.095887],[-117.782001,63.113254],[-117.801576,63.118553],[-117.794953,63.137392]],[[-117.930508,63.275449],[-117.78465,63.32137],[-117.812909,63.340798],[-117.855445,63.344919],[-117.935512,63.32137],[-117.914465,63.308418],[-117.942429,63.304886],[-117.955381,63.287812],[-117.930508,63.275449]]]},"properties":{"name":"Lac la Martre","nameZh":"馬特爾湖","rank":3}},{"type":"Feature","geometry":{"type":"Polygon","coordinates":[[[-77.103381,42.559868],[-77.066291,42.661129],[-77.066585,42.620213],[-77.103675,42.516891],[-77.144444,42.486277],[-77.172703,42.4433],[-77.216416,42.414746],[-77.154453,42.51012],[-77.154453,42.612854],[-77.135613,42.595192],[-77.129285,42.537791],[-77.103381,42.559868]]]},"properties":{"name":"Keuka Lake","nameZh":"奎爾加湖","rank":4}},{"type":"Feature","geometry":{"type":"Polygon","coordinates":[[[-76.866417,42.461845],[-76.867742,42.389431],[-76.910719,42.456841],[-76.925732,42.62139],[-76.908217,42.665839],[-76.952666,42.712643],[-76.966207,42.745023],[-76.970034,42.880725],[-76.958112,42.874543],[-76.921758,42.749733],[-76.866417,42.661129],[-76.863915,42.631693],[-76.896884,42.528077],[-76.866417,42.461845]]]},"properties":{"name":"Seneca Lake","nameZh":"塞內卡湖","rank":4}},{"type":"Feature","geometry":{"type":"Polygon","coordinates":[[[-76.640493,42.612854],[-76.517007,42.517185],[-76.508471,42.490398],[-76.51686,42.48039],[-76.585888,42.558102],[-76.656683,42.593131],[-76.709374,42.688505],[-76.77487,42.757386],[-76.780169,42.788295],[-76.7472,42.849228],[-76.750291,42.914282],[-76.738222,42.944602],[-76.712759,42.737075],[-76.681851,42.706461],[-76.640493,42.612854]]]},"properties":{"name":"Cayuga Lake","nameZh":"卡尤加湖","rank":4}},{"type":"Feature","geometry":{"type":"Polygon","coordinates":[[[-106.18273,57.456459],[-106.174193,57.424668],[-106.210105,57.415542],[-106.203041,57.396703],[-106.285168,57.352843],[-106.277662,57.37963],[-106.244104,57.394348],[-106.296207,57.399941],[-106.365383,57.364323],[-106.443536,57.352843],[-106.532287,57.311926],[-106.564814,57.315459],[-106.504028,57.362557],[-106.635903,57.35402],[-106.70346,57.305745],[-106.768661,57.305745],[-106.777639,57.309866],[-106.772782,57.328116],[-106.709641,57.346661],[-106.676231,57.387578],[-106.70449,57.397586],[-106.81002,57.390816],[-106.812669,57.35402],[-106.828859,57.331649],[-106.854763,57.327822],[-106.868009,57.339891],[-106.902744,57.311043],[-106.952492,57.294264],[-106.970448,57.27101],[-106.923203,57.264534],[-107.062437,57.214197],[-107.093934,57.223028],[-107.066705,57.236569],[-107.135145,57.246283],[-107.052428,57.28455],[-106.990906,57.28455],[-106.97869,57.300446],[-107.0252,57.327528],[-107.151629,57.33106],[-107.176503,57.346661],[-107.036238,57.384045],[-107.029468,57.404651],[-106.992378,57.429083],[-107.018577,57.448217],[-107.091726,57.462346],[-107.079657,57.475298],[-107.025641,57.490017],[-106.983989,57.462641],[-106.941306,57.452632],[-106.94999,57.399352],[-106.908926,57.421724],[-106.859326,57.482069],[-106.814288,57.496493],[-106.758211,57.544474],[-106.696689,57.566257],[-106.656656,57.595693],[-106.590571,57.621009],[-106.398646,57.651917],[-106.367002,57.691362],[-106.29709,57.722859],[-106.272069,57.723447],[-106.278987,57.682236],[-106.202305,57.697249],[-106.113848,57.675466],[-106.113848,57.655155],[-106.096039,57.648384],[-106.042318,57.647207],[-106.188911,57.566257],[-106.150938,57.537409],[-106.045703,57.552127],[-106.128567,57.498259],[-106.128125,57.482952],[-106.083676,57.479419],[-106.096187,57.419664],[-106.085884,57.401119],[-106.154029,57.395231],[-106.134307,57.44233],[-106.107667,57.466173],[-106.168453,57.465879],[-106.18273,57.456459]],[[-106.488574,57.519747],[-106.484453,57.535054],[-106.637817,57.493549],[-106.655184,57.497376],[-106.641496,57.517981],[-106.657686,57.521808],[-106.729805,57.47677],[-106.751294,57.435265],[-106.665928,57.458814],[-106.575264,57.457931],[-106.550832,57.48825],[-106.488574,57.519747]]]},"properties":{"name":"Cree Lake","nameZh":"克里湖","rank":4}},{"type":"Feature","geometry":{"type":"Polygon","coordinates":[[[-99.768535,62.889832],[-99.70245,62.881884],[-99.679196,62.896897],[-99.683758,62.914559],[-99.637543,62.925745],[-99.563069,62.979319],[-99.576757,62.993448],[-99.53584,63.014054],[-99.556299,63.027006],[-99.452388,63.066745],[-99.436492,63.095887],[-99.396312,63.09206],[-99.36452,63.164768],[-99.282393,63.195971],[-99.261493,63.191555],[-99.344062,63.130033],[-99.323457,63.102363],[-99.340677,63.086762],[-99.33685,63.063507],[-99.296228,63.033187],[-99.236766,63.029655],[-99.169357,63.00434],[-99.152284,62.993448],[-99.138596,62.951354],[-99.10445,62.928394],[-99.194967,62.910143],[-99.224698,62.895131],[-99.247069,62.854508],[-99.353923,62.829193],[-99.415445,62.797696],[-99.465635,62.818007],[-99.499339,62.80535],[-99.577199,62.814475],[-99.652556,62.799757],[-99.758821,62.814769],[-99.768535,62.829193],[-99.748077,62.848915],[-99.793703,62.879529],[-99.768535,62.889832]]]},"properties":{"name":null,"nameZh":null,"rank":4}},{"type":"Feature","geometry":{"type":"Polygon","coordinates":[[[-102.591634,60.341522],[-102.55793,60.347703],[-102.571618,60.328864],[-102.561021,60.313557],[-102.485663,60.286181],[-102.448721,60.306493],[-102.434297,60.352119],[-102.406921,60.371841],[-102.338628,60.374491],[-102.317729,60.38862],[-102.305954,60.423944],[-102.331711,60.459267],[-102.381017,60.447199],[-102.401475,60.413052],[-102.420756,60.416585],[-102.410012,60.470748],[-102.448721,60.505777],[-102.426938,60.525794],[-102.456521,60.526383],[-102.462997,60.537274],[-102.454314,60.577308],[-102.365563,60.646777],[-102.221619,60.662967],[-102.235895,60.621462],[-102.205281,60.613514],[-102.197922,60.563472],[-102.139491,60.55317],[-102.16569,60.514314],[-102.160097,60.468098],[-102.148469,60.454558],[-102.038819,60.419234],[-101.994517,60.38862],[-101.945947,60.376846],[-101.930345,60.339756],[-101.940354,60.278822],[-101.875888,60.239083],[-101.869706,60.213473],[-101.82879,60.178444],[-101.830409,60.119571],[-101.86117,60.103676],[-101.905177,60.028907],[-101.872061,59.970917],[-101.889282,59.96032],[-101.92696,60.008302],[-101.981712,60.035383],[-101.995547,60.019193],[-101.96508,60.001237],[-101.95831,59.965324],[-102.038671,59.910867],[-102.057658,59.930001],[-102.022923,59.970917],[-102.036464,60.005064],[-102.102107,60.015366],[-102.137578,60.061876],[-102.180113,60.083364],[-102.230597,60.191396],[-102.263124,60.2173],[-102.341719,60.217889],[-102.358204,60.269403],[-102.373805,60.27529],[-102.437682,60.232607],[-102.585011,60.223482],[-102.660368,60.204348],[-102.628283,60.24497],[-102.591634,60.341522]]]},"properties":{"name":"Kasba Lake","nameZh":"卡斯巴湖","rank":4}},{"type":"Feature","geometry":{"type":"Polygon","coordinates":[[[-90.428509,30.326095],[-90.401133,30.298719],[-90.449261,30.211293],[-90.475607,30.188921],[-90.546549,30.176852],[-90.575544,30.190099],[-90.592911,30.216297],[-90.575544,30.219535],[-90.585405,30.257802],[-90.575985,30.284295],[-90.499892,30.347289],[-90.475607,30.354059],[-90.428509,30.326095]]]},"properties":{"name":null,"nameZh":null,"rank":4}},{"type":"Feature","geometry":{"type":"Polygon","coordinates":[[[-73.955303,56.10886],[-73.95236,56.093847],[-73.97532,56.07177],[-73.966636,56.051459],[-73.98371,56.015841],[-74.036106,55.961972],[-74.111758,55.947549],[-74.225382,55.959617],[-74.248932,55.948137],[-74.187557,55.928415],[-74.261442,55.936951],[-74.287052,55.949609],[-74.270126,55.969331],[-74.200803,55.976102],[-74.185349,55.989643],[-74.214785,56.002889],[-74.208015,55.989643],[-74.2819,55.990231],[-74.366089,56.045572],[-74.511504,56.070593],[-74.567728,56.057935],[-74.809695,56.093847],[-74.742433,56.119457],[-74.852231,56.160963],[-74.797038,56.174798],[-74.848551,56.24986],[-74.801453,56.269583],[-74.802336,56.287539],[-74.825002,56.304318],[-74.715057,56.318742],[-74.742433,56.339053],[-74.646029,56.331105],[-74.626306,56.332282],[-74.626306,56.345529],[-74.455428,56.347589],[-74.434528,56.339053],[-74.434528,56.327278],[-74.35505,56.307556],[-74.345336,56.288422],[-74.289848,56.268994],[-74.256438,56.236025],[-74.278957,56.23838],[-74.280281,56.228961],[-74.256438,56.201879],[-74.302064,56.202468],[-74.26262,56.153603],[-74.16651,56.134175],[-74.047439,56.152426],[-73.955303,56.10886]]]},"properties":{"name":"Lac-à-l'Eau-Claire","nameZh":"歐克萊爾湖","rank":4}},{"type":"Feature","geometry":{"type":"Polygon","coordinates":[[[-80.435877,46.257081],[-80.457807,46.265912],[-80.470906,46.286223],[-80.462075,46.296821],[-80.445885,46.297704],[-80.428812,46.277981],[-80.379212,46.29947],[-80.316807,46.30624],[-80.306798,46.296526],[-80.321516,46.251489],[-80.275301,46.244129],[-80.162854,46.265912],[-80.096917,46.254727],[-80.087791,46.265912],[-80.096475,46.275332],[-80.156084,46.286518],[-80.122526,46.293288],[-80.169772,46.333616],[-80.066155,46.345096],[-80.039957,46.333616],[-80.012728,46.374827],[-80.000659,46.373355],[-79.990945,46.34127],[-79.903225,46.340092],[-79.874819,46.321253],[-79.771055,46.344508],[-79.730433,46.37571],[-79.683041,46.374827],[-79.628436,46.368351],[-79.580602,46.34127],[-79.502743,46.325668],[-79.431359,46.247662],[-79.360123,46.208511],[-79.382053,46.197031],[-79.466389,46.21381],[-79.519227,46.199092],[-79.538655,46.179958],[-79.525409,46.149344],[-79.547339,46.130211],[-79.67627,46.204685],[-79.771497,46.221169],[-79.868048,46.204685],[-79.997716,46.141396],[-80.033187,46.16995],[-79.959448,46.182019],[-79.909848,46.224701],[-80.036572,46.251783],[-80.282072,46.220286],[-80.327404,46.231177],[-80.360078,46.282397],[-80.435877,46.257081]]]},"properties":{"name":"Lake Nipissing","nameZh":"尼皮辛湖","rank":4}},{"type":"Feature","geometry":{"type":"Polygon","coordinates":[[[-76.546296,56.138296],[-76.613117,56.168027],[-76.456074,56.168027],[-76.481095,56.183334],[-76.571612,56.181568],[-76.499198,56.203351],[-76.479476,56.246622],[-76.447537,56.262224],[-76.462991,56.290777],[-76.369825,56.32198],[-76.368059,56.336992],[-76.388223,56.34965],[-76.442533,56.359658],[-76.407651,56.390272],[-76.442533,56.41441],[-76.435174,56.436782],[-76.366146,56.475638],[-76.39411,56.496832],[-76.404119,56.540103],[-76.353194,56.565124],[-76.353194,56.530389],[-76.305948,56.496832],[-76.353194,56.490062],[-76.269889,56.455327],[-76.291671,56.427951],[-76.201007,56.415882],[-76.217933,56.392627],[-76.297853,56.387034],[-76.282546,56.37732],[-76.297853,56.359658],[-76.288139,56.347884],[-76.193648,56.325512],[-76.154203,56.280769],[-75.944616,56.205117],[-75.921803,56.188338],[-75.968312,56.181568],[-75.883241,56.143595],[-75.887362,56.13182],[-76.004519,56.13653],[-76.078699,56.112687],[-76.202185,56.126816],[-76.304623,56.112687],[-76.447096,56.13653],[-76.546296,56.138296]]]},"properties":{"name":null,"nameZh":null,"rank":4}},{"type":"Feature","geometry":{"type":"Polygon","coordinates":[[[-156.57831,57.798216],[-156.554908,57.752884],[-156.570656,57.71756],[-156.619373,57.681942],[-156.646749,57.643969],[-156.685753,57.632783],[-156.721371,57.59481],[-156.796139,57.572438],[-156.796139,57.524163],[-156.741535,57.510916],[-156.792607,57.480303],[-156.783187,57.462641],[-156.804676,57.428494],[-156.82484,57.421135],[-156.845151,57.435265],[-156.831021,57.461758],[-156.84206,57.474415],[-156.981441,57.472649],[-157.038106,57.509739],[-157.019562,57.55772],[-157.097862,57.566257],[-157.07814,57.582153],[-156.848242,57.565668],[-156.810416,57.572438],[-156.85148,57.607173],[-156.85251,57.655155],[-156.789957,57.696071],[-156.693848,57.700781],[-156.728583,57.726391],[-156.713423,57.748174],[-156.66132,57.77761],[-156.57831,57.798216]]]},"properties":{"name":null,"nameZh":null,"rank":4}},{"type":"Feature","geometry":{"type":"Polygon","coordinates":[[[-159.727564,66.523169],[-159.66825,66.491966],[-159.640727,66.460175],[-159.64838,66.433387],[-159.736101,66.419258],[-159.866799,66.446339],[-159.914486,66.419258],[-159.953194,66.421613],[-159.9738,66.427206],[-160.008829,66.477248],[-160.016188,66.49226],[-159.997055,66.501091],[-160.114653,66.496676],[-160.141146,66.50845],[-160.148652,66.532588],[-160.104498,66.548484],[-160.079035,66.542597],[-160.08816,66.525229],[-160.015305,66.512277],[-159.920814,66.552311],[-159.842513,66.556432],[-159.727564,66.523169]]]},"properties":{"name":null,"nameZh":null,"rank":4}},{"type":"Feature","geometry":{"type":"Polygon","coordinates":[[[-115.073704,60.357123],[-115.050596,60.333868],[-115.073704,60.292363],[-115.125659,60.272641],[-115.125659,60.251446],[-115.166576,60.232313],[-115.139347,60.221421],[-115.14494,60.179916],[-115.199986,60.197578],[-115.24885,60.173146],[-115.331125,60.155778],[-115.282555,60.129874],[-115.28491,60.106619],[-115.324796,60.093079],[-115.368657,60.116628],[-115.426793,60.120749],[-115.584278,60.176384],[-115.714682,60.176384],[-115.829925,60.138116],[-115.848323,60.16196],[-115.897776,60.154895],[-115.941195,60.196695],[-115.804021,60.257039],[-115.496263,60.251446],[-115.329212,60.288536],[-115.291092,60.327392],[-115.241344,60.350941],[-115.133018,60.36772],[-115.073704,60.357123]]]},"properties":{"name":null,"nameZh":null,"rank":4}},{"type":"Feature","geometry":{"type":"Polygon","coordinates":[[[-76.498168,53.297977],[-76.64432,53.28061],[-76.695686,53.255589],[-76.680085,53.23881],[-76.645644,53.247346],[-76.626805,53.235277],[-76.634311,53.228213],[-76.592659,53.242048],[-76.578971,53.235277],[-76.684059,53.207018],[-76.701868,53.207313],[-76.68141,53.228213],[-76.701868,53.2341],[-76.714673,53.224386],[-76.729832,53.186707],[-76.640493,53.193478],[-76.66154,53.173755],[-76.654328,53.155799],[-76.80254,53.17405],[-76.834185,53.153444],[-76.838894,53.144025],[-76.818583,53.138432],[-76.866712,53.10664],[-76.877603,53.083386],[-76.860236,53.056304],[-76.839777,53.071905],[-76.824618,53.061603],[-76.815051,53.039231],[-76.822999,53.004202],[-76.85847,52.985362],[-76.846548,52.974471],[-76.74352,52.98183],[-76.634311,52.9677],[-76.87098,52.965051],[-76.942216,52.98183],[-76.887464,52.987423],[-76.893205,53.005968],[-76.880694,53.022158],[-76.931913,53.039231],[-76.935151,53.050417],[-76.90807,53.08368],[-76.983133,53.097221],[-76.980778,53.108995],[-76.928381,53.131956],[-76.880694,53.173755],[-76.875837,53.202309],[-76.915429,53.214672],[-76.815934,53.232039],[-76.832271,53.235277],[-76.83389,53.249701],[-76.931913,53.238515],[-76.954579,53.253822],[-76.942216,53.268541],[-76.873188,53.275311],[-76.904538,53.305925],[-76.901152,53.317111],[-76.85111,53.304747],[-76.839042,53.317111],[-76.856556,53.336244],[-76.912191,53.34537],[-76.903507,53.371568],[-76.7681,53.436034],[-76.708197,53.479894],[-76.65477,53.488431],[-76.803129,53.337422],[-76.799302,53.322704],[-76.760888,53.313284],[-76.706578,53.344781],[-76.701868,53.364798],[-76.744109,53.344487],[-76.712318,53.387169],[-76.680526,53.397766],[-76.65477,53.439861],[-76.620035,53.447514],[-76.602962,53.478128],[-76.503908,53.488431],[-76.551595,53.439861],[-76.478445,53.416017],[-76.469173,53.402771],[-76.478151,53.383931],[-76.527163,53.366564],[-76.609732,53.364798],[-76.636813,53.376867],[-76.69392,53.332418],[-76.680968,53.313284],[-76.667869,53.317111],[-76.675228,53.289146],[-76.606347,53.296505],[-76.551595,53.317111],[-76.552772,53.338599],[-76.527457,53.344487],[-76.489631,53.309752],[-76.498168,53.297977]],[[-76.744109,53.426908],[-76.832271,53.378338],[-76.776636,53.395706],[-76.744109,53.426908]],[[-76.7759,53.274722],[-76.757208,53.289146],[-76.794887,53.292973],[-76.825501,53.268541],[-76.7759,53.274722]]]},"properties":{"name":"Lake Sakami","nameZh":"薩卡米湖","rank":4}},{"type":"Feature","geometry":{"type":"Polygon","coordinates":[[[-105.106534,21.82898],[-105.019403,21.798955],[-105.020874,21.777761],[-105.065471,21.807786],[-105.113893,21.815145],[-105.106534,21.82898]]]},"properties":{"name":null,"nameZh":null,"rank":4}},{"type":"Feature","geometry":{"type":"Polygon","coordinates":[[[-105.860695,59.99741],[-105.911767,59.985636],[-106.00199,60.015072],[-106.062187,59.992406],[-106.06675,59.950901],[-106.108697,59.932061],[-106.120766,59.896443],[-106.063659,59.906746],[-106.050266,59.846401],[-106.032015,59.833744],[-106.077494,59.824324],[-106.09339,59.805779],[-106.195829,59.792533],[-106.18273,59.841692],[-106.216876,59.868479],[-106.164479,59.906157],[-106.17228,59.926468],[-106.190089,59.93059],[-106.237481,59.907335],[-106.313133,59.844635],[-106.305479,59.82609],[-106.286787,59.824324],[-106.244104,59.841103],[-106.261325,59.799597],[-106.313133,59.792533],[-106.346543,59.813138],[-106.399087,59.792827],[-106.394819,59.834921],[-106.355521,59.923819],[-106.304302,59.950901],[-106.257792,59.99741],[-106.290761,60.023609],[-106.399529,60.020665],[-106.399823,60.035678],[-106.381425,60.046569],[-106.429848,60.06011],[-106.386724,60.087191],[-106.292675,60.114861],[-106.258528,60.086308],[-106.292675,60.06011],[-106.209664,60.036855],[-106.216876,60.019193],[-106.199803,60.005947],[-106.169189,60.036561],[-106.18273,60.06011],[-106.135337,60.076005],[-106.17537,60.114861],[-106.118705,60.136056],[-106.076611,60.187864],[-105.930901,60.208469],[-105.891309,60.232607],[-105.803883,60.257039],[-105.794316,60.228486],[-105.806091,60.211119],[-105.887924,60.176384],[-105.812861,60.155189],[-105.770767,60.161665],[-105.642719,60.227014],[-105.606806,60.232313],[-105.637862,60.194045],[-105.710864,60.169613],[-105.791078,60.115156],[-105.910443,60.102498],[-106.043348,60.147536],[-106.061746,60.10397],[-106.113848,60.046569],[-106.105753,60.026552],[-106.042171,60.06011],[-105.92207,60.066586],[-105.86879,60.044508],[-105.853336,60.023314],[-105.860695,59.99741]]]},"properties":{"name":"Scott Lake","nameZh":"斯科特湖","rank":4}},{"type":"Feature","geometry":{"type":"Polygon","coordinates":[[[-72.678793,81.683804],[-72.905895,81.673207],[-72.874545,81.691458],[-69.054435,81.954472],[-68.921382,81.943286],[-68.975987,81.920179],[-69.3775,81.904872],[-69.488033,81.874258],[-72.785942,81.649069],[-72.816997,81.660108],[-72.679824,81.667025],[-72.693512,81.673207],[-72.678793,81.683804]]]},"properties":{"name":null,"nameZh":null,"rank":4}},{"type":"Feature","geometry":{"type":"Polygon","coordinates":[[[-89.32376,52.857903],[-89.551451,52.878214],[-89.468293,52.90559],[-89.396174,52.898819],[-89.431645,52.945918],[-89.475652,52.9677],[-89.340539,52.95887],[-89.279605,53.020686],[-89.233096,53.022158],[-89.211755,53.002435],[-89.20675,52.974176],[-89.153618,52.940325],[-89.129627,52.970644],[-89.078555,52.98183],[-89.030573,52.960047],[-88.992895,52.998609],[-88.912828,53.000669],[-88.989362,52.950922],[-89.040582,52.857608],[-89.174517,52.863496],[-89.215581,52.844068],[-89.214109,52.830527],[-89.257234,52.849072],[-89.268567,52.877036],[-89.283727,52.880274],[-89.32376,52.857903]]]},"properties":{"name":null,"nameZh":null,"rank":4}},{"type":"Feature","geometry":{"type":"Polygon","coordinates":[[[-70.992528,53.24352],[-70.98723,53.248229],[-70.99665,53.23881],[-70.992528,53.24352]]]},"properties":{"name":null,"nameZh":null,"rank":4}},{"type":"Feature","geometry":{"type":"Polygon","coordinates":[[[-101.995547,57.021978],[-101.9954,57.021978],[-101.996872,57.0208],[-101.996872,57.0208],[-101.995547,57.021978]]]},"properties":{"name":null,"nameZh":null,"rank":4}},{"type":"Feature","geometry":{"type":"Polygon","coordinates":[[[-110.206982,44.392579],[-110.198003,44.319577],[-110.210955,44.312806],[-110.249812,44.326347],[-110.262175,44.39464],[-110.279837,44.409063],[-110.298529,44.331057],[-110.279837,44.312806],[-110.302356,44.298088],[-110.344891,44.389635],[-110.424517,44.387281],[-110.3836,44.40141],[-110.378154,44.416717],[-110.397141,44.439089],[-110.479121,44.44998],[-110.490896,44.423193],[-110.511354,44.413185],[-110.541968,44.418189],[-110.566253,44.444387],[-110.526955,44.484126],[-110.462931,44.468525],[-110.405089,44.495901],[-110.397141,44.531813],[-110.406855,44.543882],[-110.397141,44.552419],[-110.359315,44.569786],[-110.319723,44.568903],[-110.279837,44.552419],[-110.266885,44.435556],[-110.206982,44.392579]]]},"properties":{"name":"Yellowstone Lake","nameZh":"黃石湖","rank":4}},{"type":"Feature","geometry":{"type":"Polygon","coordinates":[[[-152.952332,70.585393],[-152.927311,70.568909],[-152.952332,70.551836],[-153.012088,70.560667],[-153.068459,70.532114],[-153.274514,70.535057],[-153.569172,70.462938],[-153.650123,70.489725],[-153.671611,70.482955],[-153.657923,70.476773],[-153.675732,70.467059],[-153.696338,70.469414],[-153.709878,70.480305],[-153.706346,70.497084],[-153.766838,70.513274],[-153.78185,70.500028],[-153.760951,70.462938],[-153.776846,70.462349],[-153.806577,70.470591],[-153.853528,70.510625],[-153.905336,70.497084],[-153.946253,70.527404],[-154.000563,70.523871],[-154.057081,70.562727],[-154.102707,70.562433],[-154.12346,70.585393],[-154.076362,70.609826],[-154.099617,70.636318],[-154.170264,70.647799],[-154.251656,70.641028],[-154.26814,70.647799],[-154.240764,70.664283],[-154.26814,70.68901],[-154.1788,70.667815],[-154.192341,70.681356],[-154.177034,70.689598],[-154.116984,70.661045],[-154.079453,70.667815],[-154.055756,70.695191],[-154.018961,70.697546],[-153.986875,70.681356],[-154.008069,70.667815],[-153.975248,70.668404],[-153.959646,70.709321],[-153.943309,70.713736],[-153.890765,70.695191],[-153.799365,70.743173],[-153.612591,70.746999],[-153.493521,70.715502],[-153.421107,70.709615],[-153.405212,70.673703],[-153.369446,70.651037],[-153.350165,70.647799],[-153.356936,70.661045],[-153.292764,70.675175],[-153.225944,70.674586],[-153.044468,70.630137],[-152.949094,70.598345],[-152.952332,70.585393]]]},"properties":{"name":"Teshekpuk Lake","nameZh":"特什普克湖","rank":4}},{"type":"Feature","geometry":{"type":"Polygon","coordinates":[[[-114.18649,47.906698],[-114.138803,47.923771],[-114.167209,48.01002],[-114.201208,48.032686],[-114.199884,48.071836],[-114.142483,48.095091],[-114.114518,48.064183],[-114.069922,48.061239],[-114.016495,47.963216],[-114.02091,47.871669],[-114.00163,47.810735],[-114.009283,47.763637],[-114.021793,47.751862],[-114.042546,47.759516],[-114.056823,47.793662],[-114.069628,47.784537],[-114.042546,47.718305],[-114.166179,47.715361],[-114.154699,47.750979],[-114.107748,47.783654],[-114.105834,47.798078],[-114.216663,47.828692],[-114.283336,47.819861],[-114.316893,47.841938],[-114.205918,47.878145],[-114.18649,47.906698]]]},"properties":{"name":"Flathead Lake","nameZh":"弗拉特黑德湖","rank":4}},{"type":"Feature","geometry":{"type":"Polygon","coordinates":[[[-111.739736,58.607128],[-111.816123,58.607128],[-111.819508,58.565917],[-111.836729,58.559441],[-111.796989,58.504101],[-111.822599,58.474076],[-111.911791,58.449644],[-111.842321,58.441401],[-111.829222,58.429038],[-111.872935,58.401074],[-111.750774,58.343378],[-111.829222,58.313059],[-111.82098,58.296869],[-111.733554,58.305405],[-111.747536,58.286566],[-111.798314,58.275086],[-111.853654,58.286566],[-111.893246,58.31453],[-111.950795,58.303345],[-112.021,58.326599],[-112.058826,58.316002],[-112.11034,58.339551],[-112.134331,58.356919],[-112.124028,58.373698],[-112.150226,58.4049],[-112.235298,58.42374],[-112.28843,58.456414],[-112.205861,58.449644],[-112.247955,58.466422],[-112.246925,58.483495],[-112.179221,58.510871],[-112.199385,58.55061],[-112.266206,58.587406],[-112.28843,58.579753],[-112.274154,58.546489],[-112.343182,58.552082],[-112.42266,58.577986],[-112.453274,58.608895],[-112.459897,58.675421],[-112.437673,58.711922],[-112.35216,58.771089],[-112.091354,58.850568],[-112.079285,58.82643],[-111.999953,58.820248],[-111.986854,58.806413],[-111.99333,58.778448],[-112.079285,58.785219],[-112.161707,58.769323],[-112.158763,58.792283],[-112.205861,58.781098],[-112.207186,58.758137],[-112.096063,58.744302],[-112.085761,58.725168],[-112.10357,58.702797],[-111.959478,58.702797],[-111.945202,58.737532],[-111.91606,58.74548],[-111.903402,58.741064],[-111.894424,58.711628],[-111.8382,58.74283],[-111.816123,58.723697],[-111.804496,58.687195],[-111.76093,58.669239],[-111.754454,58.680719],[-111.7677,58.689845],[-111.729433,58.6922],[-111.698819,58.669239],[-111.710446,58.63421],[-111.739736,58.607128]]]},"properties":{"name":"Lake Claire","nameZh":"克萊爾湖","rank":4}},{"type":"Feature","geometry":{"type":"Polygon","coordinates":[[[-88.831436,15.764196],[-88.890603,15.689133],[-88.92107,15.697375],[-88.941234,15.674709],[-88.97538,15.667939],[-89.002756,15.603179],[-88.989068,15.50751],[-89.089005,15.429504],[-89.147436,15.408015],[-89.263415,15.421556],[-89.249728,15.414786],[-89.265182,15.396535],[-89.31699,15.365332],[-89.336859,15.39418],[-89.332002,15.449226],[-89.407507,15.476013],[-89.364677,15.518991],[-89.268714,15.524583],[-89.235009,15.569032],[-89.184526,15.586106],[-89.135367,15.575508],[-89.066486,15.597586],[-88.996427,15.667939],[-88.943442,15.695609],[-88.940498,15.718275],[-88.920776,15.73682],[-88.88501,15.743885],[-88.840414,15.7901],[-88.831436,15.764196]]]},"properties":{"name":"Lago de Izabal","nameZh":"伊薩瓦爾湖","rank":5}},{"type":"Feature","geometry":{"type":"Polygon","coordinates":[[[-102.776348,20.198497],[-102.685684,20.196731],[-102.714973,20.149927],[-102.793863,20.129322],[-102.812555,20.105478],[-102.877168,20.160524],[-103.003008,20.170532],[-103.068063,20.197025],[-103.087785,20.173476],[-103.183306,20.172299],[-103.399222,20.234115],[-103.42807,20.256192],[-103.414971,20.270028],[-103.310177,20.287689],[-103.174917,20.28033],[-103.150338,20.300641],[-103.035388,20.334788],[-102.90057,20.328017],[-102.831688,20.300641],[-102.780469,20.309767],[-102.738816,20.283274],[-102.726895,20.260608],[-102.776348,20.198497]]]},"properties":{"name":"Lago de Chapala","nameZh":"查帕拉湖","rank":5}},{"type":"Feature","geometry":{"type":"Polygon","coordinates":[[[-86.124022,12.344273],[-86.097235,12.330438],[-86.090759,12.311305],[-86.102386,12.214165],[-86.11784,12.180313],[-86.148896,12.168832],[-86.300641,12.164711],[-86.325073,12.178252],[-86.289602,12.228294],[-86.303879,12.281868],[-86.332432,12.293348],[-86.365106,12.287461],[-86.425451,12.246545],[-86.575871,12.321313],[-86.593974,12.345745],[-86.596771,12.405796],[-86.577196,12.423163],[-86.562625,12.400497],[-86.501986,12.392549],[-86.446498,12.451716],[-86.289602,12.501464],[-86.275472,12.495577],[-86.27194,12.433466],[-86.220426,12.377537],[-86.200262,12.27657],[-86.124022,12.344273]]]},"properties":{"name":"Lago de Managua","nameZh":"马那瓜湖","rank":5}},{"type":"Feature","geometry":{"type":"Polygon","coordinates":[[[-92.669061,48.41742],[-92.885419,48.436848],[-92.967399,48.42419],[-93.087205,48.487773],[-93.095006,48.503668],[-93.076903,48.526629],[-93.050116,48.52398],[-92.928543,48.461869],[-92.840381,48.465695],[-92.819923,48.458336],[-92.854069,48.451566],[-92.789015,48.45186],[-92.753102,48.458925],[-92.727198,48.501902],[-92.673329,48.501314],[-92.648603,48.519858],[-92.855688,48.53546],[-92.909704,48.562836],[-92.970784,48.560775],[-92.937227,48.581969],[-92.962248,48.600809],[-93.142104,48.58874],[-93.121352,48.565485],[-93.080729,48.560775],[-93.095889,48.54694],[-93.195384,48.55842],[-93.171688,48.582558],[-93.183168,48.598454],[-93.381717,48.615821],[-93.326523,48.649967],[-93.343597,48.663508],[-93.40556,48.657621],[-93.414833,48.668807],[-93.408945,48.733272],[-93.374799,48.691178],[-93.346246,48.68588],[-93.334324,48.710901],[-93.363319,48.742398],[-93.350956,48.770951],[-93.556128,48.834534],[-93.587772,48.814517],[-93.642376,48.821287],[-93.630454,48.8363],[-93.570404,48.856317],[-93.459576,48.823054],[-93.429109,48.824525],[-93.415863,48.838655],[-93.457368,48.862498],[-93.416452,48.876628],[-93.427049,48.888402],[-93.484744,48.896645],[-93.432347,48.920782],[-93.352722,48.913718],[-93.311364,48.959638],[-93.279278,48.818049],[-93.217167,48.807747],[-93.193912,48.787435],[-93.209514,48.74387],[-93.183168,48.739454],[-93.20083,48.719143],[-93.279278,48.691178],[-93.256318,48.665569],[-93.217167,48.664391],[-93.179783,48.711784],[-93.121646,48.739454],[-93.106339,48.722087],[-93.151671,48.707368],[-93.176251,48.677932],[-93.1084,48.657915],[-92.946794,48.705897],[-92.92295,48.691178],[-92.997424,48.657621],[-92.779006,48.677932],[-92.894986,48.649967],[-92.854069,48.629656],[-92.888951,48.609051],[-92.733969,48.601692],[-92.719545,48.597865],[-92.727198,48.571667],[-92.716454,48.566957],[-92.682749,48.581969],[-92.652135,48.615821],[-92.645512,48.576671],[-92.552493,48.550767],[-92.60386,48.529278],[-92.590319,48.50308],[-92.545575,48.50308],[-92.559999,48.487478],[-92.665529,48.48424],[-92.676567,48.465107],[-92.478755,48.472466],[-92.464037,48.4498],[-92.470513,48.42419],[-92.42209,48.42419],[-92.446228,48.375326],[-92.429007,48.36885],[-92.462712,48.331171],[-92.495239,48.372088],[-92.491265,48.409472],[-92.518052,48.430666],[-92.576631,48.41742],[-92.617547,48.431549],[-92.669061,48.41742]]]},"properties":{"name":"Rainy Lake","nameZh":"雷尼湖","rank":5}},{"type":"Feature","geometry":{"type":"Polygon","coordinates":[[[-96.030111,56.171265],[-96.050863,56.119457],[-96.122541,56.112687],[-96.061166,56.088549],[-96.082802,56.07177],[-96.177293,56.072653],[-96.227776,56.096497],[-96.487847,56.091198],[-96.554521,56.064705],[-96.568208,56.109449],[-96.559672,56.136825],[-96.581896,56.140063],[-96.435892,56.167144],[-96.29916,56.159785],[-96.273403,56.168027],[-96.266632,56.188338],[-96.204522,56.211004],[-96.19834,56.241324],[-96.165665,56.263107],[-96.08133,56.25722],[-95.944745,56.298136],[-95.835242,56.290777],[-95.92517,56.260458],[-95.965498,56.224251],[-96.092369,56.224251],[-96.108853,56.219541],[-96.121511,56.195403],[-96.122247,56.185395],[-96.030111,56.171265]]]},"properties":{"name":"Split Lake","nameZh":"斯普利特湖","rank":5}},{"type":"Feature","geometry":{"type":"Polygon","coordinates":[[[-91.408447,50.890962],[-91.379452,50.934822],[-91.285991,51.000465],[-91.265533,50.99605],[-91.257732,50.966613],[-91.190765,50.969262],[-91.168393,50.986924],[-91.188704,51.035494],[-91.312337,51.062576],[-91.292026,51.070818],[-91.201067,51.071701],[-91.127329,51.035494],[-90.974407,51.001642],[-90.928633,51.014889],[-90.870349,51.076411],[-90.816333,51.070818],[-90.771001,51.117328],[-90.729643,51.114678],[-90.682986,51.17885],[-90.616019,51.221238],[-90.596738,51.222121],[-90.607188,51.19239],[-90.659143,51.134989],[-90.603067,51.148825],[-90.592322,51.167664],[-90.52403,51.195923],[-90.517554,51.208875],[-90.49371,51.172079],[-90.433954,51.153534],[-90.442197,51.137933],[-90.419089,51.125864],[-90.4107,51.105847],[-90.419825,51.088185],[-90.529181,51.076117],[-90.638832,51.015772],[-90.654433,51.014889],[-90.648251,51.035494],[-90.723314,51.008118],[-90.878739,51.00959],[-90.919066,50.997521],[-90.928633,50.972795],[-90.973818,50.950423],[-91.137632,50.931878],[-91.257732,50.939237],[-91.408447,50.890962]]]},"properties":{"name":"Lake St. Joseph","nameZh":"聖約瑟夫湖","rank":5}},{"type":"Feature","geometry":{"type":"Polygon","coordinates":[[[-70.68168,64.646008],[-70.655482,64.69605],[-70.596756,64.706647],[-70.692866,64.725781],[-70.721713,64.758161],[-70.781617,64.770524],[-70.781764,64.788775],[-70.885527,64.808792],[-70.951759,64.789069],[-71.048752,64.781122],[-71.097028,64.733435],[-71.090257,64.709885],[-71.102768,64.66838],[-71.138091,64.643948],[-71.174004,64.634528],[-71.288512,64.643948],[-71.323099,64.624226],[-71.395071,64.644242],[-71.439668,64.637766],[-71.46042,64.606858],[-71.490887,64.618338],[-71.524444,64.603031],[-71.584495,64.606858],[-71.837059,64.685748],[-71.897109,64.734318],[-71.930078,64.744915],[-71.915507,64.777884],[-71.844418,64.794957],[-71.970995,64.806143],[-71.993219,64.829397],[-71.967315,64.850003],[-72.036196,64.884149],[-72.001461,64.898573],[-72.069754,64.898573],[-72.056508,64.923594],[-72.033989,64.935074],[-71.950242,64.95774],[-71.939498,64.948026],[-71.949359,64.931247],[-71.981003,64.918295],[-71.931403,64.898279],[-71.796731,64.934191],[-71.768619,64.925066],[-71.785693,64.90917],[-71.8506,64.904755],[-71.922719,64.877379],[-71.940087,64.85383],[-71.935671,64.844116],[-71.853396,64.836756],[-71.771857,64.806731],[-71.657791,64.820566],[-71.658822,64.835873],[-71.734032,64.863838],[-71.837059,64.870608],[-71.787164,64.885621],[-71.626589,64.876496],[-71.438343,64.887976],[-71.391392,64.912114],[-71.470429,64.918295],[-71.67928,64.980406],[-71.671921,64.995713],[-71.618199,65.009843],[-71.631004,65.027504],[-71.612165,65.042811],[-71.521059,65.041928],[-71.558591,65.099035],[-71.577577,65.164678],[-71.727114,65.220019],[-71.66883,65.257697],[-71.648225,65.300969],[-71.683548,65.341591],[-71.795995,65.385157],[-71.77539,65.413416],[-71.725348,65.431078],[-71.714751,65.409883],[-71.645134,65.357192],[-71.596564,65.347478],[-71.573603,65.315098],[-71.442464,65.27477],[-71.412439,65.29567],[-71.301464,65.271238],[-71.27085,65.250338],[-71.288953,65.233559],[-71.172238,65.200002],[-71.115425,65.15938],[-71.028146,65.151726],[-70.993412,65.123761],[-70.899215,65.129943],[-70.878021,65.110221],[-70.960001,65.110221],[-70.805754,65.096386],[-70.778084,65.062239],[-70.717151,65.053997],[-70.661663,64.997479],[-70.678736,64.980406],[-70.670788,64.965394],[-70.623543,64.95303],[-70.620158,64.928892],[-70.645179,64.918295],[-70.610444,64.898573],[-70.613387,64.877379],[-70.457816,64.771408],[-70.404389,64.753746],[-70.413514,64.732552],[-70.399679,64.718422],[-70.35052,64.706647],[-70.439565,64.671913],[-70.507416,64.665731],[-70.458993,64.651307],[-70.486958,64.630996],[-70.431765,64.59685],[-70.356555,64.603031],[-70.375394,64.58066],[-70.427496,64.563292],[-70.587925,64.635117],[-70.610444,64.637766],[-70.671672,64.610096],[-70.798837,64.627464],[-70.68168,64.646008]]]},"properties":{"name":"Amadjuak Lake","nameZh":"阿馬朱瓦克湖","rank":5}},{"type":"Feature","geometry":{"type":"Polygon","coordinates":[[[-132.14123,59.644468],[-132.092071,59.607672],[-132.182147,59.587361],[-132.170372,59.630044],[-132.250292,59.744846],[-132.236751,59.764863],[-132.380107,59.88879],[-132.438391,59.994467],[-132.767637,60.152834],[-132.845055,60.171968],[-132.969424,60.233785],[-133.151488,60.370958],[-133.178569,60.375668],[-133.188872,60.402161],[-133.246273,60.45132],[-133.195642,60.436896],[-133.163557,60.407165],[-132.982964,60.309142],[-132.858448,60.212885],[-132.702877,60.162548],[-132.642679,60.12693],[-132.565703,60.107502],[-132.497411,60.107502],[-132.544509,60.094256],[-132.496822,60.061582],[-132.409543,60.038621],[-132.315641,59.924997],[-132.236751,59.86318],[-132.223063,59.841103],[-132.25721,59.847873],[-132.154476,59.700985],[-132.14123,59.644468]]]},"properties":{"name":"Teslin Lake","nameZh":"特斯林湖","rank":5}},{"type":"Feature","geometry":{"type":"Polygon","coordinates":[[[-73.279885,55.065634],[-73.131673,55.112732],[-73.165819,55.123623],[-73.152867,55.140108],[-72.959911,55.156886],[-72.898978,55.181024],[-72.867186,55.210755],[-72.806253,55.16925],[-72.702931,55.198981],[-72.652595,55.2293],[-72.628751,55.201924],[-72.556338,55.2293],[-72.481275,55.2084],[-72.383399,55.265801],[-72.229299,55.274632],[-72.188824,55.302302],[-72.118177,55.297004],[-72.190149,55.264624],[-72.234304,55.253438],[-72.283168,55.264918],[-72.337184,55.235482],[-72.412394,55.221941],[-72.330413,55.2293],[-72.391788,55.2084],[-72.287731,55.210461],[-72.297003,55.20163],[-72.248433,55.167778],[-72.258147,55.157181],[-72.316137,55.146878],[-72.55987,55.047972],[-72.706022,55.045911],[-72.734428,55.023245],[-72.686741,55.016475],[-72.734428,54.995575],[-72.879108,54.995575],[-72.949608,54.95613],[-73.050428,54.954364],[-73.147127,54.930226],[-73.173325,54.934642],[-73.084574,54.961134],[-73.125491,54.961134],[-73.172442,54.978796],[-73.264578,54.97703],[-73.296222,54.968199],[-73.360982,54.920806],[-73.423682,54.927871],[-73.543341,54.909326],[-73.666091,54.934642],[-73.408816,54.935819],[-73.365103,54.948182],[-73.387769,54.948477],[-73.427214,54.98174],[-73.382765,54.982623],[-73.344645,54.968199],[-73.289893,54.995575],[-73.358333,54.995575],[-73.337727,55.008527],[-73.24412,55.029132],[-73.2843,55.036492],[-73.490797,55.009116],[-73.529653,55.043851],[-73.481819,55.064162],[-73.396159,55.036492],[-73.344645,55.05798],[-73.268846,55.05798],[-73.279885,55.065634]]]},"properties":{"name":"Lake Bienville","nameZh":"比安維爾湖","rank":5}},{"type":"Feature","geometry":{"type":"Polygon","coordinates":[[[-116.262935,48.189876],[-116.189491,48.155141],[-116.255281,48.155141],[-116.282951,48.13483],[-116.410853,48.13012],[-116.419242,48.090676],[-116.457657,48.052703],[-116.435285,48.01473],[-116.453683,47.970869],[-116.566866,47.95674],[-116.550381,47.997068],[-116.515352,48.009725],[-116.532719,48.039162],[-116.511084,48.111575],[-116.478851,48.131298],[-116.437198,48.196647],[-116.388775,48.183106],[-116.361252,48.214897],[-116.369347,48.234031],[-116.415415,48.265234],[-116.45015,48.244039],[-116.481206,48.285545],[-116.560095,48.244039],[-116.571134,48.25287],[-116.52536,48.302323],[-116.437198,48.312921],[-116.403052,48.285545],[-116.333582,48.279363],[-116.286337,48.238446],[-116.286337,48.216663],[-116.262935,48.189876]]]},"properties":{"name":"Lake Pend Oreille","nameZh":"庞多雷湖","rank":5}},{"type":"Feature","geometry":{"type":"Polygon","coordinates":[[[-77.271757,42.893971],[-77.250563,42.873366],[-77.264251,42.826268],[-77.332249,42.741491],[-77.355209,42.687916],[-77.366689,42.705578],[-77.356975,42.745317],[-77.293393,42.836865],[-77.271757,42.893971]]]},"properties":{"name":"Canandaigua Lake","nameZh":"加拿戴奎湖","rank":5}},{"type":"Feature","geometry":{"type":"Polygon","coordinates":[[[-76.537466,42.921936],[-76.466524,42.780935],[-76.469173,42.763568],[-76.524366,42.83922],[-76.547474,42.908984],[-76.537466,42.921936]]]},"properties":{"name":"Owasco Lake","nameZh":"奥瓦斯科湖","rank":5}},{"type":"Feature","geometry":{"type":"Polygon","coordinates":[[[-76.376596,42.893677],[-76.291966,42.827151],[-76.269889,42.783879],[-76.417512,42.896915],[-76.4312,42.95255],[-76.423252,42.958731],[-76.407651,42.942247],[-76.376596,42.893677]]]},"properties":{"name":"Skaneateles Lake","nameZh":"斯卡尼阿特勒斯湖","rank":5}},{"type":"Feature","geometry":{"type":"Polygon","coordinates":[[[-163.457452,60.436896],[-163.37606,60.421589],[-163.587708,60.402161],[-163.546792,60.38862],[-163.54061,60.375079],[-163.622738,60.311791],[-163.566073,60.278822],[-163.505286,60.265576],[-163.515442,60.248503],[-163.556211,60.227014],[-163.592418,60.234962],[-163.785374,60.155189],[-163.800092,60.170202],[-163.73857,60.196695],[-163.800092,60.200521],[-163.797296,60.220833],[-163.813044,60.231724],[-163.854697,60.224659],[-163.772275,60.272935],[-163.710752,60.292952],[-163.732388,60.333868],[-163.81378,60.320916],[-163.779486,60.306493],[-163.79185,60.292952],[-163.861761,60.303843],[-163.998641,60.265576],[-164.136403,60.267048],[-164.16319,60.286181],[-164.148913,60.295895],[-163.967732,60.304138],[-163.881925,60.333868],[-163.895613,60.347703],[-163.786404,60.355063],[-163.819078,60.370664],[-163.916807,60.368015],[-163.964494,60.395979],[-163.935794,60.409226],[-163.895613,60.40952],[-163.90989,60.395979],[-163.886341,60.396862],[-163.82055,60.423355],[-163.881042,60.423649],[-163.848956,60.443961],[-163.79656,60.430714],[-163.752258,60.38862],[-163.704571,60.389503],[-163.669689,60.40952],[-163.709869,60.426004],[-163.752258,60.423355],[-163.714432,60.450731],[-163.635542,60.416585],[-163.457452,60.436896]]]},"properties":{"name":null,"nameZh":null,"rank":5}},{"type":"Feature","geometry":{"type":"Polygon","coordinates":[[[-111.293332,42.135101],[-111.28509,42.03796],[-111.313496,41.911384],[-111.360006,41.868701],[-111.381053,41.882831],[-111.410195,41.958188],[-111.420056,42.021476],[-111.412844,42.069457],[-111.396065,42.125975],[-111.375018,42.149524],[-111.335868,42.158355],[-111.293332,42.135101]]]},"properties":{"name":"Bear Lake","nameZh":"熊湖","rank":5}},{"type":"Feature","geometry":{"type":"Polygon","coordinates":[[[-111.67424,40.233803],[-111.680421,40.206427],[-111.731493,40.200834],[-111.754012,40.176107],[-111.806556,40.178757],[-111.820539,40.169043],[-111.863221,40.071902],[-111.894424,40.060717],[-111.892069,40.086032],[-111.874113,40.096629],[-111.901341,40.12165],[-111.901047,40.144905],[-111.919886,40.168159],[-111.868373,40.229976],[-111.84188,40.294736],[-111.883827,40.370682],[-111.844824,40.380396],[-111.769025,40.359202],[-111.751657,40.313281],[-111.725017,40.289143],[-111.726048,40.237924],[-111.67424,40.233803]]]},"properties":{"name":"Utah Lake","nameZh":"犹他湖","rank":5}},{"type":"Feature","geometry":{"type":"Polygon","coordinates":[[[-126.399511,66.853151],[-126.43557,66.935278],[-126.431596,66.972074],[-126.370663,67.02241],[-126.338577,67.032124],[-126.167257,67.009752],[-126.101173,66.908491],[-126.113683,66.89966],[-126.163725,66.914967],[-126.185361,66.904076],[-126.198607,66.836666],[-126.146652,66.784269],[-126.222892,66.805169],[-126.239671,66.790157],[-126.226572,66.773672],[-126.233489,66.765136],[-126.282648,66.744236],[-126.391121,66.789862],[-126.410991,66.813706],[-126.399511,66.853151]]]},"properties":{"name":null,"nameZh":null,"rank":5}},{"type":"Feature","geometry":{"type":"Polygon","coordinates":[[[-94.328245,47.16961],[-94.224628,47.196986],[-94.265545,47.156069],[-94.266281,47.112504],[-94.298072,47.103084],[-94.317353,47.074236],[-94.375343,47.053631],[-94.459531,47.081595],[-94.4716,47.09808],[-94.468803,47.142823],[-94.508248,47.13046],[-94.556818,47.159013],[-94.574186,47.148416],[-94.559615,47.080712],[-94.587727,47.04686],[-94.580809,47.101612],[-94.629821,47.138996],[-94.612895,47.229955],[-94.587727,47.224951],[-94.588463,47.18109],[-94.567121,47.171376],[-94.536507,47.207583],[-94.453791,47.246439],[-94.436865,47.273521],[-94.416407,47.259686],[-94.422147,47.236137],[-94.457323,47.196986],[-94.437159,47.198458],[-94.313968,47.279702],[-94.294098,47.306784],[-94.279822,47.300014],[-94.269077,47.262629],[-94.317353,47.207289],[-94.328245,47.16961]]]},"properties":{"name":"Leech Lake","nameZh":"利奇湖","rank":5}},{"type":"Feature","geometry":{"type":"Polygon","coordinates":[[[-90.348,48.881043],[-90.289863,48.94757],[-90.279119,48.906359],[-90.321949,48.85926],[-90.349766,48.851607],[-90.335195,48.816283],[-90.346528,48.800976],[-90.332252,48.800976],[-90.35271,48.780371],[-90.462949,48.781843],[-90.483113,48.794206],[-90.44882,48.793617],[-90.428509,48.807747],[-90.475607,48.821287],[-90.587465,48.794206],[-90.607188,48.800976],[-90.585552,48.810396],[-90.585405,48.828352],[-90.669151,48.819521],[-90.693878,48.834534],[-90.654433,48.869857],[-90.59924,48.880749],[-90.599387,48.906653],[-90.61749,48.931968],[-90.644425,48.927553],[-90.682545,48.894878],[-90.702856,48.93138],[-90.702856,48.965526],[-90.654433,48.962582],[-90.648251,48.975534],[-90.592911,48.985837],[-90.562297,48.911068],[-90.538306,48.910774],[-90.558176,48.862498],[-90.443227,48.881043],[-90.404518,48.903709],[-90.387445,48.896645],[-90.400397,48.87545],[-90.348,48.881043]]]},"properties":{"name":"Lac des Mille Lacs","nameZh":"米尔湖","rank":5}},{"type":"Feature","geometry":{"type":"Polygon","coordinates":[[[-121.048118,60.550815],[-121.072992,60.523733],[-121.183525,60.492236],[-121.230771,60.450731],[-121.353226,60.396862],[-121.444626,60.393919],[-121.446834,60.405988],[-121.384871,60.451908],[-121.381633,60.505777],[-121.428584,60.496946],[-121.555455,60.429831],[-121.615652,60.430714],[-121.547507,60.466921],[-121.477007,60.53227],[-121.367945,60.574069],[-121.234598,60.557879],[-121.174547,60.564061],[-121.268597,60.597619],[-121.310544,60.638241],[-121.306423,60.703884],[-121.340569,60.73126],[-121.348075,60.772765],[-121.320405,60.781596],[-121.233567,60.743623],[-121.162478,60.738619],[-121.148791,60.718014],[-121.114644,60.711243],[-121.048118,60.550815]]]},"properties":{"name":"Trout Lake","nameZh":"特勞特湖","rank":5}},{"type":"Feature","geometry":{"type":"Polygon","coordinates":[[[-64.98647,44.249812],[-64.949822,44.258055],[-65.005015,44.217138],[-64.983968,44.195355],[-65.032096,44.147962],[-65.06639,44.141781],[-65.073307,44.1512],[-65.1416,44.154438],[-65.152197,44.134127],[-65.20165,44.164741],[-65.202975,44.22332],[-65.175746,44.237155],[-65.158967,44.271595],[-65.073307,44.278071],[-65.100683,44.261293],[-65.100683,44.230679],[-65.113194,44.220965],[-65.102597,44.205658],[-65.073307,44.209779],[-65.051819,44.194472],[-64.98647,44.249812]]]},"properties":{"name":"Lake Rossignol","nameZh":"罗西诺湖","rank":5}},{"type":"Feature","geometry":{"type":"Polygon","coordinates":[[[-66.033229,45.899723],[-66.114915,45.874997],[-66.135373,45.854391],[-66.169667,45.862045],[-66.190566,45.8853],[-66.087245,45.924744],[-66.044267,45.990388],[-66.033082,46.020707],[-66.046475,46.038663],[-66.039705,46.053087],[-66.019688,46.044551],[-65.987161,46.087528],[-65.974209,46.07016],[-65.944184,46.080463],[-65.970824,46.094592],[-65.950954,46.104012],[-65.895761,46.091943],[-65.976417,46.051321],[-65.977594,46.032776],[-65.96317,46.028655],[-65.895761,46.038663],[-65.910773,46.01688],[-65.998788,45.978024],[-65.963465,45.960657],[-66.00497,45.936519],[-66.000996,45.928277],[-66.033229,45.899723]]]},"properties":{"name":"Grand Lake","nameZh":"格蘭德湖","rank":5}},{"type":"Feature","geometry":{"type":"Polygon","coordinates":[[[-104.948902,59.203804],[-105.140828,59.137867],[-105.318771,59.148464],[-105.519233,59.127859],[-105.605482,59.0787],[-105.68128,59.060155],[-105.72411,59.032485],[-105.756932,58.973023],[-105.738387,58.941526],[-105.758698,58.915033],[-105.847302,58.910323],[-105.875855,58.920332],[-105.887924,58.939465],[-105.881448,58.963309],[-105.826549,59.005109],[-105.79461,59.064865],[-105.683046,59.114318],[-105.538514,59.155234],[-105.483909,59.19674],[-105.299048,59.287698],[-105.206471,59.306832],[-105.147451,59.284755],[-105.126993,59.292997],[-104.916375,59.245899],[-104.908427,59.230297],[-104.948902,59.203804]]]},"properties":{"name":"Black Lake","nameZh":"布萊克湖","rank":5}},{"type":"Feature","geometry":{"type":"Polygon","coordinates":[[[-146.506494,62.36292],[-146.448651,62.321415],[-146.467196,62.301398],[-146.526069,62.283736],[-146.563895,62.291684],[-146.630863,62.34938],[-146.684584,62.370868],[-146.716817,62.420616],[-146.682082,62.505687],[-146.634248,62.492735],[-146.662507,62.47625],[-146.647053,62.46006],[-146.607019,62.451818],[-146.607019,62.410607],[-146.627478,62.390296],[-146.621737,62.374106],[-146.572726,62.382937],[-146.506494,62.36292]]]},"properties":{"name":"Lake Louise","nameZh":"路易斯湖","rank":5}},{"type":"Feature","geometry":{"type":"Polygon","coordinates":[[[-119.851528,68.533675],[-119.908634,68.564289],[-119.819884,68.597847],[-119.696398,68.61963],[-119.718181,68.633759],[-119.839753,68.632582],[-119.826065,68.638763],[-119.827979,68.671732],[-119.741877,68.698519],[-119.731869,68.710883],[-119.751002,68.722069],[-119.745704,68.730899],[-119.687567,68.762985],[-119.634287,68.75592],[-119.696398,68.735609],[-119.704934,68.718831],[-119.559371,68.720597],[-119.538177,68.707645],[-119.634581,68.706762],[-119.662252,68.694104],[-119.676823,68.664373],[-119.668875,68.638763],[-119.603673,68.625811],[-119.548921,68.638763],[-119.565995,68.66349],[-119.634287,68.666728],[-119.598816,68.687334],[-119.554367,68.682329],[-119.477244,68.646123],[-119.448102,68.611682],[-119.458846,68.594903],[-119.490932,68.584895],[-119.589102,68.614037],[-119.620599,68.605206],[-119.579683,68.588133],[-119.656659,68.48069],[-119.652096,68.426527],[-119.60647,68.397385],[-119.51816,68.388848],[-119.492109,68.365594],[-119.515658,68.338806],[-119.63311,68.312019],[-119.645326,68.301422],[-119.634287,68.283172],[-119.717151,68.249614],[-119.866688,68.239311],[-119.842108,68.2817],[-119.849909,68.311431],[-119.835485,68.353819],[-119.840048,68.458318],[-119.826065,68.482456],[-119.828715,68.506005],[-119.851528,68.533675]]]},"properties":{"name":"Bluenose Lake","nameZh":"布盧諾斯湖","rank":5}},{"type":"Feature","geometry":{"type":"Polygon","coordinates":[[[-57.692716,48.704719],[-57.732308,48.684702],[-57.905247,48.646435],[-58.083778,48.670573],[-58.060376,48.679404],[-57.909515,48.676166],[-57.657833,48.860438],[-57.543915,48.918428],[-57.439562,48.94492],[-57.377452,49.013801],[-57.26574,49.075912],[-57.253524,49.160395],[-57.275602,49.191892],[-57.257057,49.198662],[-57.184054,49.181589],[-57.083971,49.248115],[-57.014206,49.260184],[-57.023184,49.284616],[-56.986978,49.345844],[-56.994042,49.369099],[-56.972554,49.376164],[-56.952979,49.335247],[-56.919274,49.308166],[-56.932373,49.30169],[-56.906322,49.279318],[-56.914123,49.256946],[-57.062776,49.191892],[-57.051443,49.214852],[-57.027894,49.225449],[-57.056448,49.233986],[-57.127242,49.208965],[-57.14461,49.170698],[-57.111199,49.157157],[-57.156826,49.140672],[-57.368326,48.934912],[-57.505942,48.873979],[-57.54936,48.814517],[-57.627808,48.770951],[-57.692716,48.704719]],[[-57.79015,48.684702],[-57.564814,48.8363],[-57.524781,48.892523],[-57.603376,48.869857],[-57.677556,48.8154],[-57.725979,48.79921],[-57.898771,48.664391],[-57.79015,48.684702]]]},"properties":{"name":"Grand Lake","nameZh":"格蘭德湖","rank":5}},{"type":"Feature","geometry":{"type":"Polygon","coordinates":[[[-126.089545,67.324133],[-126.170201,67.293519],[-126.300899,67.281745],[-126.39539,67.252897],[-126.548753,67.255252],[-126.521525,67.289987],[-126.510339,67.348271],[-126.487378,67.375647],[-126.494443,67.391543],[-126.548753,67.398607],[-126.589817,67.433931],[-126.49356,67.453948],[-126.55155,67.477497],[-126.604535,67.458952],[-126.678568,67.488683],[-126.574216,67.486034],[-126.548753,67.502224],[-126.58599,67.508111],[-126.589817,67.535781],[-126.631322,67.508405],[-126.662525,67.535192],[-126.843559,67.570516],[-126.822365,67.578464],[-126.761137,67.563746],[-126.679157,67.577286],[-126.599678,67.56875],[-126.534477,67.586117],[-126.541983,67.570516],[-126.450583,67.536664],[-126.348733,67.431576],[-126.306197,67.428338],[-126.240407,67.446883],[-126.185655,67.409499],[-126.211706,67.380357],[-126.378022,67.392426],[-126.360507,67.373586],[-126.227602,67.32796],[-126.089545,67.324133]]]},"properties":{"name":null,"nameZh":null,"rank":5}},{"type":"Feature","geometry":{"type":"Polygon","coordinates":[[[-125.745286,67.324133],[-125.698482,67.330904],[-125.753676,67.275563],[-125.740282,67.250837],[-125.754117,67.198734],[-125.833154,67.148987],[-125.842574,67.127792],[-125.822557,67.111308],[-125.85111,67.082166],[-125.92058,67.062444],[-125.992699,67.068625],[-126.14886,67.041544],[-126.187863,67.055379],[-126.219801,67.090703],[-126.268224,67.104538],[-126.158426,67.118667],[-126.185655,67.132208],[-126.158426,67.173419],[-126.24703,67.2005],[-126.269255,67.192553],[-126.26896,67.218457],[-125.805631,67.288221],[-125.745286,67.324133]]]},"properties":{"name":"Colville Lake","nameZh":"科爾維爾湖","rank":5}},{"type":"Feature","geometry":{"type":"Polygon","coordinates":[[[-118.688937,64.959801],[-118.645224,64.992181],[-118.647431,65.014552],[-118.723083,65.049287],[-118.654202,65.060179],[-118.64125,65.076074],[-118.703508,65.084317],[-118.68982,65.115519],[-118.716313,65.144956],[-118.835236,65.174981],[-118.859668,65.192643],[-118.805063,65.200002],[-118.865555,65.201768],[-118.883511,65.215603],[-118.788285,65.226789],[-118.777687,65.247394],[-118.435195,65.308916],[-118.455653,65.282129],[-118.394131,65.282129],[-118.405022,65.265351],[-118.393248,65.238269],[-118.351595,65.25181],[-118.339526,65.233559],[-118.243269,65.206772],[-118.278152,65.185872],[-118.222958,65.178513],[-118.269615,65.153198],[-118.29493,65.151726],[-118.318774,65.172332],[-118.366314,65.159085],[-118.318774,65.127588],[-118.22811,65.147899],[-118.203236,65.141129],[-118.214127,65.11964],[-118.263875,65.104039],[-118.250776,65.096386],[-118.322601,65.063711],[-118.319068,65.041928],[-118.279623,65.058413],[-118.270645,65.049287],[-118.286541,65.038396],[-118.277857,65.031625],[-118.199262,65.034569],[-118.187635,65.019851],[-118.208829,65.007782],[-118.362928,65.005133],[-118.338202,64.982761],[-118.219573,64.983644],[-118.197937,64.979229],[-118.188812,64.963333],[-118.199262,64.944788],[-118.270645,64.959801],[-118.352331,64.948026],[-118.373673,64.93949],[-118.370288,64.920945],[-118.429013,64.870608],[-118.32525,64.857656],[-118.345855,64.822627],[-118.2652,64.831752],[-118.20353,64.858539],[-118.15393,64.863838],[-118.174535,64.850003],[-118.119931,64.843232],[-118.135091,64.832341],[-118.215158,64.832341],[-118.270645,64.809086],[-118.174535,64.815857],[-118.202353,64.794957],[-118.092555,64.794957],[-118.096382,64.771113],[-118.313034,64.783477],[-118.419594,64.805848],[-118.445498,64.832635],[-118.535131,64.850003],[-118.688937,64.959801]],[[-118.505695,64.975696],[-118.599597,64.966865],[-118.536898,64.930364],[-118.50231,64.928892],[-118.476111,64.945671],[-118.465809,64.981584],[-118.43858,64.990414],[-118.433281,65.013669],[-118.455653,65.035158],[-118.486709,65.039279],[-118.494804,65.032509],[-118.472432,65.007193],[-118.479791,64.990414],[-118.505695,64.975696]]]},"properties":{"name":"Hottah Lake","nameZh":"霍塔湖","rank":5}},{"type":"Feature","geometry":{"type":"Polygon","coordinates":[[[-90.291188,53.769548],[-90.358008,53.749237],[-90.373168,53.769548],[-90.308555,53.818413],[-90.325481,53.85462],[-90.303551,53.872576],[-90.226869,53.871987],[-90.23673,53.851382],[-90.228047,53.841962],[-90.181979,53.844611],[-90.171529,53.83107],[-90.144006,53.83107],[-90.133409,53.843139],[-90.156663,53.866983],[-90.146508,53.876403],[-90.058051,53.867277],[-90.064675,53.885528],[-90.039065,53.898185],[-89.919847,53.868749],[-89.83198,53.817235],[-89.852438,53.812231],[-89.838897,53.799279],[-89.75883,53.803695],[-89.67111,53.772786],[-89.599285,53.790154],[-89.557632,53.776319],[-89.607821,53.756596],[-89.651535,53.756302],[-89.711732,53.695369],[-89.948254,53.684477],[-90.041714,53.664755],[-90.09205,53.721273],[-90.186394,53.759834],[-90.291188,53.769548]]]},"properties":{"name":"Big Trout Lake","nameZh":"大特勞特湖","rank":5}},{"type":"Feature","geometry":{"type":"Polygon","coordinates":[[[-93.255729,51.108791],[-93.267209,51.08848],[-93.180225,51.085831],[-93.155792,51.069052],[-93.210986,51.02107],[-93.299148,51.048446],[-93.288551,51.066403],[-93.381717,51.10673],[-93.491515,51.199161],[-93.476944,51.226242],[-93.484744,51.247731],[-93.416452,51.281877],[-93.391872,51.309253],[-93.354341,51.302188],[-93.402175,51.261272],[-93.364938,51.267453],[-93.333883,51.254501],[-93.295321,51.262743],[-93.235123,51.304249],[-93.150935,51.299245],[-93.117525,51.263627],[-93.101041,51.217117],[-93.183168,51.17885],[-93.10266,51.167664],[-93.080729,51.186209],[-93.047761,51.150591],[-93.200094,51.130868],[-93.255729,51.108791]]]},"properties":{"name":"Trout Lake","nameZh":"特勞特湖","rank":5}},{"type":"Feature","geometry":{"type":"Polygon","coordinates":[[[-94.039326,53.768665],[-94.03285,53.755124],[-94.138527,53.762189],[-94.231988,53.728043],[-94.286592,53.735402],[-94.320002,53.714797],[-94.415818,53.74541],[-94.440397,53.703022],[-94.463505,53.692131],[-94.535035,53.698312],[-94.641742,53.734225],[-94.776414,53.749237],[-94.827928,53.741584],[-94.841616,53.749237],[-94.833815,53.766016],[-94.875173,53.790154],[-94.900341,53.831659],[-94.963924,53.826361],[-94.971283,53.844611],[-94.965249,53.859918],[-94.917267,53.885528],[-94.948175,53.908783],[-94.944202,53.934981],[-94.896809,53.95382],[-94.855156,53.934981],[-94.8294,53.980019],[-94.834109,53.995326],[-94.765964,54.002979],[-94.745947,53.995326],[-94.759047,53.981785],[-94.580809,53.989144],[-94.540481,53.970893],[-94.693698,53.92144],[-94.703412,53.890826],[-94.560351,53.837841],[-94.392122,53.885528],[-94.29351,53.865217],[-94.174439,53.898774],[-94.111593,53.885528],[-94.012392,53.885528],[-93.989432,53.87287],[-93.991934,53.858741],[-94.012392,53.820768],[-94.012392,53.783089],[-94.039326,53.768665]]]},"properties":{"name":"Island Lake","nameZh":"湖心岛","rank":5}},{"type":"Feature","geometry":{"type":"Polygon","coordinates":[[[-70.35052,52.98183],[-70.41425,52.961519],[-70.411895,52.946506],[-70.521104,52.90559],[-70.500646,52.892638],[-70.513598,52.878214],[-70.506975,52.87056],[-70.480188,52.864673],[-70.480188,52.884984],[-70.439124,52.844068],[-70.494464,52.837297],[-70.493876,52.822579],[-70.458993,52.806095],[-70.474742,52.771948],[-70.46076,52.741923],[-70.486958,52.713664],[-70.482984,52.683345],[-70.458993,52.66951],[-70.401004,52.665977],[-70.446041,52.577079],[-70.448249,52.593564],[-70.470915,52.608576],[-70.472681,52.631831],[-70.549069,52.659207],[-70.500499,52.703067],[-70.535381,52.748399],[-70.509477,52.761646],[-70.507416,52.775186],[-70.536706,52.793143],[-70.544212,52.812571],[-70.621924,52.800502],[-70.579241,52.789905],[-70.579536,52.766355],[-70.645179,52.74104],[-70.671966,52.713664],[-70.685507,52.721612],[-70.646945,52.782251],[-70.665048,52.78961],[-70.699342,52.768416],[-70.795452,52.78961],[-70.769106,52.854076],[-70.781764,52.91913],[-70.7616,52.936498],[-70.773963,52.952394],[-70.800603,52.955043],[-70.82268,52.933554],[-70.804283,52.925018],[-70.824299,52.89617],[-70.80914,52.878214],[-70.874636,52.887633],[-70.925119,52.809333],[-70.933508,52.821401],[-70.98252,52.814925],[-70.990909,52.896464],[-70.980312,52.884984],[-70.911578,52.926489],[-70.932625,52.946506],[-70.909371,52.953865],[-70.888029,52.91913],[-70.852117,52.920602],[-70.840048,52.926784],[-70.850056,52.940325],[-70.795599,52.962991],[-70.762483,52.969172],[-70.74276,52.947095],[-70.726423,52.95151],[-70.735401,52.977709],[-70.706112,53.001258],[-70.731869,53.014799],[-70.843286,53.001258],[-70.849173,53.012738],[-70.82268,53.039231],[-70.843286,53.035993],[-70.848584,53.048356],[-70.795452,53.07691],[-70.797807,53.054244],[-70.674321,53.003613],[-70.699342,52.974471],[-70.685654,52.960047],[-70.656365,52.959458],[-70.617361,52.987423],[-70.586306,52.98183],[-70.568938,53.008617],[-70.500646,53.008617],[-70.4952,52.994193],[-70.555839,52.98183],[-70.521104,52.9677],[-70.530524,52.952688],[-70.582626,52.933554],[-70.560843,52.925606],[-70.480188,52.940325],[-70.498144,52.948567],[-70.486811,52.97506],[-70.35052,52.98183]],[[-70.938365,52.846128],[-70.898479,52.912949],[-70.949551,52.894404],[-70.970304,52.874093],[-70.973689,52.850838],[-70.938365,52.846128]]]},"properties":{"name":"Lake Naococane","nameZh":"纳科坎湖","rank":5}},{"type":"Feature","geometry":{"type":"Polygon","coordinates":[[[-104.362529,55.190738],[-104.35414,55.170427],[-104.36768,55.161596],[-104.445392,55.150705],[-104.486456,55.125684],[-104.577562,55.13893],[-104.654097,55.188383],[-104.702372,55.146878],[-104.674261,55.139519],[-104.669992,55.123035],[-104.695602,55.119502],[-104.75212,55.070343],[-104.798629,55.05798],[-104.778907,55.032076],[-104.82836,54.974969],[-104.962443,54.98174],[-105.085929,54.907266],[-105.19293,54.917274],[-105.244002,54.945239],[-105.257249,54.989099],[-105.228548,55.014709],[-105.226193,55.036492],[-105.260781,55.054448],[-105.283742,55.083884],[-105.20912,55.119502],[-105.18248,55.157181],[-105.243708,55.160419],[-105.20338,55.194565],[-105.264166,55.20163],[-105.274028,55.219586],[-105.200436,55.246079],[-105.152161,55.289939],[-105.077098,55.314371],[-105.05193,55.311428],[-105.046042,55.297298],[-105.082838,55.273455],[-105.106534,55.2293],[-105.04045,55.236954],[-105.002182,55.274926],[-104.890765,55.284052],[-104.877666,55.300831],[-104.812317,55.324968],[-104.810257,55.288762],[-104.770665,55.290233],[-104.70929,55.331739],[-104.707377,55.29406],[-104.722831,55.256087],[-104.701636,55.260503],[-104.638054,55.318198],[-104.586246,55.314077],[-104.565935,55.297004],[-104.579475,55.270511],[-104.558428,55.262858],[-104.599345,55.248728],[-104.600228,55.221647],[-104.62731,55.2084],[-104.560194,55.207811],[-104.499997,55.242252],[-104.417428,55.266096],[-104.387697,55.242546],[-104.428025,55.204868],[-104.362529,55.190738]]]},"properties":{"name":"Lac la Ronge","nameZh":"拉龍日湖","rank":5}},{"type":"Feature","geometry":{"type":"Polygon","coordinates":[[[-93.53773,46.310067],[-93.538466,46.227351],[-93.484744,46.156115],[-93.559807,46.12815],[-93.607641,46.141985],[-93.642376,46.12138],[-93.756884,46.161119],[-93.769247,46.209394],[-93.812371,46.242363],[-93.838717,46.291522],[-93.724945,46.34804],[-93.608377,46.371883],[-93.552301,46.354222],[-93.53773,46.310067]]]},"properties":{"name":"Mille Lacs Lake","nameZh":"米拉湖","rank":5}},{"type":"Feature","geometry":{"type":"Polygon","coordinates":[[[-95.035013,48.086554],[-94.968781,48.017673],[-94.90667,48.02621],[-94.762726,47.995596],[-94.762432,47.952324],[-94.779505,47.91023],[-94.821599,47.889036],[-95.164975,47.879617],[-95.244747,47.88727],[-95.291846,47.90817],[-95.294789,47.94997],[-95.255786,48.020028],[-95.035013,48.086554]]]},"properties":{"name":"Lower Red Lake","nameZh":"聆雷德湖","rank":5}},{"type":"Feature","geometry":{"type":"Polygon","coordinates":[[[-95.035013,48.086554],[-95.025888,48.095091],[-95.048259,48.105099],[-95.048259,48.121584],[-95.032805,48.136891],[-94.852507,48.193997],[-94.724164,48.211954],[-94.621578,48.211365],[-94.571095,48.201651],[-94.539892,48.177219],[-94.542542,48.146899],[-94.607743,48.091264],[-94.792898,48.052703],[-94.851624,48.071542],[-94.978789,48.054174],[-95.019706,48.067421],[-95.035013,48.086554]]]},"properties":{"name":"Upper Red Lake","nameZh":"厄珀雷德湖","rank":5}},{"type":"Feature","geometry":{"type":"Polygon","coordinates":[[[-71.304407,43.690815],[-71.286304,43.663145],[-71.302494,43.633708],[-71.288953,43.606332],[-71.27085,43.619873],[-71.254071,43.59338],[-71.205942,43.59132],[-71.200055,43.576013],[-71.244798,43.525088],[-71.24053,43.489764],[-71.286893,43.555702],[-71.34238,43.588965],[-71.436724,43.617224],[-71.468515,43.648132],[-71.416118,43.653431],[-71.453355,43.70936],[-71.422447,43.709066],[-71.404933,43.692581],[-71.335463,43.676391],[-71.412439,43.723784],[-71.389184,43.737325],[-71.304407,43.690815]]]},"properties":{"name":"Lake Winnipesaukee","nameZh":"温尼珀索基湖","rank":5}},{"type":"Feature","geometry":{"type":"Polygon","coordinates":[[[-79.275641,44.346364],[-79.470068,44.326347],[-79.49818,44.299266],[-79.491262,44.264236],[-79.466241,44.251579],[-79.465211,44.237744],[-79.474042,44.223614],[-79.503626,44.218021],[-79.522906,44.233917],[-79.528205,44.411418],[-79.575156,44.409063],[-79.633882,44.386397],[-79.670089,44.39464],[-79.657284,44.407886],[-79.587519,44.409063],[-79.537919,44.427903],[-79.399715,44.543588],[-79.412078,44.595396],[-79.369543,44.610114],[-79.407663,44.639551],[-79.407516,44.659862],[-79.340401,44.751703],[-79.342756,44.716968],[-79.361006,44.696363],[-79.349968,44.603049],[-79.334366,44.593335],[-79.319942,44.600695],[-79.326271,44.584504],[-79.313172,44.573319],[-79.292567,44.579795],[-79.225452,44.559778],[-79.160986,44.480888],[-79.159367,44.443798],[-79.19734,44.358433],[-79.224421,44.353429],[-79.25165,44.367264],[-79.275641,44.346364]]]},"properties":{"name":"Lake Simcoe","nameZh":"錫姆科湖","rank":5}},{"type":"Feature","geometry":{"type":"Polygon","coordinates":[[[-94.255537,54.873119],[-94.145003,54.857813],[-94.09187,54.871059],[-94.080537,54.851925],[-94.025785,54.840445],[-93.768364,54.81984],[-93.725387,54.786576],[-93.656064,54.797468],[-93.607641,54.769503],[-93.936593,54.776862],[-93.885374,54.738595],[-93.951606,54.678545],[-94.023283,54.638217],[-94.163106,54.639689],[-94.261424,54.612607],[-94.286592,54.626148],[-94.352088,54.594062],[-94.41935,54.595828],[-94.448345,54.58111],[-94.461886,54.554912],[-94.436865,54.523709],[-94.488673,54.519882],[-94.49824,54.482204],[-94.573597,54.486031],[-94.793046,54.385947],[-94.750804,54.443053],[-94.783184,54.451001],[-94.787158,54.471312],[-94.732407,54.482204],[-94.745947,54.501926],[-94.711212,54.529597],[-94.626141,54.536661],[-94.550931,54.566392],[-94.532239,54.598478],[-94.576246,54.63439],[-94.572125,54.660589],[-94.481167,54.666181],[-94.402719,54.714752],[-94.444224,54.762439],[-94.482344,54.778923],[-94.481461,54.813658],[-94.416407,54.790109],[-94.350028,54.827493],[-94.310436,54.835735],[-94.279822,54.866349],[-94.255537,54.873119]],[[-94.04698,54.739478],[-94.254801,54.665298],[-94.259363,54.652641],[-94.049776,54.680017],[-94.04698,54.739478]]]},"properties":{"name":"Gods Lake","nameZh":"戈茲湖","rank":5}},{"type":"Feature","geometry":{"type":"Polygon","coordinates":[[[-98.082859,62.533651],[-97.953044,62.547192],[-97.954516,62.565443],[-98.048566,62.561027],[-98.038999,62.579278],[-98.048566,62.615485],[-98.067699,62.628731],[-98.055483,62.650808],[-98.137464,62.657284],[-98.202812,62.696435],[-98.226803,62.684366],[-98.232249,62.665527],[-98.218855,62.649631],[-98.280083,62.624316],[-98.3497,62.615485],[-98.295096,62.643449],[-98.285382,62.665821],[-98.303632,62.685838],[-98.363977,62.698201],[-98.349111,62.718807],[-98.425352,62.739118],[-98.411075,62.780034],[-98.43904,62.788865],[-98.494233,62.835375],[-98.428295,62.834492],[-98.401803,62.826544],[-98.411075,62.807999],[-98.390175,62.804466],[-98.309372,62.821834],[-98.239461,62.8027],[-98.189713,62.811531],[-98.213115,62.829193],[-98.195601,62.861573],[-98.090218,62.855686],[-98.103317,62.835375],[-98.076236,62.825955],[-98.04518,62.873053],[-98.020159,62.880118],[-97.962758,62.852153],[-97.788936,62.883356],[-97.712255,62.841556],[-97.723588,62.893659],[-97.681199,62.95783],[-97.633954,62.979319],[-97.609522,62.94635],[-97.603046,62.900429],[-97.669572,62.875114],[-97.661918,62.834786],[-97.616586,62.801228],[-97.651321,62.767082],[-97.616586,62.692019],[-97.623504,62.650808],[-97.561982,62.650808],[-97.506788,62.62932],[-97.525922,62.614896],[-97.50252,62.576334],[-97.513706,62.554257],[-97.458954,62.537478],[-97.391251,62.476839],[-97.342239,62.485965],[-97.370204,62.505687],[-97.345624,62.512752],[-97.279834,62.478311],[-97.320162,62.445048],[-97.383891,62.417672],[-97.460868,62.415906],[-97.531368,62.444165],[-97.58244,62.485965],[-97.692385,62.499505],[-97.743899,62.520111],[-97.809689,62.491852],[-97.890934,62.492735],[-97.876657,62.472129],[-97.912275,62.442693],[-97.926699,62.460944],[-98.082859,62.533651]]]},"properties":{"name":"Yathkyed Lake","nameZh":"亚斯凯德湖","rank":5}},{"type":"Feature","geometry":{"type":"Polygon","coordinates":[[[-56.469044,48.329699],[-56.454179,48.309388],[-56.495242,48.295847],[-56.553526,48.250515],[-56.711747,48.17869],[-56.774741,48.171037],[-56.695557,48.209893],[-56.682016,48.233148],[-56.63536,48.249632],[-56.631386,48.290549],[-56.58414,48.299968],[-56.569275,48.314392],[-56.610192,48.321751],[-56.589733,48.341768],[-56.537925,48.359136],[-56.514818,48.389161],[-56.500394,48.383274],[-56.526592,48.347067],[-56.472576,48.347655],[-56.45933,48.341768],[-56.469044,48.329699]]]},"properties":{"name":null,"nameZh":null,"rank":5}},{"type":"Feature","geometry":{"type":"Polygon","coordinates":[[[-95.626096,55.619333],[-95.575171,55.620216],[-95.582089,55.605497],[-95.683056,55.546625],[-95.68438,55.482748],[-95.707488,55.447718],[-95.903534,55.406802],[-95.927672,55.421814],[-95.93194,55.430939],[-95.900591,55.443303],[-95.910452,55.503059],[-95.751642,55.540443],[-95.745902,55.564581],[-95.842012,55.564581],[-95.626096,55.619333]]]},"properties":{"name":null,"nameZh":null,"rank":5}},{"type":"Feature","geometry":{"type":"Polygon","coordinates":[[[-165.475907,65.173803],[-165.391719,65.220607],[-165.363018,65.206478],[-165.383477,65.200002],[-165.390836,65.164678],[-165.678429,65.060768],[-165.722584,65.072542],[-165.728324,65.088732],[-165.836503,65.097857],[-165.938353,65.165267],[-165.930847,65.172332],[-165.965582,65.172332],[-165.929375,65.17763],[-165.856667,65.146133],[-165.821638,65.151726],[-165.862554,65.176158],[-165.838564,65.200296],[-165.63398,65.17086],[-165.582025,65.178513],[-165.582025,65.192643],[-165.475907,65.173803]]]},"properties":{"name":null,"nameZh":null,"rank":5}},{"type":"Feature","geometry":{"type":"Polygon","coordinates":[[[-163.743721,61.163092],[-163.779486,61.163092],[-163.759028,61.149551],[-163.775365,61.143075],[-163.834827,61.136599],[-163.810248,61.125708],[-163.732388,61.128946],[-163.82055,61.094211],[-163.806862,61.094211],[-163.813486,61.080081],[-163.786404,61.053883],[-163.855432,61.053589],[-163.838801,61.084497],[-163.850281,61.096271],[-163.944036,61.139543],[-163.944625,61.180165],[-163.925344,61.19665],[-163.818784,61.232268],[-163.759028,61.239038],[-163.750786,61.230501],[-163.773305,61.218433],[-163.748725,61.201948],[-163.566514,61.245514],[-163.512645,61.231973],[-163.567103,61.210779],[-163.663507,61.197238],[-163.743721,61.163092]]]},"properties":{"name":null,"nameZh":null,"rank":5}},{"type":"Feature","geometry":{"type":"Polygon","coordinates":[[[-162.552724,60.829283],[-162.491055,60.792782],[-162.497531,60.763934],[-162.591286,60.753337],[-162.748623,60.793665],[-162.788068,60.826928],[-162.772172,60.843118],[-162.693872,60.851655],[-162.552724,60.829283]]]},"properties":{"name":null,"nameZh":null,"rank":5}},{"type":"Feature","geometry":{"type":"Polygon","coordinates":[[[-158.890393,59.26827],[-158.859337,59.200272],[-158.863017,59.17584],[-158.893484,59.158472],[-158.939404,59.167892],[-158.961776,59.203804],[-158.942642,59.25679],[-159.07334,59.325671],[-159.078491,59.347749],[-159.037428,59.340095],[-158.890393,59.26827]]]},"properties":{"name":null,"nameZh":null,"rank":5}},{"type":"Feature","geometry":{"type":"Polygon","coordinates":[[[-158.228809,59.964147],[-158.202022,59.941187],[-158.242644,59.943542],[-158.27002,59.930001],[-158.386441,59.943542],[-158.382615,59.959143],[-158.395272,59.962381],[-158.57557,59.967091],[-158.684043,59.94884],[-158.815919,59.903802],[-159.126914,59.88879],[-159.088941,59.919698],[-159.175337,59.970917],[-159.147373,59.970917],[-159.031982,59.927352],[-158.962218,59.924997],[-158.793253,59.977393],[-158.685368,59.988874],[-158.537156,60.032145],[-158.455323,60.005064],[-158.516109,59.984458],[-158.4983,59.979454],[-158.331837,59.991229],[-158.221892,59.970917],[-158.228809,59.964147]]]},"properties":{"name":null,"nameZh":null,"rank":5}},{"type":"Feature","geometry":{"type":"Polygon","coordinates":[[[-159.112638,60.2173],[-159.181519,60.170202],[-159.176073,60.193751],[-159.121174,60.244087],[-159.008286,60.242615],[-158.848151,60.295895],[-158.825191,60.292952],[-158.914531,60.251446],[-158.884947,60.234079],[-158.756899,60.2382],[-158.785158,60.209352],[-158.756899,60.176384],[-158.783097,60.174617],[-158.859337,60.204348],[-158.957508,60.214062],[-159.040371,60.203171],[-159.112638,60.2173]]]},"properties":{"name":null,"nameZh":null,"rank":5}},{"type":"Feature","geometry":{"type":"Polygon","coordinates":[[[-158.7229,59.61091],[-158.475781,59.566755],[-158.621785,59.566755],[-158.6602,59.552332],[-158.759401,59.571465],[-158.777504,59.566755],[-158.763816,59.552332],[-158.851978,59.559985],[-158.825191,59.566755],[-158.835641,59.576764],[-158.989741,59.559985],[-158.969724,59.522306],[-158.934253,59.499346],[-158.890246,59.487866],[-158.681836,59.481684],[-158.598678,59.453425],[-158.56512,59.426344],[-158.59176,59.408388],[-158.680217,59.443417],[-158.814741,59.434292],[-158.838879,59.443711],[-158.728934,59.456958],[-158.748215,59.470498],[-158.818126,59.463139],[-158.977672,59.497286],[-159.077461,59.563812],[-159.085262,59.572937],[-159.075695,59.611499],[-159.092032,59.628278],[-159.144135,59.645645],[-159.17151,59.671255],[-159.155762,59.682735],[-158.953534,59.573231],[-158.879943,59.587361],[-158.893484,59.600902],[-158.7229,59.61091]]]},"properties":{"name":null,"nameZh":null,"rank":5}},{"type":"Feature","geometry":{"type":"Polygon","coordinates":[[[-84.492983,46.473515],[-84.490141,46.44647],[-84.569779,46.423397],[-84.603337,46.437527],[-84.594064,46.457838],[-84.61835,46.484331],[-84.65647,46.501992],[-84.749489,46.466669],[-84.819547,46.457249],[-84.914774,46.484625],[-84.945977,46.506408],[-85.027074,46.496694],[-85.055775,46.532901],[-85.017949,46.573229],[-85.031195,46.606786],[-85.013386,46.724237],[-84.952747,46.786348],[-85.038996,46.772513],[-85.200307,46.775457],[-85.5219,46.683909],[-85.898686,46.710991],[-86.090906,46.675373],[-86.145658,46.69068],[-86.282831,46.621799],[-86.488298,46.553506],[-86.625471,46.444003],[-86.659029,46.437527],[-86.652111,46.457249],[-86.702006,46.460781],[-86.759849,46.501109],[-86.830496,46.462548],[-86.88201,46.459898],[-86.897169,46.483153],[-86.930138,46.488157],[-86.970319,46.54026],[-87.008439,46.553506],[-87.080853,46.539671],[-87.111466,46.512295],[-87.183144,46.517299],[-87.226121,46.502287],[-87.348135,46.516711],[-87.387727,46.54703],[-87.396705,46.604431],[-87.469413,46.635045],[-87.467794,46.649469],[-87.598198,46.765743],[-87.629695,46.828737],[-87.66075,46.819906],[-87.67694,46.851403],[-87.720947,46.848165],[-87.748912,46.882311],[-87.779232,46.884666],[-87.796452,46.90115],[-87.902864,46.921167],[-88.119075,46.927643],[-88.198553,46.911747],[-88.246387,46.856701],[-88.297018,46.834624],[-88.23947,46.912925],[-88.183688,46.932941],[-88.144096,46.970326],[-88.173532,46.971798],[-88.339406,46.880839],[-88.400487,46.866121],[-88.386358,46.854346],[-88.440962,46.800478],[-88.474667,46.773396],[-88.488796,46.779872],[-88.455975,46.802833],[-88.482762,46.848165],[-88.469221,46.876718],[-88.475697,46.895557],[-88.444053,46.960317],[-88.446849,47.001234],[-88.496303,47.04686],[-88.523531,47.04686],[-88.51264,47.111621],[-88.612871,47.135758],[-88.634948,47.151065],[-88.62597,47.214354],[-88.635831,47.23702],[-88.683812,47.228189],[-88.886629,47.115153],[-88.96861,47.018896],[-89.061334,46.999173],[-89.130804,47.005944],[-89.308012,46.893497],[-89.397645,46.863766],[-89.794154,46.830208],[-90.05967,46.680377],[-90.237025,46.640344],[-90.289569,46.617089],[-90.361835,46.608552],[-90.435279,46.576467],[-90.569803,46.60708],[-90.662087,46.644465],[-90.736414,46.695095],[-90.756872,46.704221],[-90.730085,46.683909],[-90.771001,46.676256],[-90.736266,46.670074],[-90.781157,46.637106],[-90.900816,46.602076],[-90.956009,46.607375],[-90.863137,46.700983],[-90.857839,46.712463],[-90.874176,46.742194],[-90.865934,46.780755],[-90.818688,46.816373],[-90.777183,46.87554],[-90.784689,46.889376],[-90.761582,46.897618],[-90.788663,46.939123],[-90.829138,46.943833],[-90.856956,46.970326],[-90.877267,46.971798],[-90.914651,46.94501],[-90.975732,46.948248],[-91.04476,46.916457],[-91.053738,46.897912],[-91.099365,46.889376],[-91.128212,46.85935],[-91.147787,46.868181],[-91.147787,46.882311],[-91.190029,46.861705],[-91.203569,46.867593],[-91.19621,46.889376],[-91.224764,46.884371],[-91.401088,46.786348],[-91.414628,46.794296],[-91.569758,46.764271],[-91.793034,46.705987],[-91.96347,46.69068],[-92.058992,46.723943],[-92.114185,46.772513],[-92.095346,46.80401],[-92.047953,46.834329],[-91.798332,46.950015],[-91.745641,46.992697],[-91.654977,47.03332],[-91.581827,47.096608],[-91.511033,47.121923],[-91.01238,47.493116],[-90.949239,47.51225],[-90.79146,47.616161],[-90.532861,47.711535],[-90.08528,47.811324],[-89.743229,47.930836],[-89.648444,47.994713],[-89.59016,47.990592],[-89.578091,48.012669],[-89.519954,48.029448],[-89.499495,48.05182],[-89.459609,48.051231],[-89.461964,48.061239],[-89.419281,48.079784],[-89.455194,48.088909],[-89.432969,48.101861],[-89.331708,48.122467],[-89.345249,48.136302],[-89.305068,48.166622],[-89.294176,48.185755],[-89.304332,48.205183],[-89.273571,48.201945],[-89.267537,48.26435],[-89.229269,48.321751],[-89.206014,48.326167],[-89.201893,48.341768],[-89.237806,48.378564],[-89.237217,48.400935],[-89.215581,48.444796],[-89.188647,48.467462],[-88.779922,48.588445],[-88.763144,48.583441],[-88.758287,48.566957],[-88.838206,48.486301],[-88.862933,48.388572],[-88.907088,48.376503],[-88.941234,48.321751],[-88.930342,48.315275],[-88.914005,48.335292],[-88.802588,48.350893],[-88.730028,48.383862],[-88.687345,48.492483],[-88.697648,48.506906],[-88.639658,48.519858],[-88.620524,48.624946],[-88.546933,48.644669],[-88.557677,48.698538],[-88.509255,48.718849],[-88.541929,48.742986],[-88.54399,48.784197],[-88.495714,48.819227],[-88.488796,48.849252],[-88.441845,48.856317],[-88.364133,48.843365],[-88.317476,48.752995],[-88.338965,48.694416],[-88.558266,48.539875],[-88.591235,48.492483],[-88.564448,48.492483],[-88.570629,48.47541],[-88.557677,48.431549],[-88.516025,48.444796],[-88.525445,48.454215],[-88.503073,48.478942],[-88.482026,48.478942],[-88.496303,48.499253],[-88.492034,48.516032],[-88.427421,48.574905],[-88.420945,48.555771],[-88.390331,48.551355],[-88.359276,48.57932],[-88.303788,48.59551],[-88.325719,48.611111],[-88.330281,48.657327],[-88.311295,48.649967],[-88.291572,48.613172],[-88.273175,48.609051],[-88.228137,48.643197],[-88.255365,48.59551],[-88.225635,48.597571],[-88.109361,48.71149],[-88.118928,48.746225],[-88.108625,48.797444],[-88.21386,48.848663],[-88.262872,48.890463],[-88.241089,48.925787],[-88.271114,48.989664],[-88.255365,49.000261],[-88.239028,48.974062],[-88.176917,48.973474],[-88.11201,49.006442],[-88.081102,48.992607],[-88.036211,49.027637],[-88.036211,48.992607],[-87.942015,48.947275],[-87.885497,48.94492],[-87.849879,48.929908],[-87.793067,48.933734],[-87.781586,48.928436],[-87.789829,48.910774],[-87.700489,48.910774],[-87.667079,48.896645],[-87.660161,48.869857],[-87.639409,48.864559],[-87.575679,48.882809],[-87.555515,48.867503],[-87.56464,48.849252],[-87.544035,48.836889],[-87.436886,48.843953],[-87.365356,48.807747],[-87.317521,48.807747],[-87.293089,48.774189],[-87.24187,48.767419],[-87.042438,48.793323],[-87.015357,48.780371],[-86.996959,48.785081],[-87.002257,48.807747],[-86.988275,48.813928],[-86.915126,48.773306],[-86.854045,48.758588],[-86.741598,48.794206],[-86.71746,48.814517],[-86.617965,48.788024],[-86.631653,48.746225],[-86.558209,48.740043],[-86.536132,48.76006],[-86.428542,48.773306],[-86.433693,48.752995],[-86.38527,48.742986],[-86.399841,48.727385],[-86.361427,48.6744],[-86.309619,48.657621],[-86.330077,48.629656],[-86.266789,48.587268],[-86.250893,48.510733],[-86.226019,48.464224],[-86.227638,48.431549],[-86.179215,48.396814],[-86.191726,48.382979],[-86.179215,48.36885],[-86.18628,48.350893],[-86.076777,48.163384],[-86.007895,48.108337],[-86.001567,48.089498],[-85.944754,48.065655],[-85.940192,48.046815],[-85.898686,48.02621],[-85.859241,47.984999],[-85.743115,47.952324],[-85.533086,47.926126],[-85.424171,47.927304],[-85.278903,47.958212],[-84.929051,47.971752],[-84.901528,47.951147],[-84.888281,47.962627],[-84.858551,47.960861],[-84.838828,47.934957],[-84.843538,47.917001],[-84.924783,47.86166],[-84.939059,47.834579],[-84.921397,47.811618],[-84.891225,47.801021],[-84.942592,47.74156],[-84.984244,47.72743],[-84.9944,47.710946],[-84.970409,47.69976],[-84.971586,47.68828],[-84.997491,47.667086],[-85.014416,47.620576],[-85.028399,47.622342],[-85.00014,47.590845],[-84.950098,47.569062],[-84.942444,47.540215],[-84.904913,47.51225],[-84.796293,47.482225],[-84.726823,47.444841],[-84.682079,47.372427],[-84.627475,47.365362],[-84.58332,47.305018],[-84.589207,47.282057],[-84.62041,47.269694],[-84.672218,47.20464],[-84.696503,47.194337],[-84.700036,47.163429],[-84.723143,47.153126],[-84.708719,47.108677],[-84.769947,47.053042],[-84.767739,47.018896],[-84.787462,47.005944],[-84.776865,46.987693],[-84.730208,46.964438],[-84.671041,46.962084],[-84.609519,46.909098],[-84.594064,46.909981],[-84.593329,46.933825],[-84.57287,46.946482],[-84.459687,46.943244],[-84.43658,46.941184],[-84.360192,46.893202],[-84.356218,46.87554],[-84.389334,46.839922],[-84.462925,46.854346],[-84.549321,46.827265],[-84.542845,46.786054],[-84.565953,46.740722],[-84.546083,46.69745],[-84.521357,46.69745],[-84.494422,46.75073],[-84.476908,46.758972],[-84.441584,46.740722],[-84.425099,46.710991],[-84.563009,46.601193],[-84.588472,46.562926],[-84.589207,46.542026],[-84.546525,46.526425],[-84.492983,46.473515]],[[-86.60413,46.47285],[-86.601922,46.496694],[-86.639159,46.498754],[-86.617965,46.532901],[-86.628268,46.553212],[-86.645341,46.566458],[-86.687729,46.567047],[-86.700534,46.532901],[-86.676249,46.474911],[-86.660206,46.471379],[-86.652111,46.484625],[-86.639159,46.47079],[-86.60413,46.47285]],[[-86.994751,48.623475],[-86.946623,48.6535],[-86.953835,48.670573],[-86.981652,48.677932],[-87.046265,48.653794],[-87.045823,48.642314],[-86.987981,48.636427],[-86.994751,48.623475]],[[-85.733401,47.718011],[-85.59137,47.751568],[-85.610062,47.773057],[-85.73399,47.807792],[-85.858653,47.803376],[-85.955057,47.754217],[-85.937837,47.726842],[-85.906634,47.719777],[-85.83216,47.716539],[-85.775201,47.73214],[-85.733401,47.718011]],[[-87.714766,47.416876],[-87.7626,47.464563],[-87.819707,47.483991],[-88.052549,47.484285],[-88.209445,47.453377],[-88.249478,47.429534],[-88.28333,47.437187],[-88.431248,47.372427],[-88.526622,47.28294],[-88.605512,47.238786],[-88.619052,47.152537],[-88.606248,47.139879],[-88.516025,47.135758],[-88.48232,47.108382],[-88.437577,47.115153],[-88.423447,47.143706],[-88.436105,47.154892],[-88.462156,47.142529],[-88.399457,47.196986],[-88.423447,47.110737],[-88.483498,47.065994],[-88.424183,46.992403],[-88.396955,47.010065],[-88.336168,47.100435],[-88.298195,47.113681],[-88.27185,47.147533],[-88.234907,47.149299],[-88.242119,47.187861],[-88.215038,47.21818],[-88.175887,47.221418],[-88.122607,47.262629],[-88.077275,47.279702],[-88.060644,47.303252],[-87.948932,47.35506],[-88.030177,47.383319],[-88.017519,47.395388],[-87.878727,47.410106],[-87.793655,47.396271],[-87.714766,47.416876]],[[-88.635978,48.034746],[-88.591235,48.064183],[-88.598594,48.095091],[-88.575486,48.115991],[-88.502779,48.14631],[-88.475697,48.163384],[-88.45465,48.184578],[-88.509255,48.163384],[-88.475697,48.190759],[-88.571365,48.149843],[-88.63274,48.149843],[-88.787429,48.077135],[-88.859401,48.061239],[-88.903114,48.037101],[-88.948151,48.033863],[-89.123592,47.964393],[-89.215581,47.917001],[-89.205131,47.905521],[-89.153618,47.917001],[-89.201893,47.889625],[-89.214404,47.857245],[-89.182612,47.838111],[-89.137575,47.835168],[-88.966549,47.890802],[-88.914005,47.89669],[-89.002756,47.90346],[-88.948151,47.938195],[-88.635978,48.034746]],[[-90.410258,47.033614],[-90.407903,47.081595],[-90.438959,47.081595],[-90.460006,47.063639],[-90.475607,47.002117],[-90.410258,47.033614]],[[-88.057406,48.959344],[-88.089638,48.929613],[-88.022671,48.896645],[-88.02164,48.937856],[-88.032679,48.952574],[-88.057406,48.959344]],[[-87.965858,48.867503],[-88.098322,48.818049],[-88.085223,48.752701],[-88.068297,48.712078],[-88.047103,48.704719],[-88.019433,48.714728],[-88.017666,48.736216],[-87.982196,48.755939],[-87.910371,48.767419],[-87.818235,48.759177],[-87.810434,48.794206],[-87.784677,48.787141],[-87.772756,48.795972],[-87.7626,48.856317],[-87.965858,48.867503]],[[-87.67017,48.747696],[-87.605557,48.76006],[-87.652655,48.794206],[-87.687537,48.841893],[-87.745968,48.839832],[-87.75583,48.828352],[-87.750089,48.807452],[-87.723008,48.785669],[-87.750531,48.757116],[-87.67017,48.747696]],[[-89.099455,48.274064],[-89.174076,48.239918],[-89.170249,48.232559],[-89.125653,48.211954],[-89.023214,48.25287],[-89.064867,48.273476],[-89.099455,48.274064]],[[-87.464556,48.764475],[-87.447336,48.788024],[-87.522988,48.800976],[-87.487075,48.761237],[-87.464556,48.764475]],[[-90.585258,46.848753],[-90.599829,46.87554],[-90.677394,46.853169],[-90.777183,46.800478],[-90.7972,46.779578],[-90.796317,46.762799],[-90.781598,46.757206],[-90.681956,46.790175],[-90.668121,46.806659],[-90.686224,46.808425],[-90.676069,46.820494],[-90.585258,46.848753]],[[-84.512378,46.922639],[-84.549321,46.882311],[-84.425099,46.902916],[-84.512378,46.922639]],[[-90.771001,46.943833],[-90.730085,46.916457],[-90.700501,46.930881],[-90.716397,46.957374],[-90.750543,46.971798],[-90.771001,46.943833]],[[-90.530947,46.950015],[-90.530653,46.965027],[-90.546549,46.967088],[-90.635299,46.949426],[-90.663853,46.927054],[-90.583344,46.922933],[-90.551994,46.909098],[-90.551847,46.934708],[-90.530947,46.950015]],[[-90.967784,46.967676],[-90.928633,46.999173],[-90.943057,47.012714],[-90.983974,46.977979],[-90.967784,46.967676]]]},"properties":{"name":"Lake Superior","nameZh":"苏必利尔湖","rank":0}},{"type":"Feature","geometry":{"type":"Polygon","coordinates":[[[-84.77451,45.799934],[-84.822933,45.765199],[-84.9944,45.77874],[-84.942444,45.731641],[-84.9944,45.683071],[-85.082267,45.631263],[-85.103609,45.600649],[-85.110526,45.563854],[-85.089038,45.494678],[-85.021187,45.439044],[-84.911095,45.422559],[-84.935674,45.395772],[-84.985863,45.38282],[-85.174403,45.376933],[-85.33439,45.315705],[-85.391644,45.26478],[-85.399298,45.227101],[-85.377956,45.101114],[-85.392674,45.009861],[-85.424171,44.930088],[-85.543389,44.767305],[-85.565908,44.769071],[-85.567527,44.78585],[-85.545597,44.843839],[-85.501148,44.900652],[-85.48481,44.993082],[-85.5219,44.998086],[-85.539121,44.934798],[-85.569734,44.908599],[-85.542359,44.90124],[-85.572825,44.879752],[-85.610062,44.787027],[-85.635966,44.805278],[-85.659515,44.854436],[-85.602703,44.96394],[-85.610504,44.988078],[-85.645386,44.983662],[-85.623014,45.024579],[-85.579154,45.061374],[-85.603881,45.114654],[-85.603439,45.144091],[-85.571206,45.157631],[-85.542947,45.199725],[-85.540445,45.213266],[-85.562817,45.216504],[-85.590193,45.196487],[-85.642001,45.18589],[-85.69322,45.114654],[-85.761513,45.062552],[-85.831424,44.954226],[-85.864099,44.953931],[-85.936806,44.983662],[-86.001125,44.91537],[-86.076482,44.916547],[-86.092378,44.753469],[-86.132117,44.74405],[-86.166116,44.751703],[-86.25472,44.713436],[-86.269585,44.688415],[-86.24162,44.634546],[-86.234114,44.585388],[-86.263698,44.495607],[-86.268555,44.44998],[-86.254131,44.4176],[-86.267525,44.374623],[-86.381149,44.198299],[-86.518323,44.083202],[-86.521855,44.045229],[-86.45268,43.958098],[-86.461511,43.935137],[-86.436784,43.822101],[-86.441935,43.785012],[-86.539664,43.666677],[-86.542902,43.627527],[-86.356275,43.2581],[-86.337436,43.243382],[-86.255456,43.270463],[-86.276797,43.243382],[-86.327133,43.222776],[-86.252954,43.039093],[-86.227638,43.003769],[-86.234409,42.989934],[-86.22234,42.964324],[-86.219249,42.709405],[-86.273117,42.471853],[-86.302407,42.39679],[-86.378941,42.255201],[-86.492566,42.129508],[-86.602952,41.940232],[-86.656527,41.87606],[-86.801207,41.777154],[-87.029633,41.681191],[-87.201689,41.634976],[-87.291912,41.627911],[-87.385814,41.63998],[-87.423051,41.653815],[-87.42673,41.687961],[-87.458816,41.678542],[-87.493698,41.69797],[-87.594665,41.820131],[-87.648387,41.944647],[-87.675615,42.070635],[-87.751561,42.125092],[-87.812789,42.240189],[-87.826183,42.354991],[-87.8122,42.38531],[-87.803517,42.482745],[-87.811759,42.644056],[-87.780409,42.704106],[-87.771284,42.789766],[-87.834425,42.86689],[-87.84929,42.981692],[-87.90051,43.022608],[-87.871809,43.096199],[-87.899774,43.12387],[-87.885055,43.178033],[-87.90728,43.267225],[-87.871809,43.37349],[-87.807932,43.466215],[-87.793361,43.505954],[-87.798512,43.561883],[-87.700489,43.70936],[-87.707995,43.737325],[-87.696957,43.766761],[-87.732133,43.823279],[-87.720947,43.935432],[-87.637642,44.100275],[-87.531083,44.161798],[-87.500616,44.198887],[-87.495759,44.220376],[-87.542857,44.278071],[-87.548008,44.324287],[-87.519455,44.38051],[-87.466028,44.570081],[-87.365356,44.692536],[-87.327971,44.803511],[-87.37139,44.818818],[-87.450132,44.886228],[-87.493257,44.86415],[-87.51607,44.875042],[-87.570233,44.837363],[-87.56464,44.854731],[-87.617626,44.844428],[-87.696221,44.772309],[-87.728454,44.723739],[-87.719476,44.708432],[-87.75583,44.66516],[-87.882848,44.610409],[-87.904336,44.59363],[-87.92244,44.553008],[-87.94437,44.54241],[-87.995295,44.545354],[-88.043423,44.580678],[-88.020316,44.638373],[-87.989113,44.675169],[-87.995295,44.696363],[-87.982637,44.729332],[-87.938777,44.764067],[-87.913462,44.820585],[-87.858415,44.866505],[-87.840754,44.893587],[-87.851939,44.922434],[-87.822945,44.949222],[-87.687537,44.977481],[-87.636612,45.007211],[-87.632638,45.06108],[-87.598198,45.107884],[-87.603643,45.173527],[-87.560372,45.190895],[-87.344897,45.422559],[-87.282198,45.539127],[-87.173577,45.668942],[-87.094393,45.700145],[-87.056273,45.818185],[-87.018153,45.858218],[-86.987981,45.923273],[-86.97076,45.923273],[-86.965462,45.89884],[-87.00211,45.822894],[-86.981652,45.78551],[-86.983712,45.704854],[-86.964873,45.689842],[-86.95251,45.706915],[-86.856989,45.731347],[-86.81725,45.799934],[-86.788108,45.822306],[-86.791934,45.855274],[-86.779129,45.865283],[-86.73836,45.868226],[-86.677427,45.842322],[-86.610459,45.88265],[-86.569984,45.892364],[-86.547612,45.882356],[-86.536132,45.868226],[-86.568806,45.802289],[-86.563213,45.7808],[-86.628562,45.784627],[-86.639159,45.751658],[-86.659029,45.744593],[-86.669479,45.715746],[-86.712309,45.673652],[-86.689937,45.644804],[-86.621792,45.608009],[-86.611047,45.623315],[-86.622528,45.666587],[-86.603688,45.668942],[-86.568953,45.718689],[-86.537162,45.726932],[-86.524357,45.761961],[-86.357894,45.813475],[-86.331402,45.883239],[-86.298138,45.926511],[-86.251923,45.954475],[-86.079867,45.973609],[-85.978312,45.955064],[-85.919145,45.929749],[-85.923266,45.953003],[-85.897509,45.975669],[-85.64465,45.991565],[-85.610651,46.038663],[-85.525285,46.106956],[-85.445513,46.101657],[-85.405185,46.115198],[-85.37045,46.095476],[-85.339542,46.109311],[-85.281699,46.080463],[-85.170577,46.069277],[-85.02104,46.025123],[-84.925077,45.942995],[-84.871355,45.928277],[-84.824404,45.880295],[-84.780839,45.862339],[-84.77451,45.799934]],[[-86.994751,45.223863],[-86.981652,45.244469],[-86.99166,45.262425],[-86.982977,45.292156],[-87.045823,45.29245],[-87.071139,45.30658],[-87.087917,45.269784],[-87.111466,45.26478],[-87.13899,45.197076],[-87.172694,45.187951],[-87.187412,45.168229],[-87.234952,45.175588],[-87.248493,45.166168],[-87.289557,45.053132],[-87.310015,45.053132],[-87.393173,44.964823],[-87.406272,44.922434],[-87.399207,44.882695],[-87.373892,44.845017],[-87.337391,44.82029],[-87.296474,44.820585],[-87.231567,44.87828],[-87.214494,44.91537],[-87.173577,44.936564],[-87.197126,44.954815],[-87.129717,45.060197],[-87.111466,45.073149],[-87.087476,45.06579],[-87.07732,45.101114],[-87.049503,45.114654],[-87.097779,45.155571],[-87.043174,45.148801],[-87.056862,45.182358],[-87.043174,45.223863],[-87.057009,45.240936],[-86.994751,45.223863]],[[-85.487754,45.635384],[-85.506005,45.745182],[-85.487754,45.765199],[-85.555458,45.77874],[-85.562375,45.736646],[-85.594608,45.694257],[-85.625075,45.615073],[-85.572972,45.591524],[-85.504238,45.614485],[-85.487754,45.635384]],[[-85.463469,45.792575],[-85.446985,45.81318],[-85.514394,45.840851],[-85.518368,45.820245],[-85.506005,45.804938],[-85.463469,45.792575]],[[-85.833485,45.398716],[-85.835398,45.432568],[-85.879405,45.462593],[-85.884998,45.457294],[-85.833485,45.398716]],[[-86.123728,45.001618],[-86.076777,45.046362],[-86.110923,45.059314],[-86.129321,45.054898],[-86.15022,45.025168],[-86.123728,45.001618]],[[-86.854045,45.387235],[-86.864495,45.415789],[-86.920424,45.409607],[-86.943826,45.430801],[-86.958544,45.407547],[-86.956631,45.366336],[-86.974293,45.347496],[-86.864495,45.340432],[-86.871854,45.354267],[-86.854045,45.387235]],[[-85.974338,45.087278],[-85.988173,45.096992],[-85.974338,45.134377],[-85.981697,45.146446],[-86.022172,45.169112],[-86.048812,45.161164],[-86.063089,45.14203],[-86.029531,45.089928],[-86.004069,45.074032],[-85.974338,45.087278]]]},"properties":{"name":"Lake Michigan","nameZh":"密歇根湖","rank":0}},{"type":"Feature","geometry":{"type":"Polygon","coordinates":[[[-79.721014,44.788793],[-79.662582,44.757885],[-79.739411,44.754647],[-79.765168,44.76701],[-79.792691,44.757885],[-79.802847,44.771426],[-79.881736,44.771426],[-79.874524,44.807632],[-79.941787,44.814697],[-79.915735,44.850315],[-79.934133,44.867388],[-80.015819,44.861501],[-80.061151,44.819113],[-80.10825,44.822351],[-80.107808,44.759945],[-80.048346,44.734925],[-79.99227,44.69283],[-80.013023,44.531225],[-80.108691,44.475295],[-80.245423,44.525043],[-80.32446,44.531519],[-80.365818,44.552419],[-80.450889,44.56596],[-80.512264,44.606876],[-80.577466,44.61188],[-80.598071,44.623949],[-80.639135,44.71844],[-80.680493,44.72992],[-80.763063,44.719323],[-80.826204,44.690476],[-80.937473,44.593335],[-80.942772,44.628659],[-80.88905,44.751703],[-80.89744,44.790854],[-80.934971,44.81087],[-80.985455,44.815286],[-81.032994,44.806161],[-81.119096,44.754647],[-81.131459,44.763478],[-81.126161,44.788793],[-81.051687,44.822351],[-81.006502,44.860912],[-80.998259,44.87828],[-81.005766,44.922434],[-80.953075,44.97071],[-80.985307,44.977481],[-81.03167,44.966295],[-81.044327,44.950988],[-81.032994,44.929205],[-81.087746,44.908599],[-81.08701,44.925084],[-81.149121,44.91537],[-81.112914,44.95246],[-81.116888,44.964823],[-81.200929,44.977481],[-81.190774,45.011038],[-81.210202,45.018103],[-81.257153,45.001913],[-81.266425,45.107884],[-81.319852,45.148801],[-81.327947,45.17235],[-81.279524,45.237404],[-81.30219,45.252417],[-81.607446,45.252122],[-81.629229,45.257715],[-81.64012,45.278615],[-81.692959,45.265074],[-81.691045,45.244469],[-81.714447,45.238876],[-81.71901,45.224452],[-81.710326,45.209734],[-81.656016,45.210911],[-81.644094,45.195604],[-81.601559,45.182358],[-81.574919,45.196487],[-81.595524,45.155571],[-81.572858,45.152627],[-81.523405,45.114654],[-81.481311,45.057842],[-81.462472,45.050483],[-81.427001,44.981896],[-81.416109,45.001913],[-81.403599,44.991021],[-81.380786,45.003973],[-81.362682,44.991021],[-81.375781,44.977481],[-81.348406,44.977481],[-81.361652,44.888877],[-81.330008,44.871215],[-81.321618,44.833537],[-81.279524,44.812931],[-81.274226,44.720501],[-81.299983,44.703133],[-81.270252,44.6631],[-81.270252,44.623949],[-81.379167,44.515035],[-81.409781,44.442327],[-81.495882,44.418483],[-81.539595,44.366086],[-81.588018,44.340182],[-81.591256,44.279838],[-81.615835,44.22332],[-81.660579,44.158265],[-81.738732,44.099981],[-81.711504,43.942202],[-81.722248,43.684339],[-81.699435,43.515374],[-81.711504,43.428242],[-81.752715,43.350236],[-81.880027,43.256628],[-82.005574,43.212473],[-82.115666,43.106208],[-82.417242,43.01731],[-82.475967,43.102087],[-82.526451,43.276645],[-82.547204,43.450908],[-82.579584,43.528326],[-82.636985,43.811799],[-82.689381,43.921302],[-82.742514,43.981352],[-82.81169,44.026096],[-82.923548,44.069956],[-82.968439,44.07025],[-83.033493,44.052],[-83.086479,44.014027],[-83.168312,43.990478],[-83.250145,43.986651],[-83.315935,43.93131],[-83.404833,43.921596],[-83.34758,43.913649],[-83.335805,43.901285],[-83.389232,43.854481],[-83.404245,43.813565],[-83.45252,43.7647],[-83.474156,43.721134],[-83.490346,43.703178],[-83.510216,43.706416],[-83.525964,43.73232],[-83.537886,43.726727],[-83.604559,43.65137],[-83.678886,43.608099],[-83.881703,43.670798],[-83.925416,43.701706],[-83.949554,43.756164],[-83.932334,43.791488],[-83.931745,43.839763],[-83.909815,43.85978],[-83.925416,43.88068],[-83.863306,43.989889],[-83.821947,44.004313],[-83.695812,44.004313],[-83.678445,44.045229],[-83.592491,44.062597],[-83.59043,44.095566],[-83.569677,44.116466],[-83.554076,44.230679],[-83.53244,44.266002],[-83.493584,44.285431],[-83.45252,44.285431],[-83.466208,44.258055],[-83.39718,44.322815],[-83.35332,44.329585],[-83.332861,44.354017],[-83.314758,44.623949],[-83.287382,44.703133],[-83.303572,44.812637],[-83.335805,44.887994],[-83.42853,44.945984],[-83.459291,45.007211],[-83.434564,45.065201],[-83.414842,45.076093],[-83.380254,45.079919],[-83.335805,45.046362],[-83.266924,45.039003],[-83.276343,45.05637],[-83.314022,45.070205],[-83.322117,45.09346],[-83.301659,45.101114],[-83.322117,45.161753],[-83.357882,45.171467],[-83.408955,45.237993],[-83.409543,45.259187],[-83.383639,45.279204],[-83.465325,45.33896],[-83.510216,45.358682],[-83.674618,45.386941],[-83.719361,45.422559],[-83.844025,45.441693],[-83.897599,45.484081],[-83.943078,45.501154],[-84.116017,45.511751],[-84.162674,45.594468],[-84.223902,45.642449],[-84.318245,45.673946],[-84.458363,45.670708],[-84.498985,45.681305],[-84.575961,45.730464],[-84.738744,45.799934],[-84.77451,45.799934],[-84.780839,45.862339],[-84.734476,45.857041],[-84.706364,45.874997],[-84.73168,45.90149],[-84.713135,45.936519],[-84.728736,45.964484],[-84.688408,45.990976],[-84.677664,46.043667],[-84.656617,46.056325],[-84.596419,46.038663],[-84.556386,46.041901],[-84.530335,45.990976],[-84.493981,46.0054],[-84.466163,45.984795],[-84.453358,46.013642],[-84.397429,46.008638],[-84.356218,45.991565],[-84.332669,46.0054],[-84.00357,45.958596],[-83.973251,45.970665],[-83.904369,45.970665],[-83.890681,46.011582],[-83.997536,46.048083],[-84.055231,46.101657],[-84.028002,46.149344],[-84.103654,46.162296],[-84.117342,46.18349],[-84.13574,46.187906],[-84.193288,46.189672],[-84.216542,46.174071],[-84.258342,46.212632],[-84.257606,46.223818],[-84.178717,46.251783],[-84.214776,46.296232],[-84.22449,46.355399],[-84.12264,46.331556],[-84.117195,46.347157],[-84.039041,46.330378],[-83.8845,46.34127],[-83.873314,46.308301],[-83.832544,46.299764],[-83.747326,46.293288],[-83.700669,46.277098],[-83.603382,46.286518],[-83.561141,46.251783],[-83.500355,46.259142],[-83.243963,46.208806],[-83.128867,46.194088],[-83.102374,46.204685],[-83.045709,46.182902],[-82.98301,46.17672],[-82.93179,46.190261],[-82.707632,46.200269],[-82.630067,46.223818],[-82.691,46.17672],[-82.668629,46.169361],[-82.536459,46.182607],[-82.44447,46.204685],[-82.450652,46.18614],[-82.320985,46.197031],[-82.314803,46.18349],[-82.378533,46.177309],[-82.320985,46.156115],[-82.232381,46.154937],[-82.135094,46.119319],[-82.109337,46.135803],[-82.013227,46.115198],[-81.71901,46.107839],[-81.781415,46.059269],[-81.761987,46.019235],[-81.739027,46.055148],[-81.746239,46.07016],[-81.66941,46.08164],[-81.638354,46.126384],[-81.545924,46.098125],[-81.551517,46.078697],[-81.540184,46.066922],[-81.705322,46.018352],[-81.506038,46.046317],[-81.642623,46.018352],[-81.56756,46.011582],[-81.677358,45.950648],[-81.489259,46.019824],[-81.506774,45.983912],[-81.430239,45.998041],[-81.261274,45.96625],[-81.163398,45.998041],[-81.180471,46.01217],[-81.239197,45.984795],[-81.245967,45.991565],[-81.179441,46.018058],[-81.156186,46.01011],[-81.17635,45.944761],[-81.161632,45.936519],[-81.060076,45.956241],[-80.930703,45.943878],[-80.903327,45.95683],[-80.851519,45.933281],[-80.806481,45.95683],[-80.797945,45.916797],[-80.787348,45.909732],[-80.775867,45.926805],[-80.752613,45.926805],[-80.724648,45.860867],[-80.679757,45.851742],[-80.691091,45.840851],[-80.714051,45.843794],[-80.716553,45.828782],[-80.672546,45.819068],[-80.636044,45.777268],[-80.642668,45.737234],[-80.587474,45.696907],[-80.608521,45.683071],[-80.574375,45.676301],[-80.573198,45.65128],[-80.52448,45.638917],[-80.525952,45.600649],[-80.512117,45.598],[-80.506083,45.573274],[-80.423661,45.587697],[-80.416302,45.60271],[-80.437201,45.628025],[-80.406293,45.617134],[-80.382597,45.559144],[-80.394813,45.481138],[-80.35478,45.422265],[-80.368909,45.409018],[-80.354927,45.390768],[-80.334174,45.381643],[-80.328581,45.395478],[-80.341092,45.4361],[-80.309447,45.433451],[-80.300028,45.429918],[-80.311214,45.404014],[-80.300175,45.366336],[-80.255284,45.367219],[-80.181988,45.341609],[-80.162854,45.350734],[-80.19023,45.381643],[-80.171391,45.401659],[-80.114284,45.411079],[-80.065125,45.390473],[-80.067333,45.367219],[-80.033187,45.326302],[-80.072631,45.278909],[-80.123704,45.25065],[-80.127825,45.23446],[-80.10825,45.223863],[-80.115167,45.203847],[-80.100743,45.189717],[-80.066303,45.217976],[-80.046727,45.196487],[-80.01891,45.189717],[-79.998452,45.161753],[-80.003897,45.137026],[-80.030685,45.127606],[-80.100743,45.134377],[-80.095592,45.124074],[-80.067333,45.107884],[-80.080874,45.101114],[-80.053645,45.079919],[-80.001837,45.062552],[-79.984764,45.024579],[-79.93325,45.014865],[-79.92751,44.960996],[-79.909112,44.949516],[-79.873053,44.963057],[-79.826985,44.943334],[-79.832136,44.91537],[-79.792986,44.887994],[-79.82095,44.875042],[-79.779886,44.860618],[-79.772527,44.847077],[-79.782536,44.821173],[-79.738675,44.81352],[-79.718364,44.828238],[-79.714979,44.848843],[-79.738381,44.867683],[-79.690547,44.887994],[-79.68201,44.846489],[-79.723957,44.802334],[-79.721014,44.788793]],[[-80.183018,44.807338],[-80.149166,44.861501],[-80.165798,44.871509],[-80.216134,44.865033],[-80.237917,44.875042],[-80.245423,44.854731],[-80.186698,44.793797],[-80.169772,44.79262],[-80.183018,44.807338]],[[-81.712681,45.299809],[-81.697816,45.32012],[-81.738732,45.333956],[-81.766697,45.32012],[-81.712681,45.299809]],[[-81.805995,45.458472],[-81.768022,45.463476],[-81.734611,45.487614],[-81.705322,45.539127],[-81.775234,45.529119],[-81.824392,45.504392],[-81.84176,45.477017],[-81.805995,45.458472]],[[-81.604797,45.751953],[-81.588018,45.799934],[-81.60568,45.805821],[-81.711504,45.799934],[-81.659843,45.85969],[-81.656899,45.888538],[-81.679712,45.908849],[-81.753598,45.848504],[-81.787155,45.797285],[-81.791865,45.739001],[-81.807761,45.744593],[-81.834401,45.768437],[-81.848677,45.803172],[-81.821302,45.881767],[-81.898278,45.896191],[-81.9102,45.906199],[-81.894598,45.953003],[-81.953618,45.988033],[-82.001305,45.984795],[-82.08829,45.943878],[-82.114341,45.915325],[-82.139804,45.855274],[-82.160703,45.844677],[-82.176305,45.84821],[-82.170859,45.868226],[-82.20736,45.905022],[-82.219282,45.950648],[-82.284631,45.930926],[-82.29773,45.987444],[-82.434904,45.965367],[-82.471846,45.923273],[-82.477439,45.94741],[-82.506581,45.950648],[-82.540728,45.915913],[-82.58915,45.902373],[-82.584146,45.881178],[-82.554415,45.874997],[-82.561922,45.854391],[-82.532044,45.860867],[-82.506581,45.847032],[-82.508347,45.827015],[-82.539697,45.791986],[-82.567956,45.83408],[-82.598129,45.852036],[-82.637132,45.83408],[-82.667893,45.868226],[-82.759882,45.847032],[-82.778721,45.891481],[-82.837594,45.915913],[-82.815516,45.996864],[-82.93444,45.971254],[-82.975798,45.936519],[-83.055276,45.964484],[-83.100461,45.925039],[-83.111352,45.925333],[-83.12401,45.958891],[-83.163896,45.975669],[-83.190095,45.96625],[-83.226007,45.929749],[-83.22483,45.886771],[-83.183913,45.874114],[-83.081916,45.868226],[-83.020247,45.842911],[-82.965789,45.839967],[-82.949011,45.832314],[-82.95166,45.813475],[-82.891757,45.803172],[-82.842451,45.813475],[-82.773864,45.789042],[-82.746194,45.799934],[-82.717935,45.785216],[-82.696446,45.797579],[-82.633452,45.766082],[-82.532191,45.750186],[-82.452565,45.705149],[-82.339088,45.694846],[-82.313626,45.667764],[-82.280068,45.676301],[-82.253281,45.642155],[-82.184105,45.611247],[-82.098593,45.601533],[-82.101978,45.580927],[-82.080048,45.577395],[-82.06842,45.559144],[-82.015876,45.568269],[-81.984379,45.605948],[-81.937428,45.61419],[-81.841613,45.687487],[-81.759927,45.703677],[-81.759338,45.67895],[-81.788627,45.670119],[-81.813059,45.64186],[-81.846911,45.631558],[-81.899602,45.587697],[-81.911377,45.594173],[-81.903282,45.608009],[-81.928744,45.602416],[-81.992622,45.559144],[-81.930658,45.568564],[-81.914321,45.539127],[-81.86472,45.524409],[-81.822037,45.532946],[-81.756541,45.600649],[-81.71798,45.613307],[-81.72578,45.621844],[-81.710473,45.646276],[-81.649982,45.703677],[-81.664406,45.709859],[-81.604797,45.751953]],[[-80.221285,45.310995],[-80.217459,45.27155],[-80.179927,45.244469],[-80.160941,45.265957],[-80.149166,45.27155],[-80.156084,45.25801],[-80.074103,45.299515],[-80.080874,45.30658],[-80.059827,45.333956],[-80.091176,45.347791],[-80.138422,45.318649],[-80.183312,45.333956],[-80.221285,45.310995]],[[-84.397871,45.737234],[-84.356218,45.78551],[-84.400962,45.800523],[-84.420095,45.826721],[-84.432017,45.799934],[-84.531954,45.8226],[-84.582731,45.813475],[-84.487799,45.744005],[-84.455713,45.733408],[-84.397871,45.737234]],[[-83.268248,45.939168],[-83.271928,45.968605],[-83.301659,45.964484],[-83.352731,46.001868],[-83.369804,46.00069],[-83.417197,45.988916],[-83.460027,45.950648],[-83.479896,45.927099],[-83.486667,45.89207],[-83.424556,45.888538],[-83.35332,45.860867],[-83.281348,45.908849],[-83.268248,45.939168]],[[-84.425099,45.970665],[-84.34253,45.95683],[-84.357837,45.975964],[-84.383594,45.978024],[-84.384183,45.997747],[-84.411412,46.0054],[-84.432017,45.991565],[-84.411412,45.978024],[-84.425099,45.970665]],[[-83.892889,46.104306],[-83.885677,46.14905],[-83.870223,46.162296],[-83.815177,46.142868],[-83.782355,46.22323],[-83.787654,46.238242],[-83.814147,46.235593],[-83.842994,46.26915],[-83.890681,46.272388],[-83.925416,46.29947],[-83.986203,46.310361],[-84.024176,46.295938],[-84.106303,46.313305],[-84.10645,46.283574],[-84.077603,46.224113],[-84.004012,46.159353],[-83.948524,46.075753],[-83.925711,46.076931],[-83.892889,46.104306]],[[-83.517133,45.940051],[-83.47916,46.0054],[-83.545539,46.029538],[-83.562024,46.076048],[-83.62384,46.107839],[-83.715388,46.106073],[-83.716271,46.09106],[-83.678739,46.076931],[-83.684627,46.050732],[-83.771022,46.025123],[-83.805021,45.998041],[-83.865808,46.0263],[-83.886855,45.990976],[-83.870223,45.981557],[-83.855946,45.990093],[-83.801931,45.943878],[-83.743647,45.950648],[-83.711266,45.937402],[-83.657692,45.955064],[-83.592638,45.930337],[-83.517133,45.940051]],[[-84.113515,46.248545],[-84.107922,46.270033],[-84.12161,46.297115],[-84.158258,46.333616],[-84.184457,46.333616],[-84.199175,46.293288],[-84.141921,46.237653],[-84.113515,46.248545]],[[-82.712636,45.936519],[-82.746194,45.936519],[-82.712047,45.911204],[-82.65759,45.902373],[-82.604752,45.914147],[-82.575462,45.950648],[-82.578259,45.967427],[-82.630067,45.978024],[-82.713225,45.958596],[-82.712636,45.936519]],[[-82.23871,46.056914],[-82.26638,46.032776],[-82.255636,46.021296],[-82.191317,45.998041],[-82.210451,46.052498],[-82.23871,46.056914]],[[-81.962008,46.046611],[-81.950527,46.018058],[-81.903282,45.998041],[-81.845587,46.007166],[-81.811735,45.985972],[-81.793926,46.001573],[-81.807761,46.025123],[-81.793484,46.046317],[-81.82086,46.063979],[-81.962008,46.046611]]]},"properties":{"name":"Lake Huron","nameZh":"休伦湖","rank":0}},{"type":"Feature","geometry":{"type":"MultiPolygon","coordinates":[[[[-84.767739,47.018896],[-84.784224,47.000351],[-84.787462,47.005944],[-84.767739,47.018896]]],[[[-84.492983,46.473515],[-84.490141,46.44647],[-84.569779,46.423397],[-84.603337,46.437527],[-84.594064,46.457838],[-84.61835,46.484331],[-84.65647,46.501992],[-84.749489,46.466669],[-84.819547,46.457249],[-84.914774,46.484625],[-84.945977,46.506408],[-85.00794,46.491984],[-85.048268,46.517594],[-85.055775,46.532901],[-85.017949,46.573229],[-85.031195,46.606786],[-85.00794,46.738956],[-84.961137,46.768981],[-84.952747,46.786348],[-84.976149,46.783993],[-84.784224,47.000351],[-84.752285,46.971503],[-84.671041,46.962084],[-84.609519,46.909098],[-84.594064,46.909981],[-84.593329,46.933825],[-84.57287,46.946482],[-84.459687,46.943244],[-84.43658,46.941184],[-84.360192,46.893202],[-84.356218,46.87554],[-84.389334,46.839922],[-84.462925,46.854346],[-84.549321,46.827265],[-84.542845,46.786054],[-84.565953,46.740722],[-84.546083,46.69745],[-84.521357,46.69745],[-84.494422,46.75073],[-84.476908,46.758972],[-84.441584,46.740722],[-84.425099,46.710991],[-84.563009,46.601193],[-84.588472,46.562926],[-84.589207,46.542026],[-84.546525,46.526425],[-84.492983,46.473515]],[[-84.512378,46.922639],[-84.549321,46.882311],[-84.425099,46.902916],[-84.512378,46.922639]]]]},"properties":{"name":"Whitefish Bay","nameZh":"白魚灣","rank":3}},{"type":"Feature","geometry":{"type":"Polygon","coordinates":[[[-83.018333,44.058181],[-83.086479,44.014027],[-83.168312,43.990478],[-83.250145,43.986651],[-83.315935,43.93131],[-83.404833,43.921596],[-83.34758,43.913649],[-83.335805,43.901285],[-83.389232,43.854481],[-83.404245,43.813565],[-83.45252,43.7647],[-83.474156,43.721134],[-83.490346,43.703178],[-83.510216,43.706416],[-83.525964,43.73232],[-83.537886,43.726727],[-83.604559,43.65137],[-83.678886,43.608099],[-83.881703,43.670798],[-83.943373,43.727905],[-83.949554,43.756164],[-83.932334,43.791488],[-83.931745,43.839763],[-83.908196,43.868611],[-83.925416,43.88068],[-83.863306,43.989889],[-83.821947,44.004313],[-83.695812,44.004313],[-83.678445,44.045229],[-83.592491,44.062597],[-83.59043,44.095566],[-83.569677,44.116466],[-83.554076,44.230679],[-83.53244,44.266002],[-83.493584,44.285431],[-83.45252,44.285431],[-83.466208,44.258055],[-83.39718,44.322815],[-83.35332,44.329585],[-83.328446,44.367264],[-83.018333,44.058181]]]},"properties":{"name":"Saginaw Bay","nameZh":"薩吉諾灣","rank":3}},{"type":"Feature","geometry":{"type":"Polygon","coordinates":[[[-81.921091,46.009521],[-81.894598,45.953003],[-81.953618,45.988033],[-82.047962,45.967722],[-82.101095,45.932103],[-82.139804,45.855274],[-82.160703,45.844677],[-82.176305,45.84821],[-82.170859,45.868226],[-82.20736,45.905022],[-82.219282,45.950648],[-82.284631,45.930926],[-82.29773,45.987444],[-82.434904,45.965367],[-82.471846,45.923273],[-82.477439,45.94741],[-82.506581,45.950648],[-82.540728,45.915913],[-82.58915,45.902373],[-82.584146,45.881178],[-82.554415,45.874997],[-82.561922,45.854391],[-82.532044,45.860867],[-82.506581,45.847032],[-82.508347,45.827015],[-82.539697,45.791986],[-82.567956,45.83408],[-82.598129,45.852036],[-82.637132,45.83408],[-82.667893,45.868226],[-82.759882,45.847032],[-82.778721,45.891481],[-82.837594,45.915913],[-82.815516,45.996864],[-82.93444,45.971254],[-82.975798,45.936519],[-83.055276,45.964484],[-83.100461,45.925039],[-83.111352,45.925333],[-83.12401,45.958891],[-83.163896,45.975669],[-83.301659,45.964484],[-83.352731,46.001868],[-83.417197,45.988916],[-83.460027,45.950648],[-83.497411,45.97096],[-83.47916,46.0054],[-83.545539,46.029538],[-83.562024,46.076048],[-83.579539,46.090177],[-83.62384,46.107839],[-83.715388,46.106073],[-83.716271,46.09106],[-83.678592,46.068983],[-83.815177,46.142868],[-83.782355,46.22323],[-83.787654,46.238242],[-83.814147,46.235593],[-83.832544,46.299764],[-83.747326,46.293288],[-83.700669,46.277098],[-83.603382,46.286518],[-83.561141,46.251783],[-83.500355,46.259142],[-83.243963,46.208806],[-83.128867,46.194088],[-83.102374,46.204685],[-83.045709,46.182902],[-82.98301,46.17672],[-82.93179,46.190261],[-82.707632,46.200269],[-82.630067,46.223818],[-82.691,46.17672],[-82.668629,46.169361],[-82.536459,46.182607],[-82.44447,46.204685],[-82.450652,46.18614],[-82.320985,46.197031],[-82.314803,46.18349],[-82.378533,46.177309],[-82.320985,46.156115],[-82.232381,46.154937],[-82.135094,46.119319],[-82.109337,46.135803],[-81.950675,46.113726],[-81.930216,46.054853],[-81.962008,46.046611],[-81.963479,46.032482],[-81.921091,46.009521]],[[-82.712636,45.936519],[-82.746194,45.936519],[-82.712047,45.911204],[-82.65759,45.902373],[-82.604752,45.914147],[-82.575462,45.950648],[-82.578259,45.967427],[-82.630067,45.978024],[-82.713225,45.958596],[-82.712636,45.936519]],[[-82.23871,46.056914],[-82.26638,46.032776],[-82.255636,46.021296],[-82.191317,45.998041],[-82.210451,46.052498],[-82.23871,46.056914]]]},"properties":{"name":"North Channel","nameZh":"北海峽","rank":3}},{"type":"Feature","geometry":{"type":"Polygon","coordinates":[[[-79.721014,44.788793],[-79.662582,44.757885],[-79.739411,44.754647],[-79.765168,44.76701],[-79.792691,44.757885],[-79.802847,44.771426],[-79.881736,44.771426],[-79.874524,44.807632],[-79.941787,44.814697],[-79.915735,44.850315],[-79.934133,44.867388],[-80.015819,44.861501],[-80.061151,44.819113],[-80.10825,44.822351],[-80.107808,44.759945],[-80.048346,44.734925],[-79.99227,44.69283],[-80.013023,44.531225],[-80.108691,44.475295],[-80.245423,44.525043],[-80.32446,44.531519],[-80.365818,44.552419],[-80.450889,44.56596],[-80.512264,44.606876],[-80.577466,44.61188],[-80.598071,44.623949],[-80.639135,44.71844],[-80.680493,44.72992],[-80.763063,44.719323],[-80.826204,44.690476],[-80.937473,44.593335],[-80.942772,44.628659],[-80.88905,44.751703],[-80.89744,44.790854],[-80.934971,44.81087],[-80.985455,44.815286],[-81.032994,44.806161],[-81.119096,44.754647],[-81.131459,44.763478],[-81.126161,44.788793],[-81.051687,44.822351],[-81.006502,44.860912],[-80.998259,44.87828],[-81.005766,44.922434],[-80.953075,44.97071],[-80.985307,44.977481],[-81.03167,44.966295],[-81.044327,44.950988],[-81.032994,44.929205],[-81.070967,44.910366],[-81.087746,44.908599],[-81.08701,44.925084],[-81.149121,44.91537],[-81.112914,44.95246],[-81.116888,44.964823],[-81.200929,44.977481],[-81.190774,45.011038],[-81.210202,45.018103],[-81.257153,45.001913],[-81.266425,45.107884],[-81.319852,45.148801],[-81.327947,45.17235],[-81.319999,45.192366],[-81.279524,45.237404],[-81.30219,45.252417],[-81.607446,45.252122],[-81.72578,45.621844],[-81.649982,45.703677],[-81.664406,45.709859],[-81.604797,45.751953],[-81.588018,45.799934],[-81.711504,45.799934],[-81.659843,45.85969],[-81.656899,45.888538],[-81.679712,45.908849],[-81.642328,45.955653],[-81.489259,46.019824],[-81.506774,45.983912],[-81.430239,45.998041],[-81.261274,45.96625],[-81.163398,45.998041],[-81.180471,46.01217],[-81.239197,45.984795],[-81.245967,45.991565],[-81.179441,46.018058],[-81.156186,46.01011],[-81.17635,45.944761],[-81.161632,45.936519],[-81.060076,45.956241],[-80.930703,45.943878],[-80.903327,45.95683],[-80.851519,45.933281],[-80.806481,45.95683],[-80.787348,45.909732],[-80.775867,45.926805],[-80.752613,45.926805],[-80.724648,45.860867],[-80.679757,45.851742],[-80.691091,45.840851],[-80.714051,45.843794],[-80.716553,45.828782],[-80.672546,45.819068],[-80.636044,45.777268],[-80.642668,45.737234],[-80.587474,45.696907],[-80.608521,45.683071],[-80.574375,45.676301],[-80.573198,45.65128],[-80.52448,45.638917],[-80.525952,45.600649],[-80.512117,45.598],[-80.506083,45.573274],[-80.423661,45.587697],[-80.416302,45.60271],[-80.437201,45.628025],[-80.406293,45.617134],[-80.382597,45.559144],[-80.394813,45.481138],[-80.35478,45.422265],[-80.368909,45.409018],[-80.354927,45.390768],[-80.334174,45.381643],[-80.328581,45.395478],[-80.341092,45.4361],[-80.309447,45.433451],[-80.300028,45.429918],[-80.311214,45.404014],[-80.300175,45.366336],[-80.255284,45.367219],[-80.181988,45.341609],[-80.162854,45.350734],[-80.19023,45.381643],[-80.171391,45.401659],[-80.114284,45.411079],[-80.065125,45.390473],[-80.067333,45.367219],[-80.033187,45.326302],[-80.072631,45.278909],[-80.123704,45.25065],[-80.127825,45.23446],[-80.10825,45.223863],[-80.115167,45.203847],[-80.100743,45.189717],[-80.066303,45.217976],[-80.046727,45.196487],[-80.01891,45.189717],[-79.998452,45.161753],[-80.003897,45.137026],[-80.030685,45.127606],[-80.100743,45.134377],[-80.095592,45.124074],[-80.067333,45.107884],[-80.080874,45.101114],[-80.053645,45.079919],[-80.001837,45.062552],[-79.984764,45.024579],[-79.93325,45.014865],[-79.92751,44.960996],[-79.909112,44.949516],[-79.873053,44.963057],[-79.826985,44.943334],[-79.832136,44.91537],[-79.792986,44.887994],[-79.82095,44.875042],[-79.779886,44.860618],[-79.772527,44.847077],[-79.782536,44.821173],[-79.738675,44.81352],[-79.718364,44.828238],[-79.714979,44.848843],[-79.738381,44.867683],[-79.690547,44.887994],[-79.68201,44.846489],[-79.723957,44.802334],[-79.721014,44.788793]],[[-80.216134,44.865033],[-80.237917,44.875042],[-80.245423,44.854731],[-80.209364,44.809693],[-80.169772,44.79262],[-80.183018,44.807338],[-80.149166,44.861501],[-80.165798,44.871509],[-80.216134,44.865033]],[[-80.183312,45.333956],[-80.22732,45.296571],[-80.210247,45.261248],[-80.179927,45.244469],[-80.160941,45.265957],[-80.149166,45.27155],[-80.156084,45.25801],[-80.074103,45.299515],[-80.080874,45.30658],[-80.059827,45.333956],[-80.091176,45.347791],[-80.138422,45.318649],[-80.183312,45.333956]]]},"properties":{"name":"Georgian Bay","nameZh":"乔治亚湾","rank":2}},{"type":"Feature","geometry":{"type":"MultiPolygon","coordinates":[[[[30.077983,61.242865],[30.110658,61.259349],[30.082399,61.274362],[30.077395,61.292318],[30.092407,61.307625],[30.237529,61.301149],[30.261372,61.320871],[30.19308,61.334412],[30.226048,61.333235],[30.24842,61.348247],[30.144804,61.355018],[30.219572,61.40035],[30.206915,61.423899],[30.264905,61.458045],[30.338496,61.442444],[30.350859,61.451275],[30.237234,61.4813],[30.226637,61.488659],[30.227226,61.526926],[30.268731,61.514563],[30.316124,61.519861],[30.373819,61.496312],[30.458891,61.485715],[30.488033,61.491602],[30.452415,61.533697],[30.520118,61.521922],[30.561329,61.540467],[30.645812,61.546943],[30.559269,61.584916],[30.557503,61.601989],[30.59577,61.601989],[30.607544,61.624949],[30.650522,61.644672],[30.703507,61.699718],[30.82037,61.775958],[30.84127,61.778608],[30.906324,61.759768],[30.864819,61.738574],[30.990512,61.729449],[31.049679,61.711198],[31.066164,61.677052],[31.06322,61.639373],[31.078233,61.622889],[31.158888,61.612292],[31.165953,61.638196],[31.23454,61.636135],[31.228947,61.656152],[31.248964,61.663511],[31.298123,61.59934],[31.317256,61.595219],[31.319317,61.614352],[31.337567,61.622595],[31.323438,61.642317],[31.378484,61.622595],[31.522134,61.526926],[31.576591,61.440677],[31.625161,61.405943],[31.652243,61.398878],[31.652243,61.416245],[31.604556,61.451275],[31.598963,61.48601],[31.639879,61.468348],[31.730838,61.391813],[31.856826,61.359139],[31.912461,61.312335],[32.508548,61.136599],[32.58155,61.060359],[32.580373,60.998248],[32.629532,60.995599],[32.64425,60.960275],[32.721079,60.90258],[32.805856,60.861369],[32.817336,60.83782],[32.803501,60.745978],[32.814098,60.721546],[32.932727,60.684162],[32.95451,60.656786],[32.925662,60.600857],[32.821163,60.515491],[32.78319,60.457501],[32.772887,60.470453],[32.776419,60.505777],[32.76229,60.51343],[32.677219,60.544044],[32.601567,60.544633],[32.585083,60.519023],[32.594797,60.49989],[32.67192,60.439545],[32.686933,60.40275],[32.645427,60.361244],[32.578018,60.352413],[32.622467,60.289419],[32.626588,60.263515],[32.619523,60.2382],[32.569776,60.190807],[32.497951,60.165492],[32.29219,60.133995],[32.238616,60.152834],[32.164142,60.215828],[32.125286,60.211119],[32.050223,60.239966],[31.778231,60.246442],[31.736431,60.258511],[31.724362,60.235256],[31.588954,60.166964],[31.570409,60.135173],[31.605733,60.146653],[31.606616,60.129285],[31.545977,60.091018],[31.528904,60.052751],[31.56776,60.010068],[31.57718,59.979748],[31.570409,59.950901],[31.537146,59.927057],[31.427348,59.900564],[31.385843,59.905863],[31.349342,59.939715],[31.323438,59.943542],[31.243665,59.936182],[31.186853,59.91646],[31.127391,59.919992],[31.042615,59.950901],[31.097366,59.964147],[31.107375,59.987991],[31.161243,60.019487],[31.150646,60.040976],[31.087652,60.068646],[31.117972,60.128991],[31.105903,60.152246],[30.989923,60.206409],[30.961959,60.236728],[30.85746,60.43513],[30.823608,60.46486],[30.796526,60.440428],[30.76915,60.450731],[30.762086,60.47899],[30.775921,60.505777],[30.727939,60.537274],[30.706156,60.580251],[30.533953,60.629999],[30.52836,60.67327],[30.494214,60.728022],[30.536014,60.742446],[30.525122,60.834876],[30.432692,60.868434],[30.466838,60.889333],[30.379412,60.952622],[30.300817,60.989712],[30.234585,61.04358],[29.895772,61.165447],[29.795688,61.218433],[29.825419,61.22432],[29.871045,61.205186],[29.912551,61.206952],[29.959649,61.169862],[30.011163,61.153378],[30.02853,61.155733],[29.987025,61.211073],[29.902542,61.221671],[29.877227,61.231973],[29.911373,61.231973],[29.898716,61.243748],[29.836899,61.259349],[29.86192,61.264942],[29.890768,61.307331],[29.909607,61.306742],[30.030002,61.245808],[30.077983,61.242865]],[[30.796821,61.704133],[30.802708,61.732392],[30.746779,61.702956],[30.714987,61.661156],[30.792111,61.645849],[30.836265,61.62024],[30.810361,61.667338],[30.775921,61.683234],[30.810067,61.683234],[30.796821,61.704133]],[[30.85746,61.711787],[30.85746,61.68029],[30.912506,61.64997],[30.907501,61.700601],[30.85746,61.711787]],[[30.617553,61.589037],[30.670538,61.558718],[30.686434,61.561072],[30.65582,61.582561],[30.617553,61.589037]],[[30.617553,61.519567],[30.54926,61.519567],[30.582229,61.499845],[30.617553,61.519567]],[[30.337024,61.485421],[30.368815,61.468348],[30.404728,61.464815],[30.384416,61.479239],[30.337024,61.485421]],[[30.960193,61.412419],[30.885719,61.389164],[30.911328,61.366203],[30.955188,61.357078],[30.988157,61.365615],[30.980798,61.395934],[31.025247,61.411241],[30.960193,61.412419]],[[31.537441,61.394462],[31.528904,61.375623],[31.545977,61.348247],[31.619568,61.306447],[31.644884,61.301738],[31.659307,61.314101],[31.625161,61.348542],[31.646061,61.361788],[31.578357,61.395345],[31.537441,61.394462]],[[31.67903,61.382099],[31.666078,61.375623],[31.7067,61.365909],[31.714354,61.355018],[31.700813,61.355018],[31.819736,61.302915],[31.885673,61.300855],[31.837986,61.314101],[31.824151,61.341182],[31.801191,61.351485],[31.67903,61.382099]],[[30.260783,61.375329],[30.321717,61.387103],[30.350859,61.389164],[30.26255,61.397995],[30.234585,61.382982],[30.260783,61.375329]],[[29.923442,61.249341],[29.980254,61.239038],[29.911373,61.265531],[29.923442,61.249341]],[[30.621968,60.896693],[30.591943,60.892277],[30.562212,60.868434],[30.605778,60.860191],[30.621968,60.896693]]],[[[30.796821,61.704133],[30.796526,61.704722],[30.796526,61.705016],[30.796821,61.704133]]]]},"properties":{"name":"Lake Ladoga","nameZh":"拉多加湖","rank":0}},{"type":"Feature","geometry":{"type":"Polygon","coordinates":[[[79.052521,46.464019],[78.992176,46.407207],[78.884144,46.365113],[78.731075,46.396316],[78.638939,46.37365],[78.546803,46.40603],[78.456139,46.402497],[78.417872,46.367468],[78.421698,46.34804],[78.477039,46.320075],[78.471151,46.294466],[78.440832,46.287401],[78.404625,46.295054],[78.366947,46.339798],[78.306896,46.362169],[78.278932,46.354222],[78.292178,46.34804],[78.261859,46.330967],[78.14794,46.345979],[78.107317,46.34127],[78.18238,46.327434],[78.164424,46.312422],[78.042852,46.324785],[77.871237,46.425752],[77.811481,46.438704],[77.757613,46.415449],[77.799118,46.423986],[77.839152,46.415449],[77.76144,46.402497],[77.713753,46.375416],[77.695502,46.382186],[77.737302,46.409268],[77.595124,46.41957],[77.485032,46.460487],[77.411735,46.506113],[77.364342,46.499049],[77.253661,46.451067],[77.179776,46.483742],[77.073216,46.449596],[76.928978,46.478443],[76.9278,46.457249],[76.912493,46.457838],[76.752065,46.532606],[76.397356,46.540848],[76.281082,46.579116],[76.263126,46.573817],[76.28432,46.560276],[76.256945,46.566458],[76.257828,46.545264],[76.208374,46.553506],[76.214556,46.532312],[76.199249,46.527308],[76.061781,46.547324],[76.079737,46.517299],[76.068551,46.506408],[75.941681,46.506408],[75.969351,46.51936],[75.960814,46.531429],[75.873977,46.547619],[75.859553,46.52613],[75.777131,46.506408],[75.762707,46.522598],[75.710016,46.53084],[75.667333,46.484625],[75.643195,46.498754],[75.537519,46.47079],[75.585206,46.515828],[75.52074,46.556744],[75.475996,46.603842],[75.470698,46.626803],[75.510143,46.662715],[75.515736,46.626803],[75.533103,46.620916],[75.556358,46.624154],[75.571665,46.635339],[75.563423,46.647997],[75.585206,46.655945],[75.552531,46.676845],[75.491598,46.675667],[75.401522,46.626214],[75.411531,46.581765],[75.43979,46.549679],[75.445088,46.524953],[75.475996,46.506408],[75.435669,46.495222],[75.434491,46.478443],[75.41418,46.498754],[75.38857,46.46608],[75.352658,46.457249],[75.35884,46.47079],[75.332641,46.489335],[75.352364,46.522892],[75.278478,46.529074],[75.256401,46.509352],[75.283482,46.491984],[75.242566,46.478443],[75.276123,46.449007],[75.227259,46.418687],[75.163382,46.415449],[75.139833,46.428107],[75.132768,46.415449],[75.084492,46.437527],[75.146603,46.484625],[75.132768,46.49846],[75.074484,46.460781],[75.037983,46.401909],[75.0162,46.388957],[74.972045,46.386896],[74.910229,46.415155],[74.866074,46.331556],[74.853416,46.267679],[74.785124,46.191438],[74.811617,46.139041],[74.763047,46.094592],[74.708295,46.073693],[74.691222,46.090766],[74.655898,46.082524],[74.628228,46.059563],[74.632643,46.032776],[74.551104,46.013348],[74.521079,45.98921],[74.423939,46.038663],[74.290003,46.018352],[74.231425,45.988621],[74.239667,45.944761],[74.279112,45.890304],[74.293241,45.834375],[74.32415,45.789042],[74.28706,45.753424],[74.276168,45.751658],[74.281467,45.762255],[74.26822,45.774913],[74.245849,45.774619],[74.228481,45.751658],[74.230542,45.731641],[74.255268,45.72075],[74.276168,45.731641],[74.327388,45.701911],[74.339162,45.676301],[74.322972,45.660111],[74.249676,45.683071],[74.27087,45.650103],[74.256446,45.608009],[74.1596,45.580927],[74.071585,45.520877],[74.070408,45.504687],[74.098078,45.477017],[74.070113,45.426386],[74.091308,45.374872],[74.072763,45.349851],[74.113091,45.32483],[74.145765,45.333956],[74.142233,45.346319],[74.1596,45.354267],[74.167842,45.318649],[74.139878,45.205024],[74.148709,45.133788],[74.17373,45.087278],[74.140172,45.062552],[74.069819,45.042829],[74.081005,45.021635],[74.132224,45.039003],[74.111913,45.004856],[74.140172,44.98484],[74.136051,44.96394],[74.098078,44.991021],[74.001821,44.998086],[74.009474,45.011038],[73.98828,45.024579],[74.035967,45.053132],[73.988575,45.105529],[73.994167,45.137615],[74.035967,45.14203],[74.007414,45.159398],[74.00447,45.186479],[73.98151,45.196487],[74.007119,45.207085],[74.003293,45.215916],[73.896144,45.220625],[73.813134,45.281264],[73.824319,45.30658],[73.728357,45.354267],[73.762503,45.361037],[73.697448,45.396655],[73.635632,45.501449],[73.537903,45.557084],[73.455187,45.572685],[73.425162,45.60742],[73.437231,45.676301],[73.506112,45.675418],[73.52083,45.73223],[73.559392,45.750186],[73.443707,45.782272],[73.424279,45.795518],[73.433404,45.813475],[73.487861,45.847032],[73.522596,45.813475],[73.57411,45.809942],[73.590006,45.829665],[73.593538,45.867638],[73.612083,45.874997],[73.604724,45.895602],[73.645935,45.908554],[73.652116,45.925627],[73.63887,45.943878],[73.672722,45.973314],[73.653588,45.981557],[73.707457,45.998041],[73.700981,45.978024],[73.756027,45.978024],[73.738071,45.985678],[73.727179,46.026594],[73.640636,46.073104],[73.637398,46.091649],[73.65977,46.115198],[73.632688,46.138747],[73.655649,46.147578],[73.668601,46.179369],[73.735127,46.18349],[73.739248,46.207334],[73.769273,46.230883],[73.83109,46.162296],[73.847574,46.192321],[73.879071,46.204685],[73.929996,46.203507],[73.973562,46.184668],[74.001821,46.190261],[74.03214,46.207923],[74.050391,46.231177],[74.030963,46.221169],[73.995934,46.227351],[73.997111,46.265029],[73.960904,46.259142],[73.940593,46.29947],[73.982393,46.322725],[73.974739,46.34127],[74.070113,46.415449],[74.13399,46.441353],[74.2014,46.429873],[74.249381,46.471673],[74.379196,46.498754],[74.399801,46.56322],[74.534326,46.597072],[74.571121,46.738956],[74.587606,46.748081],[74.637942,46.743077],[74.611449,46.772513],[74.849001,46.772513],[74.886385,46.821083],[74.947024,46.80401],[74.964686,46.830503],[74.983231,46.834918],[74.998244,46.827853],[74.995594,46.806659],[74.969985,46.793119],[74.998832,46.772219],[75.041221,46.804599],[75.069774,46.81078],[75.064475,46.840806],[75.084787,46.849931],[75.108924,46.793707],[75.285837,46.721294],[75.489537,46.734246],[75.684701,46.793707],[75.712077,46.786348],[75.769772,46.799889],[75.821874,46.786348],[75.924607,46.835213],[75.961992,46.821083],[75.93962,46.810192],[75.957282,46.783405],[75.94904,46.765743],[76.003203,46.77369],[76.043825,46.798711],[76.058249,46.800478],[76.076499,46.781344],[76.100637,46.803716],[76.148619,46.801949],[76.362916,46.738956],[76.372924,46.673312],[76.390291,46.646231],[76.402066,46.644759],[76.40707,46.662715],[76.510392,46.615323],[76.5204,46.613556],[76.525993,46.646231],[76.548071,46.660949],[76.597229,46.675667],[76.682006,46.665953],[76.722334,46.683909],[76.729988,46.665659],[76.715564,46.649469],[76.729988,46.631513],[76.935454,46.560276],[76.832721,46.652707],[76.825362,46.683909],[76.84008,46.690974],[76.920441,46.636811],[77.019348,46.64682],[77.062619,46.635634],[77.100886,46.610613],[77.148279,46.547324],[77.227757,46.55851],[77.26367,46.601193],[77.306941,46.617972],[77.462954,46.64211],[77.619262,46.631807],[77.647815,46.64211],[77.614552,46.656534],[77.614258,46.665953],[77.634863,46.670074],[77.669009,46.655945],[77.709926,46.670074],[77.767032,46.648586],[77.893609,46.657711],[78.058453,46.597072],[78.149117,46.606786],[78.18238,46.560276],[78.19651,46.551151],[78.217115,46.560276],[78.231833,46.545264],[78.258032,46.478443],[78.309546,46.457249],[78.331034,46.47285],[78.326619,46.502581],[78.367241,46.532901],[78.346047,46.57735],[78.3537,46.66301],[78.367241,46.683909],[78.387846,46.653001],[78.380193,46.615028],[78.402565,46.604137],[78.418755,46.659183],[78.459671,46.676256],[78.435533,46.64211],[78.456139,46.601193],[78.488519,46.633868],[78.493818,46.666542],[78.573296,46.717173],[78.590958,46.748375],[78.68957,46.731596],[78.744027,46.738956],[78.792891,46.708342],[78.817912,46.662126],[78.819679,46.64211],[78.792597,46.621799],[78.923,46.630041],[78.93242,46.635928],[78.919174,46.652707],[78.847643,46.676256],[78.768459,46.747492],[78.779645,46.785171],[78.887971,46.806659],[78.987172,46.749553],[79.031915,46.745137],[79.018669,46.811958],[79.031915,46.821083],[79.118753,46.816079],[79.225607,46.736012],[79.258576,46.662715],[79.222074,46.604137],[79.183218,46.612673],[79.075481,46.593834],[79.052521,46.464019]]]},"properties":{"name":"Lake Balkhash","nameZh":"巴尔喀什湖","rank":0}},{"type":"Feature","geometry":{"type":"Polygon","coordinates":[[[109.873328,55.718533],[109.961048,55.672612],[109.827996,55.54427],[109.875977,55.537205],[109.853311,55.489224],[109.903942,55.468324],[109.841537,55.438004],[109.821225,55.358526],[109.773538,55.293766],[109.801797,55.269922],[109.804447,55.237837],[109.731739,55.167778],[109.731444,55.152765],[109.759703,55.125684],[109.747046,55.107139],[109.780309,55.054448],[109.77295,55.035903],[109.718198,54.995575],[109.724968,54.931109],[109.715254,54.910504],[109.663446,54.876063],[109.690233,54.841328],[109.639308,54.814541],[109.630772,54.795702],[109.649905,54.742127],[109.638425,54.699445],[109.527156,54.632918],[109.512732,54.605542],[109.527156,54.542843],[109.498897,54.478672],[109.512732,54.440993],[109.482707,54.391245],[109.510671,54.347385],[109.478586,54.310295],[109.476819,54.287924],[109.552471,54.184013],[109.556886,54.143685],[109.520091,54.11837],[109.481235,54.033887],[109.260462,53.88906],[109.235735,53.844022],[109.193935,53.807227],[109.184221,53.786621],[109.211303,53.749237],[109.184221,53.700667],[109.21042,53.671231],[109.166854,53.626487],[109.125643,53.618245],[108.984937,53.643266],[109.042044,53.679179],[109.056467,53.71774],[109.0809,53.741584],[109.018789,53.765722],[109.044693,53.795452],[109.067064,53.796335],[109.062649,53.811054],[109.074424,53.817235],[109.040866,53.864922],[109.019377,53.871987],[108.918705,53.859329],[108.808318,53.789859],[108.711473,53.692719],[108.649362,53.60441],[108.596376,53.571147],[108.564879,53.532585],[108.526023,53.516395],[108.55075,53.504621],[108.677326,53.562905],[108.855417,53.598228],[108.896628,53.594402],[108.929008,53.573502],[108.992296,53.478717],[108.998183,53.393057],[108.97905,53.364798],[108.787124,53.282964],[108.709118,53.276194],[108.683508,53.305042],[108.607856,53.282964],[108.39768,53.150795],[108.29377,53.111056],[108.286411,53.104874],[108.299363,53.077498],[108.33763,53.059836],[108.341457,53.04659],[108.31467,53.010678],[108.225772,52.953571],[108.207227,52.924135],[108.019717,52.852604],[107.968498,52.790199],[107.792762,52.713664],[107.722409,52.701595],[107.530484,52.701007],[107.434227,52.672159],[107.31913,52.607987],[107.129854,52.557062],[106.955002,52.488476],[106.887887,52.432546],[106.854918,52.358661],[106.828131,52.330991],[106.785448,52.316567],[106.739822,52.321277],[106.620899,52.378089],[106.552312,52.38692],[106.486374,52.382505],[106.38894,52.346592],[106.336248,52.343649],[106.246762,52.261521],[106.263541,52.186458],[106.292094,52.138477],[106.263835,52.099032],[106.250294,52.089907],[106.236753,52.097266],[106.229983,52.064886],[106.1664,51.996888],[106.190833,51.973633],[106.193188,51.943019],[106.114004,51.906812],[105.918546,51.729899],[105.873802,51.733726],[105.748403,51.70429],[105.4352,51.614509],[104.941551,51.538268],[104.787893,51.473508],[104.628053,51.487049],[104.522377,51.480573],[104.257449,51.508243],[104.07877,51.562995],[103.993993,51.574769],[103.951605,51.601262],[103.853581,51.616863],[103.708754,51.685745],[103.727299,51.719302],[103.790588,51.731665],[103.913926,51.733726],[104.246558,51.782002],[104.633058,51.784651],[104.705177,51.823801],[104.750215,51.870311],[104.811442,51.877081],[104.937136,51.864129],[104.997186,51.870311],[105.086673,51.901808],[105.220903,51.917704],[105.250634,51.933011],[105.307446,51.998948],[105.4561,52.040453],[105.607403,52.130823],[105.723382,52.267997],[105.839656,52.36131],[105.87704,52.412824],[105.943861,52.471991],[106.340958,52.617996],[106.408662,52.631831],[106.580276,52.730443],[106.58793,52.748694],[106.573212,52.775186],[106.744532,52.850838],[106.768669,52.871149],[106.796045,52.924429],[106.909375,52.989189],[106.90025,53.01421],[106.8611,53.042763],[106.744532,53.015387],[106.829014,53.087212],[106.869636,53.100753],[106.887887,53.131956],[106.955002,53.158154],[107.031831,53.228213],[107.109249,53.254117],[107.133092,53.277666],[107.528423,53.432207],[107.553444,53.459289],[107.550206,53.516395],[107.652645,53.642677],[107.972913,53.793981],[107.997051,53.816647],[108.07388,53.837841],[108.198985,53.917908],[108.231659,53.995326],[108.269338,54.019463],[108.289943,54.050077],[108.306722,54.090994],[108.299952,54.132499],[108.320557,54.163113],[108.375603,54.17636],[108.467445,54.293811],[108.505418,54.310295],[108.560169,54.468369],[108.586662,54.498394],[108.690867,54.564626],[108.817444,54.708276],[108.827452,54.756551],[108.855417,54.776862],[108.856594,54.830142],[108.913406,54.862522],[108.936956,54.909621],[108.957855,54.920218],[108.903398,54.961134],[108.964626,54.983212],[109.030563,55.031193],[109.102683,55.049738],[109.112691,55.115675],[109.166854,55.162774],[109.190697,55.219586],[109.204827,55.303774],[109.19423,55.323497],[109.218368,55.38649],[109.188343,55.442714],[109.197468,55.462142],[109.170092,55.468324],[109.197468,55.50924],[109.201295,55.558105],[109.350832,55.624631],[109.374381,55.658777],[109.417358,55.674379],[109.519502,55.753857],[109.559241,55.766515],[109.696121,55.764748],[109.821225,55.742671],[109.723202,55.776229],[109.615759,55.790358],[109.796499,55.782116],[109.847424,55.760333],[109.873328,55.718533]],[[107.765386,53.317111],[107.786581,53.387169],[107.782754,53.410424],[107.721526,53.388052],[107.648818,53.309752],[107.513116,53.27796],[107.468373,53.244991],[107.329727,53.197893],[107.25908,53.186707],[107.196969,53.151972],[107.162234,53.161686],[107.053025,53.118415],[106.990914,53.113411],[106.922033,53.070139],[106.957357,53.070139],[106.929392,53.042763],[106.970603,53.050122],[106.936163,53.022158],[106.96766,53.010678],[107.107777,53.042763],[107.391838,53.077498],[107.626152,53.220265],[107.752434,53.244991],[107.77304,53.282964],[107.765386,53.317111]]]},"properties":{"name":"Lake Baikal","nameZh":"贝加尔湖","rank":0}},{"type":"Feature","geometry":{"type":"Polygon","coordinates":[[[31.366121,2.271427],[31.359645,2.208139],[31.389376,2.161041],[31.394674,2.137492],[31.378484,2.120713],[31.403799,2.058308],[31.405271,2.02475],[31.385549,1.997374],[31.406154,1.914658],[31.381133,1.837829],[31.359645,1.824288],[31.330797,1.832825],[31.295768,1.711841],[31.183909,1.614407],[31.111201,1.578789],[31.049679,1.586442],[31.036727,1.556123],[30.946652,1.517561],[30.898376,1.433373],[30.730883,1.239681],[30.714399,1.174921],[30.604012,1.058058],[30.606661,1.048344],[30.590471,1.044518],[30.604012,1.031566],[30.577519,1.028033],[30.556031,1.044518],[30.533659,1.013904],[30.53572,1.058058],[30.497747,1.034509],[30.509816,1.09456],[30.488033,1.140775],[30.486266,1.199059],[30.507755,1.215838],[30.455064,1.271472],[30.452415,1.229673],[30.446233,1.236443],[30.432692,1.222608],[30.421212,1.254105],[30.392364,1.256754],[30.398546,1.297671],[30.385888,1.310329],[30.422095,1.339471],[30.49863,1.509024],[30.54926,1.565248],[30.62138,1.602926],[30.654054,1.662977],[30.734415,1.715668],[30.745012,1.745693],[30.816249,1.798679],[30.912506,1.90671],[31.004936,1.940856],[31.067047,2.002673],[31.152118,2.045061],[31.201571,2.106583],[31.236895,2.116886],[31.24131,2.1475],[31.294296,2.190772],[31.325204,2.262302],[31.367593,2.309989],[31.450898,2.348256],[31.474741,2.408307],[31.467971,2.335893],[31.366121,2.271427]]]},"properties":{"name":"Lake Albert","nameZh":"艾伯特湖","rank":0}},{"type":"Feature","geometry":{"type":"Polygon","coordinates":[[[35.236126,-14.401357],[35.098069,-14.256824],[35.0651,-14.186177],[34.996514,-14.147321],[34.964133,-14.155268],[34.941762,-14.127598],[34.933225,-14.086093],[34.942056,-14.051652],[34.893486,-14.01103],[34.863167,-14.002493],[34.844033,-14.015445],[34.840206,-14.041055],[34.862578,-14.093452],[34.812242,-14.168515],[34.82902,-14.206193],[34.790164,-14.247699],[34.709214,-14.27478],[34.69479,-14.264772],[34.698617,-14.22415],[34.616784,-14.185294],[34.586759,-14.11965],[34.551141,-14.079028],[34.529063,-13.97865],[34.534067,-13.95304],[34.582638,-13.89299],[34.600005,-13.84648],[34.592646,-13.812334],[34.620316,-13.78437],[34.618844,-13.73786],[34.63474,-13.703419],[34.517289,-13.565068],[34.438105,-13.574194],[34.325069,-13.395809],[34.308879,-13.329871],[34.348029,-13.243917],[34.325069,-12.961916],[34.331251,-12.900983],[34.315649,-12.928359],[34.305641,-12.909519],[34.311234,-12.873313],[34.263547,-12.808258],[34.27591,-12.738199],[34.222925,-12.704642],[34.186423,-12.621631],[34.184657,-12.546863],[34.205557,-12.508595],[34.171117,-12.397031],[34.147862,-12.382313],[34.085457,-12.380253],[34.080747,-12.355526],[34.062791,-12.348461],[34.039536,-12.270455],[34.030116,-12.188033],[34.068972,-12.001995],[34.195254,-11.89985],[34.182891,-11.879539],[34.190839,-11.820372],[34.315649,-11.692324],[34.325069,-11.639927],[34.284152,-11.478615],[34.277382,-11.353511],[34.257365,-11.296698],[34.232344,-11.272266],[34.231756,-11.221047],[34.214977,-11.185723],[34.249712,-11.112132],[34.229106,-11.060324],[34.232933,-10.934336],[34.202025,-10.687659],[34.20909,-10.625548],[34.183185,-10.577861],[34.229401,-10.532823],[34.226457,-10.468358],[34.270906,-10.440687],[34.247062,-10.377988],[34.181125,-10.279082],[34.077803,-10.186651],[33.995381,-10.068906],[33.966239,-10.001791],[33.952698,-9.889638],[33.930915,-9.881984],[33.907366,-9.827233],[33.904423,-9.725383],[33.951343,-9.67362],[33.962609,-9.612125],[33.945866,-9.55001],[34.012735,-9.477457],[34.078491,-9.510186],[34.288067,-9.70845],[34.317936,-9.719199],[34.331682,-9.769222],[34.524745,-10.008794],[34.537767,-10.053855],[34.524745,-10.094783],[34.58562,-10.290017],[34.565053,-10.409803],[34.592958,-10.481736],[34.581072,-10.539717],[34.600399,-10.578061],[34.624377,-10.583436],[34.626341,-10.614338],[34.660034,-10.665498],[34.647631,-10.708389],[34.67502,-10.752418],[34.656727,-10.769884],[34.645461,-10.913235],[34.592958,-11.016174],[34.613525,-11.102164],[34.681841,-11.185053],[34.714087,-11.202726],[34.728348,-11.253721],[34.757496,-11.277553],[34.737032,-11.296777],[34.765557,-11.345146],[34.80049,-11.331917],[34.867876,-11.358789],[34.960687,-11.498522],[34.966783,-11.670541],[34.955891,-11.813602],[34.90791,-11.913686],[34.869348,-12.042617],[34.819306,-12.062634],[34.804882,-12.098546],[34.767793,-12.115914],[34.69479,-12.188033],[34.715985,-12.236603],[34.700089,-12.318142],[34.709214,-12.40704],[34.688609,-12.427351],[34.765438,-12.566585],[34.825488,-12.714945],[34.783983,-12.797955],[34.754841,-12.921883],[34.815774,-13.084666],[34.797229,-13.136474],[34.812242,-13.236264],[34.79458,-13.315742],[34.862872,-13.382857],[34.857279,-13.693117],[34.898785,-13.724908],[35.017119,-13.723436],[35.054798,-13.730501],[35.068927,-13.74934],[35.086,-13.812334],[35.113376,-13.849424],[35.13457,-13.970996],[35.181374,-14.051652],[35.176664,-14.100517],[35.216404,-14.164688],[35.230533,-14.230626],[35.287934,-14.336302],[35.267623,-14.387522],[35.236126,-14.401357]],[[34.728937,-12.030254],[34.708331,-12.083828],[34.739828,-12.088832],[34.741005,-12.052331],[34.756901,-12.043794],[34.728937,-12.030254]]]},"properties":{"name":"Lake Malawi","nameZh":"马拉维湖","rank":0}},{"type":"Feature","geometry":{"type":"Polygon","coordinates":[[[30.809773,-8.584722],[30.795054,-8.559701],[30.734415,-8.556463],[30.714399,-8.528204],[30.683196,-8.524966],[30.676131,-8.481105],[30.638158,-8.486698],[30.631977,-8.501122],[30.657881,-8.501122],[30.643457,-8.524083],[30.603423,-8.558229],[30.548083,-8.581778],[30.529538,-8.577951],[30.569866,-8.548809],[30.566922,-8.5023],[30.487444,-8.516724],[30.470371,-8.508481],[30.473609,-8.486698],[30.446233,-8.466682],[30.451826,-8.396034],[30.486855,-8.341282],[30.569866,-8.303015],[30.561329,-8.280055],[30.58429,-8.140232],[30.51482,-8.038971],[30.452415,-8.015127],[30.460068,-8.000703],[30.41032,-7.941242],[30.380884,-7.934471],[30.353214,-7.890022],[30.302878,-7.884724],[30.268731,-7.836154],[30.263727,-7.745195],[30.23223,-7.711049],[30.199556,-7.600957],[30.218395,-7.542967],[30.203971,-7.450831],[30.183071,-7.368998],[30.128025,-7.248603],[29.974662,-7.11084],[29.825125,-7.068158],[29.789506,-7.047258],[29.677648,-6.910673],[29.638203,-6.839142],[29.549011,-6.771144],[29.498675,-6.702852],[29.473654,-6.609833],[29.490433,-6.568916],[29.487195,-6.513576],[29.442451,-6.517991],[29.418019,-6.482373],[29.3668,-6.321356],[29.340012,-6.286327],[29.322351,-6.1989],[29.27849,-6.167992],[29.266716,-6.119422],[29.197835,-6.078211],[29.178995,-5.917783],[29.235513,-5.890112],[29.320584,-5.815933],[29.356791,-5.746463],[29.335303,-5.746463],[29.349432,-5.727329],[29.332065,-5.633721],[29.344134,-5.625773],[29.370038,-5.637254],[29.372687,-5.609583],[29.177229,-5.291964],[29.096279,-5.067953],[29.117768,-5.012024],[29.105699,-4.97935],[29.098928,-4.770351],[29.112763,-4.614633],[29.15839,-4.500125],[29.201367,-4.516021],[29.199895,-4.41682],[29.217557,-4.370016],[29.259357,-4.119218],[29.234041,-4.047099],[29.138079,-4.348527],[29.041822,-4.307022],[29.104816,-4.224011],[29.103638,-4.176619],[29.082738,-4.149832],[29.096279,-4.118629],[29.088626,-4.040917],[29.104816,-3.938773],[29.096279,-3.917284],[29.124244,-3.830447],[29.096279,-3.77334],[29.151619,-3.680027],[29.134546,-3.426873],[29.142494,-3.383896],[29.16516,-3.350633],[29.206077,-3.334443],[29.296741,-3.340625],[29.329121,-3.362113],[29.34325,-3.403324],[29.336774,-3.762743],[29.373276,-3.887259],[29.434798,-3.964971],[29.432148,-4.012952],[29.493965,-4.10656],[29.50103,-4.163078],[29.536353,-4.200757],[29.553721,-4.2664],[29.591399,-4.329394],[29.654393,-4.399158],[29.649684,-4.509545],[29.602585,-4.760637],[29.603468,-4.842176],[29.620836,-4.87279],[29.593166,-4.904287],[29.651744,-4.91665],[29.682652,-4.948442],[29.735932,-4.969047],[29.781559,-5.006431],[29.775377,-5.026448],[29.816294,-5.097095],[29.823064,-5.143605],[29.795688,-5.177162],[29.813939,-5.206305],[29.799809,-5.233386],[29.80658,-5.253697],[29.802459,-5.266649],[29.781559,-5.266649],[29.784208,-5.32876],[29.741231,-5.431199],[29.770373,-5.491543],[29.836016,-5.559836],[29.943165,-5.79621],[29.952879,-5.841837],[29.946108,-5.917783],[29.899599,-5.935444],[29.826596,-6.000205],[29.788918,-5.986075],[29.73446,-6.044948],[29.732105,-6.195662],[29.711794,-6.246587],[29.750356,-6.271314],[29.856622,-6.411137],[29.940221,-6.47001],[29.952879,-6.507394],[30.072096,-6.453231],[30.117428,-6.452054],[30.158639,-6.468832],[30.190136,-6.523584],[30.29228,-6.620724],[30.335846,-6.646334],[30.395602,-6.747006],[30.418563,-6.822069],[30.514525,-6.924508],[30.564567,-6.956299],[30.576636,-7.017527],[30.556031,-7.041076],[30.559857,-7.101715],[30.518352,-7.109957],[30.500985,-7.098183],[30.494214,-7.109957],[30.531893,-7.150285],[30.532482,-7.194734],[30.551321,-7.204743],[30.604306,-7.331908],[30.610782,-7.370764],[30.593709,-7.445827],[30.604895,-7.454363],[30.583407,-7.507938],[30.666123,-7.643934],[30.714399,-7.671898],[30.744718,-7.720174],[30.79947,-7.874421],[30.902792,-8.018954],[30.915744,-8.093722],[30.926046,-8.110501],[30.946652,-8.09696],[30.954894,-8.111384],[30.964608,-8.14818],[30.959604,-8.165253],[30.946652,-8.151418],[30.942825,-8.165841],[30.967257,-8.220593],[30.971084,-8.262099],[31.008174,-8.281821],[31.042615,-8.337161],[31.049679,-8.329802],[31.067341,-8.356884],[31.127097,-8.393974],[31.145348,-8.426059],[31.135339,-8.52526],[31.165953,-8.546454],[31.165659,-8.586782],[31.199805,-8.627993],[31.186853,-8.658607],[31.199805,-8.689221],[31.194212,-8.723661],[31.173312,-8.748094],[31.142993,-8.710121],[31.107375,-8.743384],[31.103548,-8.768699],[31.043498,-8.801079],[31.025247,-8.799019],[30.858048,-8.61769],[30.809773,-8.584722]]]},"properties":{"name":"Lake Tanganyika","nameZh":"坦干依喀湖","rank":0}},{"type":"Feature","geometry":{"type":"Polygon","coordinates":[[[33.913548,-1.532052],[33.82465,-1.512329],[33.797568,-1.470529],[33.793153,-1.481715],[33.755769,-1.476711],[33.725744,-1.491135],[33.681,-1.466408],[33.653919,-1.470529],[33.652741,-1.492018],[33.667754,-1.511446],[33.682472,-1.508797],[33.681295,-1.534995],[33.671286,-1.549125],[33.612413,-1.566198],[33.64656,-1.566198],[33.653919,-1.584154],[33.674524,-1.580327],[33.687771,-1.615357],[33.667754,-1.628014],[33.7019,-1.628014],[33.70867,-1.6601],[33.687771,-1.675407],[33.543238,-1.675407],[33.598873,-1.738106],[33.605643,-1.730453],[33.64656,-1.76195],[33.641261,-1.775196],[33.578267,-1.758418],[33.557073,-1.803455],[33.492607,-1.839662],[33.450808,-1.837307],[33.440505,-1.825533],[33.447864,-1.799628],[33.365148,-1.804338],[33.331296,-1.837307],[33.31069,-1.9056],[33.28302,-1.922378],[33.314223,-1.944456],[33.392523,-1.897063],[33.461699,-1.881462],[33.455223,-1.893531],[33.490252,-1.926794],[33.461699,-1.949754],[33.544121,-1.963295],[33.536762,-1.970065],[33.557956,-1.970065],[33.573263,-1.987138],[33.550597,-2.028938],[33.496434,-2.025406],[33.399883,-1.972126],[33.372212,-1.99803],[33.400177,-2.038947],[33.379571,-2.05337],[33.324231,-2.016575],[33.317755,-2.045717],[33.281548,-2.000385],[33.269774,-2.011571],[33.29244,-2.031587],[33.285964,-2.056314],[33.218849,-2.042773],[33.221498,-2.079863],[33.207663,-2.114892],[33.221498,-2.141974],[33.259471,-2.111066],[33.282431,-2.111066],[33.336594,-2.135792],[33.358083,-2.167584],[33.509386,-2.15316],[33.605643,-2.182891],[33.642144,-2.146684],[33.749293,-2.08575],[33.786383,-2.094876],[33.815819,-2.123135],[33.83142,-2.162579],[33.82465,-2.197314],[33.838485,-2.220569],[33.667754,-2.313294],[33.64862,-2.30829],[33.597401,-2.356565],[33.532346,-2.378643],[33.509975,-2.40543],[33.529991,-2.440165],[33.515273,-2.448701],[33.475828,-2.435749],[33.407536,-2.467246],[33.461699,-2.501687],[33.450808,-2.527002],[33.42196,-2.532301],[33.427553,-2.552906],[33.399883,-2.552023],[33.392818,-2.528768],[33.344836,-2.524942],[33.353373,-2.504336],[33.344542,-2.495505],[33.329824,-2.5167],[33.31069,-2.505219],[33.207663,-2.512873],[33.173222,-2.488146],[33.169984,-2.469013],[33.138487,-2.452528],[33.119354,-2.400131],[33.080497,-2.388945],[32.999253,-2.380409],[32.962752,-2.388357],[32.902996,-2.438399],[32.906823,-2.470484],[32.881507,-2.467246],[32.874737,-2.477255],[32.877975,-2.507574],[32.906823,-2.549668],[32.865612,-2.601476],[32.869733,-2.634445],[32.909472,-2.679189],[32.880919,-2.690963],[32.879447,-2.704504],[32.954804,-2.786337],[32.927134,-2.820483],[32.968639,-2.820483],[32.968639,-2.841089],[33.010144,-2.845504],[33.027806,-2.861106],[33.023391,-2.882594],[32.933904,-2.851686],[32.899169,-2.799878],[32.890927,-2.821955],[32.841179,-2.851392],[32.809388,-2.960895],[32.755519,-3.012114],[32.745511,-2.985033],[32.76229,-2.928221],[32.79673,-2.90997],[32.72049,-2.869642],[32.781718,-2.836673],[32.847361,-2.82431],[32.844712,-2.793107],[32.872971,-2.728936],[32.822929,-2.705387],[32.844712,-2.676539],[32.810566,-2.668886],[32.79673,-2.635034],[32.817336,-2.642393],[32.816158,-2.589702],[32.837647,-2.587053],[32.82911,-2.56733],[32.810566,-2.566447],[32.837647,-2.51199],[32.805267,-2.485203],[32.76229,-2.499626],[32.73462,-2.532595],[32.728438,-2.484614],[32.673392,-2.518171],[32.69488,-2.473428],[32.669565,-2.433983],[32.659557,-2.380409],[32.624822,-2.467246],[32.549465,-2.538482],[32.524738,-2.552906],[32.502072,-2.546136],[32.548581,-2.482259],[32.550642,-2.435749],[32.509431,-2.470484],[32.492064,-2.455766],[32.433779,-2.456649],[32.441139,-2.435749],[32.371374,-2.432217],[32.320155,-2.353916],[32.323982,-2.333899],[32.344293,-2.341258],[32.361072,-2.328895],[32.328691,-2.315649],[32.309852,-2.271789],[32.258633,-2.283857],[32.218894,-2.250889],[32.221543,-2.320947],[32.202998,-2.321536],[32.159432,-2.388357],[32.077599,-2.367457],[32.066413,-2.385707],[32.067885,-2.424564],[32.09791,-2.435749],[32.107918,-2.459887],[32.166791,-2.496388],[32.173562,-2.51199],[32.156783,-2.550846],[32.138238,-2.560265],[32.132056,-2.532595],[32.108213,-2.530829],[32.104386,-2.51199],[32.086724,-2.503159],[32.069945,-2.505219],[32.069945,-2.524942],[32.029618,-2.470484],[32.022847,-2.505219],[32.007246,-2.486969],[31.985757,-2.507869],[31.991939,-2.583815],[31.934244,-2.594412],[31.994883,-2.676539],[31.994883,-2.710685],[32.022847,-2.741594],[32.015488,-2.760139],[31.980753,-2.765732],[31.959853,-2.695673],[31.937187,-2.69008],[31.931889,-2.648575],[31.906279,-2.655934],[31.899509,-2.635034],[31.906279,-2.710685],[31.872133,-2.717456],[31.858003,-2.678011],[31.832099,-2.691257],[31.824151,-2.707447],[31.844757,-2.786337],[31.796481,-2.834024],[31.78294,-2.81489],[31.789416,-2.725698],[31.759686,-2.715984],[31.773521,-2.654168],[31.815909,-2.640038],[31.824151,-2.615017],[31.855648,-2.617372],[31.858298,-2.600888],[31.754681,-2.620021],[31.7485,-2.556733],[31.719652,-2.539071],[31.717886,-2.507574],[31.771166,-2.49786],[31.796481,-2.462831],[31.796187,-2.424858],[31.759391,-2.393067],[31.75527,-2.361275],[31.772343,-2.357449],[31.7485,-2.341258],[31.75527,-2.32654],[31.725245,-2.320359],[31.659307,-2.361275],[31.633698,-2.356271],[31.631932,-2.323597],[31.652831,-2.288273],[31.669316,-2.189955],[31.693748,-2.141974],[31.680502,-2.114892],[31.700813,-2.076625],[31.686389,-2.059552],[31.706994,-2.0048],[31.666078,-2.025406],[31.63517,-2.025406],[31.621334,-2.040713],[31.611032,-2.038947],[31.612504,-2.003623],[31.630754,-1.947988],[31.684328,-1.867332],[31.720535,-1.675996],[31.760863,-1.596517],[31.741729,-1.566198],[31.75527,-1.46582],[31.796481,-1.48407],[31.801191,-1.470824],[31.805312,-1.411951],[31.850938,-1.278015],[31.870072,-1.149967],[31.850938,-1.113466],[31.844757,-1.059008],[31.873899,-1.024568],[31.840047,-1.024273],[31.837398,-0.995131],[31.824151,-0.983945],[31.813849,-1.039875],[31.781469,-1.055182],[31.768517,-1.047528],[31.787945,-0.988655],[31.769988,-0.964517],[31.769105,-0.863845],[31.760569,-0.846477],[31.700813,-0.839413],[31.699047,-0.799379],[31.717886,-0.756991],[31.798247,-0.652491],[31.784707,-0.616285],[31.792949,-0.575957],[31.846817,-0.471458],[31.926296,-0.422299],[31.997826,-0.314561],[32.01902,-0.306025],[32.037271,-0.325747],[32.006068,-0.246563],[31.974571,-0.230373],[31.980459,-0.189457],[31.961325,-0.183569],[31.92659,-0.195638],[31.940131,-0.140298],[31.91982,-0.134116],[31.994883,-0.085841],[32.069945,-0.099381],[32.061703,-0.075832],[32.025791,-0.067296],[32.016077,-0.04463],[32.037271,-0.052283],[32.076716,-0.036387],[32.132056,-0.063175],[32.18828,-0.068473],[32.206236,-0.04198],[32.193578,0.013655],[32.208002,0.037204],[32.200349,0.016598],[32.241265,-0.021375],[32.26923,-0.029028],[32.289835,-0.017548],[32.291602,0.00188],[32.24833,0.043974],[32.255689,0.051333],[32.324276,0.026901],[32.352241,0.009533],[32.351946,-0.024318],[32.379028,-0.024318],[32.365487,0.085479],[32.421122,0.08283],[32.447615,0.119037],[32.457917,0.095193],[32.41965,0.05516],[32.437606,0.033671],[32.45203,0.030139],[32.49589,0.085479],[32.509431,0.051333],[32.530037,0.07812],[32.557412,0.043974],[32.57007,0.060458],[32.543872,0.102258],[32.550642,0.119037],[32.588026,0.107851],[32.571542,0.133461],[32.598329,0.140231],[32.571542,0.161425],[32.563005,0.189684],[32.615991,0.211467],[32.645427,0.290946],[32.666916,0.276816],[32.648077,0.230895],[32.656613,0.222064],[32.673392,0.236488],[32.680751,0.222064],[32.661323,0.171728],[32.690465,0.167313],[32.714897,0.208524],[32.741684,0.173789],[32.704006,0.140231],[32.653081,0.133461],[32.666621,0.091661],[32.682223,0.089012],[32.756108,0.126102],[32.79673,0.106085],[32.810566,0.161425],[32.859136,0.147001],[32.851482,0.181148],[32.86414,0.168784],[32.892987,0.195572],[32.885628,0.181148],[32.899169,0.181148],[32.885923,0.161131],[32.899169,0.147001],[32.871499,0.126985],[32.892693,0.107262],[32.90123,0.076943],[32.986301,0.101081],[33.091978,0.186152],[33.105224,0.222064],[33.043113,0.228835],[33.078731,0.250029],[33.071078,0.262981],[33.123769,0.247085],[33.112877,0.225597],[33.126418,0.21706],[33.138782,0.24738],[33.167335,0.262981],[33.153794,0.316261],[33.269774,0.373073],[33.26683,0.390441],[33.192945,0.406042],[33.187352,0.428119],[33.235922,0.427236],[33.250346,0.440483],[33.241809,0.461677],[33.28302,0.482871],[33.290673,0.439599],[33.318638,0.437539],[33.34572,0.456378],[33.366031,0.497],[33.389285,0.484637],[33.349841,0.421938],[33.366031,0.407219],[33.310101,0.381904],[33.317755,0.351879],[33.366031,0.373073],[33.35926,0.338927],[33.394878,0.341282],[33.427553,0.324503],[33.413718,0.345697],[33.469058,0.351879],[33.454929,0.345697],[33.494668,0.31891],[33.489075,0.304781],[33.508209,0.300365],[33.494962,0.27034],[33.45905,0.294478],[33.400177,0.297716],[33.434323,0.277405],[33.420782,0.270046],[33.447864,0.256799],[33.426375,0.243553],[33.482304,0.187918],[33.492607,0.236488],[33.502616,0.195572],[33.53058,0.222064],[33.516156,0.181148],[33.536762,0.201753],[33.555601,0.179676],[33.566493,0.183797],[33.580033,0.20764],[33.617418,0.227069],[33.626249,0.246202],[33.619773,0.310962],[33.642144,0.323326],[33.667754,0.310962],[33.70867,0.332157],[33.748998,0.319204],[33.755769,0.310962],[33.7019,0.284175],[33.69513,0.262981],[33.742817,0.262981],[33.70867,0.201753],[33.776963,0.187918],[33.789915,0.236488],[33.804633,0.220298],[33.81788,0.153772],[33.83142,0.208524],[33.893826,0.173789],[33.895297,0.192334],[33.920907,0.219121],[33.98184,0.26563],[34.003623,0.225597],[33.988316,0.119037],[33.955053,0.095193],[33.961824,0.057515],[33.985961,0.038087],[33.99597,-0.040508],[34.030116,-0.052283],[34.020696,-0.070534],[34.043657,-0.072594],[34.064851,-0.10674],[34.064851,-0.072594],[34.07692,-0.063469],[34.13491,-0.064941],[34.112832,-0.10674],[34.137853,-0.117338],[34.085457,-0.140298],[34.093993,-0.168851],[34.122252,-0.185336],[34.187895,-0.188868],[34.195843,-0.221248],[34.249123,-0.252156],[34.236465,-0.298666],[34.256776,-0.305142],[34.243236,-0.325747],[34.277088,-0.346353],[34.270906,-0.381088],[34.287979,-0.396395],[34.302992,-0.390507],[34.325363,-0.341349],[34.386885,-0.284831],[34.383059,-0.244208],[34.372756,-0.223309],[34.346263,-0.219776],[34.34538,-0.188868],[34.446641,-0.168263],[34.505514,-0.18092],[34.548491,-0.149423],[34.646515,-0.117043],[34.674479,-0.089667],[34.73659,-0.085841],[34.731291,-0.137943],[34.74336,-0.162081],[34.750131,-0.154427],[34.795168,-0.195638],[34.832847,-0.27129],[34.85463,-0.28748],[34.837851,-0.308969],[34.809298,-0.306319],[34.782805,-0.286891],[34.749542,-0.287186],[34.753663,-0.335756],[34.740417,-0.340171],[34.658289,-0.344881],[34.586759,-0.335756],[34.562326,-0.318388],[34.448702,-0.346353],[34.456944,-0.424065],[34.499921,-0.441432],[34.505514,-0.467925],[34.423975,-0.525032],[34.407491,-0.521794],[34.418677,-0.489119],[34.386002,-0.44467],[34.359215,-0.442021],[34.365691,-0.459094],[34.347735,-0.479405],[34.331251,-0.476756],[34.311234,-0.44938],[34.311234,-0.476756],[34.244413,-0.429363],[34.21586,-0.42848],[34.22263,-0.415234],[34.189073,-0.422299],[34.150217,-0.531508],[34.10253,-0.532097],[34.085457,-0.551819],[34.057492,-0.558589],[34.085457,-0.599506],[34.047778,-0.641306],[34.037475,-0.730498],[34.057492,-0.728143],[34.071916,-0.795258],[34.174943,-0.846772],[34.183185,-0.871204],[34.139914,-0.911826],[34.124607,-0.977764],[34.133438,-1.003668],[34.071916,-0.97011],[34.058375,-1.002196],[34.037475,-0.997486],[34.063379,-1.015737],[34.092227,-1.003668],[34.09782,-1.018975],[34.072505,-1.025156],[34.071916,-1.059008],[34.023346,-1.100514],[33.975659,-1.105224],[33.992732,-1.138192],[33.963295,-1.172633],[33.900596,-1.20884],[33.87322,-1.255938],[33.885878,-1.277721],[33.933859,-1.278015],[33.927677,-1.298621],[33.982723,-1.333061],[33.985667,-1.369857],[33.968888,-1.374272],[33.975659,-1.353667],[33.961824,-1.340126],[33.905306,-1.320698],[33.804339,-1.319521],[33.792564,-1.334239],[33.82465,-1.374272],[33.81788,-1.387813],[33.843784,-1.387519],[33.858796,-1.408419],[33.797568,-1.387813],[33.781378,-1.409596],[33.804339,-1.429024],[33.847316,-1.43344],[33.893826,-1.497611],[33.918552,-1.48407],[33.93592,-1.489957],[33.955936,-1.518511],[33.927677,-1.518216],[33.913548,-1.532052]],[[34.14639,-0.405226],[34.119603,-0.415234],[34.119603,-0.427892],[34.161108,-0.435839],[34.204085,-0.407286],[34.22263,-0.360188],[34.202025,-0.394923],[34.16729,-0.366958],[34.14639,-0.405226]],[[33.946517,-0.464098],[33.951815,-0.476756],[34.017164,-0.504721],[34.061907,-0.474401],[34.045129,-0.437311],[34.03041,-0.432307],[33.964179,-0.444965],[33.946517,-0.464098]],[[31.845346,-1.753119],[31.810611,-1.819351],[31.849172,-1.779906],[31.845346,-1.753119]],[[31.764101,-2.121074],[31.797953,-2.151394],[31.82474,-2.130494],[31.793243,-2.124312],[31.775876,-2.079863],[31.764101,-2.121074]],[[31.91982,-2.416321],[31.899509,-2.354799],[31.907751,-2.32183],[31.868895,-2.310056],[31.844757,-2.224102],[31.810611,-2.182891],[31.788239,-2.25972],[31.810611,-2.252066],[31.807961,-2.267667],[31.790299,-2.288862],[31.775876,-2.285918],[31.782646,-2.320947],[31.830333,-2.322714],[31.816792,-2.333899],[31.850938,-2.374816],[31.837986,-2.426035],[31.848289,-2.454589],[31.875371,-2.453706],[31.91982,-2.416321]],[[31.899509,-1.635079],[31.940131,-1.66216],[31.91982,-1.628014],[31.892444,-1.610941],[31.858298,-1.621244],[31.872133,-1.690125],[31.865362,-1.682766],[31.858298,-1.744877],[31.888617,-1.691302],[31.899509,-1.635079]],[[32.069945,-2.292983],[32.06759,-2.267079],[32.044041,-2.279148],[32.056993,-2.245001],[32.050223,-2.252066],[32.044041,-2.231461],[32.025791,-2.233521],[31.951022,-2.277087],[31.951022,-2.292394],[31.981342,-2.292983],[31.985169,-2.308878],[31.954555,-2.34744],[31.969862,-2.343613],[31.977809,-2.367457],[32.037565,-2.350973],[32.069945,-2.292983]],[[32.282771,-0.353123],[32.323982,-0.354006],[32.289835,-0.298666],[32.273351,-0.330163],[32.24833,-0.318388],[32.255689,-0.305436],[32.166202,-0.325747],[32.152956,-0.311618],[32.172384,-0.239793],[32.073772,-0.230373],[32.064647,-0.254511],[32.050223,-0.257455],[32.091728,-0.280415],[32.111745,-0.305436],[32.104386,-0.322215],[32.144125,-0.338111],[32.193578,-0.331929],[32.228313,-0.360482],[32.221543,-0.373729],[32.248036,-0.396689],[32.242148,-0.413468],[32.216539,-0.39875],[32.197111,-0.42848],[32.170618,-0.435545],[32.167674,-0.471458],[32.132351,-0.525326],[32.138238,-0.538278],[32.166202,-0.538278],[32.173562,-0.504721],[32.193578,-0.510902],[32.187397,-0.469986],[32.241854,-0.463804],[32.238616,-0.483526],[32.258927,-0.490297],[32.283065,-0.469986],[32.270702,-0.386681],[32.282771,-0.353123]],[[32.319272,-0.242148],[32.369902,-0.269818],[32.328103,-0.204175],[32.296606,-0.202997],[32.323982,-0.219776],[32.331341,-0.230373],[32.319272,-0.242148]],[[32.356656,-0.374906],[32.413468,-0.360188],[32.369314,-0.334284],[32.379028,-0.366958],[32.351946,-0.360188],[32.356656,-0.374906]],[[32.531214,-2.32654],[32.532686,-2.283857],[32.49589,-2.285918],[32.502072,-2.320947],[32.474696,-2.32448],[32.464982,-2.314177],[32.467926,-2.271789],[32.446437,-2.283857],[32.433779,-2.265607],[32.407581,-2.342142],[32.42642,-2.362158],[32.441139,-2.416321],[32.462627,-2.418382],[32.506782,-2.396599],[32.531214,-2.32654]],[[32.536807,-0.408464],[32.543577,-0.373729],[32.504132,-0.384031],[32.502072,-0.408464],[32.454091,-0.42848],[32.477051,-0.441727],[32.47293,-0.46086],[32.441139,-0.490297],[32.448498,-0.502071],[32.481172,-0.492063],[32.481761,-0.469986],[32.521206,-0.420533],[32.523266,-0.394923],[32.536807,-0.408464]],[[32.753753,-0.018431],[32.762879,-0.052283],[32.803206,-0.009012],[32.81086,0.019247],[32.789371,0.037204],[32.789371,0.016598],[32.767,0.011594],[32.769649,-0.017548],[32.753753,-0.018431]],[[32.803795,-0.106446],[32.817336,-0.085841],[32.793198,-0.080248],[32.78319,-0.099381],[32.762879,-0.0932],[32.758757,-0.059937],[32.73462,-0.037859],[32.755519,-0.085841],[32.739035,-0.077598],[32.73462,-0.058465],[32.724022,-0.0723],[32.707538,-0.065235],[32.707538,-0.10674],[32.683989,-0.094083],[32.673392,-0.10674],[32.659557,-0.099381],[32.685755,-0.12087],[32.755519,-0.120576],[32.741684,-0.134116],[32.803795,-0.106446]],[[33.005729,-1.805221],[32.996898,-1.858796],[33.023391,-1.888232],[33.037226,-1.895002],[33.0908,-1.849082],[33.078731,-1.813169],[33.097571,-1.814347],[33.091683,-1.799628],[33.005729,-1.805221]],[[33.180876,-2.148744],[33.186174,-2.116659],[33.13466,-2.073976],[33.147024,-2.059552],[33.100514,-2.043362],[33.120237,-2.011276],[33.105224,-1.966827],[33.027218,-1.973303],[32.992483,-1.99126],[32.940969,-1.963295],[32.931549,-1.947988],[32.947739,-1.909426],[32.920363,-1.895002],[32.851482,-1.943278],[32.824989,-1.929149],[32.851482,-1.970065],[32.899169,-1.977424],[32.845006,-2.050721],[32.853248,-2.071915],[32.871499,-2.066322],[32.928606,-2.092226],[32.996015,-2.098997],[33.055771,-2.140502],[33.078731,-2.121663],[33.141725,-2.166701],[33.173517,-2.16935],[33.163508,-2.154043],[33.180876,-2.148744]],[[33.173517,0.106085],[33.194711,0.161425],[33.176755,0.161425],[33.165863,0.147001],[33.173517,0.106085]],[[33.256233,0.010417],[33.30392,0.043974],[33.28302,0.043974],[33.290379,0.063696],[33.250346,0.049567],[33.256233,0.010417]],[[33.372212,0.215883],[33.400177,0.256799],[33.371035,0.297716],[33.351901,0.290946],[33.372212,0.270046],[33.356905,0.274461],[33.351901,0.24267],[33.338066,0.250029],[33.329235,0.239137],[33.314517,0.247968],[33.317755,0.262981],[33.295972,0.263275],[33.317755,0.297716],[33.238571,0.297716],[33.205013,0.255916],[33.26212,0.19145],[33.245636,0.181148],[33.207663,0.187918],[33.228268,0.153772],[33.246813,0.164958],[33.264475,0.153183],[33.28302,0.106085],[33.31069,0.140231],[33.316283,0.084891],[33.339244,0.079886],[33.319227,0.119037],[33.338066,0.153772],[33.317755,0.171434],[33.318344,0.210878],[33.3363,0.217355],[33.344836,0.201753],[33.372212,0.215883]],[[33.726038,-0.129701],[33.718973,-0.099381],[33.653919,-0.140298],[33.681589,-0.139709],[33.69513,-0.162081],[33.7019,-0.154427],[33.715441,-0.168263],[33.726038,-0.129701]],[[33.769604,0.07812],[33.879402,0.063696],[33.88264,0.078709],[33.843784,0.095782],[33.82465,0.091661],[33.812287,0.11521],[33.786088,0.115799],[33.765483,0.100786],[33.769604,0.07812]]]},"properties":{"name":"Lake Victoria","nameZh":"維多利亞湖","rank":0}},{"type":"Feature","geometry":{"type":"Polygon","coordinates":[[[14.718652,13.098729],[14.768105,13.069881],[14.698635,13.038973],[14.681268,12.977745],[14.637113,12.973035],[14.598846,12.99629],[14.57147,12.971563],[14.550864,12.985987],[14.509065,12.978039],[14.473447,12.937123],[14.461966,12.957434],[14.44872,12.926526],[14.423405,12.930941],[14.398384,12.907098],[14.406626,12.882077],[14.37248,12.872951],[14.318611,12.870302],[14.310369,12.88502],[14.268864,12.888258],[14.287997,12.904154],[14.273279,12.9383],[14.29359,12.946837],[14.270924,12.98481],[14.247375,12.999234],[14.293884,13.019545],[14.273868,13.058106],[14.324793,13.057223],[14.278872,13.136113],[14.306837,13.126693],[14.362766,13.06782],[14.380722,13.063699],[14.371302,13.102555],[14.30036,13.172614],[14.35629,13.158779],[14.373952,13.193808],[14.437534,13.223539],[14.469031,13.214414],[14.464321,13.230604],[14.536735,13.253564],[14.607677,13.192925],[14.609737,13.217357],[14.667433,13.205583],[14.670965,13.164372],[14.718652,13.127871],[14.718652,13.098729]]]},"properties":{"name":"Lake Chad","nameZh":"乍得湖","rank":1}},{"type":"Feature","geometry":{"type":"Polygon","coordinates":[[[14.116677,59.066631],[14.071051,59.023065],[13.973616,58.998338],[13.977149,58.977438],[14.014239,58.950357],[13.986274,58.881476],[13.953894,58.850568],[13.965963,58.82643],[13.928579,58.808768],[13.904441,58.819954],[13.879714,58.813183],[13.871766,58.783453],[13.890017,58.771678],[13.849983,58.739592],[13.711927,58.689845],[13.686906,58.669828],[13.653054,58.67336],[13.640396,58.699559],[13.624206,58.69897],[13.530304,58.65717],[13.475552,58.665118],[13.439345,58.644218],[13.363105,58.628323],[13.325427,58.60389],[13.279506,58.536187],[13.213568,58.503512],[13.137622,58.512343],[13.122904,58.535598],[13.160288,58.56945],[13.184426,58.613899],[13.123787,58.620375],[13.006041,58.600358],[12.990146,58.609483],[12.946874,58.569155],[12.875932,58.579753],[12.938632,58.546489],[12.911256,58.538836],[12.931273,58.524706],[12.875932,58.491149],[12.778498,58.477019],[12.757009,58.45818],[12.670466,58.442579],[12.691661,58.414909],[12.601879,58.366044],[12.552721,58.356919],[12.512687,58.373698],[12.584806,58.411671],[12.63632,58.477608],[12.590399,58.462301],[12.522401,58.396952],[12.32606,58.376053],[12.303689,58.399013],[12.317524,58.424623],[12.376102,58.469955],[12.45823,58.483495],[12.533881,58.538836],[12.520341,58.552082],[12.631022,58.639508],[12.617481,58.651283],[12.540357,58.653344],[12.501796,58.684252],[12.491493,58.730173],[12.520341,58.792283],[12.45823,58.771678],[12.410248,58.812595],[12.451459,58.830845],[12.464411,58.804352],[12.512687,58.806413],[12.483545,58.822897],[12.478541,58.915622],[12.453814,58.921804],[12.43056,58.955361],[12.451459,58.956539],[12.533881,58.895311],[12.510921,58.8332],[12.581274,58.815538],[12.59246,58.842031],[12.629255,58.861165],[12.644268,58.951829],[12.677237,58.970962],[12.667228,58.987741],[12.711972,59.032485],[12.697842,59.066631],[12.71727,59.065748],[12.731694,59.046025],[12.772905,59.077228],[12.836193,59.095184],[12.857388,59.080466],[12.875932,59.093712],[12.890062,59.072518],[12.875932,59.052796],[12.935394,59.052207],[12.948052,59.039549],[12.98838,59.045437],[13.074923,59.01129],[13.067858,58.985092],[13.040482,58.970962],[13.085814,58.956539],[13.124965,58.915328],[13.169119,58.910029],[13.197967,58.881476],[13.259489,58.915622],[13.219161,58.963309],[13.225931,58.997455],[13.210036,59.057211],[13.184132,59.083115],[13.159699,59.139633],[13.122904,59.168775],[13.13615,59.181433],[13.109069,59.216757],[13.110246,59.251197],[13.071979,59.282988],[13.102593,59.271214],[13.126731,59.278279],[13.134973,59.294763],[13.115545,59.333913],[13.170591,59.36806],[13.177361,59.328615],[13.197378,59.310659],[13.27303,59.306832],[13.232702,59.337151],[13.280389,59.36806],[13.359278,59.361289],[13.383122,59.37483],[13.450826,59.356874],[13.67101,59.408388],[13.656586,59.388665],[13.669538,59.377479],[13.766384,59.395436],[13.76344,59.37483],[13.72635,59.35393],[13.743424,59.325377],[13.808184,59.326554],[13.784635,59.351281],[13.808184,59.361289],[13.831733,59.340095],[13.87,59.340095],[13.858226,59.322728],[13.913272,59.325083],[13.922103,59.305949],[13.940353,59.311542],[13.940648,59.346865],[13.952128,59.35393],[13.975088,59.353341],[13.994811,59.316252],[14.01365,59.306832],[14.037493,59.333913],[14.061337,59.329792],[14.075761,59.313014],[14.040437,59.299178],[14.060454,59.249137],[14.054566,59.212047],[14.021598,59.183788],[14.00894,59.154057],[13.962136,59.135512],[13.927401,59.090769],[13.958898,59.052796],[14.048385,59.066631],[14.040437,59.086942],[14.059865,59.092535],[14.051328,59.111374],[14.06899,59.121677],[14.096661,59.086942],[14.082531,59.066631],[14.116677,59.066631]],[[13.18737,58.625968],[13.204737,58.671594],[13.170591,58.696615],[13.101121,58.692788],[13.061382,58.66188],[13.061971,58.644807],[13.109069,58.628323],[13.163821,58.655698],[13.170591,58.648045],[13.149691,58.634504],[13.18737,58.625968]],[[13.568571,59.306832],[13.561801,59.333913],[13.533836,59.342744],[13.460245,59.334797],[13.431398,59.313014],[13.472903,59.313897],[13.486149,59.303888],[13.479379,59.285638],[13.499984,59.271214],[13.507049,59.285638],[13.547377,59.278867],[13.527655,59.306832],[13.568571,59.306832]],[[13.811127,58.759609],[13.84233,58.819954],[13.821724,58.83997],[13.779925,58.825547],[13.76609,58.799643],[13.746073,58.812595],[13.739597,58.837321],[13.715459,58.83997],[13.691027,58.806413],[13.711044,58.78463],[13.71752,58.752544],[13.75667,58.764908],[13.811127,58.759609]]]},"properties":{"name":"Vänern","nameZh":"维纳恩湖","rank":1}},{"type":"Feature","geometry":{"type":"Polygon","coordinates":[[[35.859884,60.854599],[35.805426,60.889333],[35.743315,60.875793],[35.778933,60.91406],[35.617033,60.895809],[35.560221,60.907878],[35.494578,60.950856],[35.489573,60.971461],[35.512828,60.983824],[35.488102,61.012672],[35.368295,61.058593],[35.267623,61.005607],[35.224646,61.024741],[35.123384,60.996482],[35.092182,60.999426],[35.137808,61.020031],[35.143696,61.034455],[35.108078,61.058887],[35.078347,61.053883],[35.015353,61.073311],[34.962073,61.067718],[34.93558,61.09009],[34.879357,61.093033],[34.920862,61.053883],[34.876413,61.028273],[34.825488,61.019737],[34.833436,61.041225],[34.798701,61.077432],[34.803999,61.099215],[34.771619,61.120998],[34.785749,61.143958],[34.812242,61.149551],[34.809298,61.205775],[34.85934,61.231973],[34.955303,61.197238],[35.056564,61.199299],[35.080407,61.225203],[35.162535,61.184286],[35.25732,61.169862],[35.226412,61.167802],[35.216404,61.142781],[35.110138,61.180165],[35.072165,61.177516],[35.026539,61.133067],[35.181374,61.046524],[35.219347,61.050351],[35.290289,61.087441],[35.325907,61.084791],[35.428346,61.065069],[35.500465,61.020914],[35.556983,61.010611],[35.628219,61.058004],[35.639699,61.090384],[35.691802,61.128063],[35.679438,61.152495],[35.599371,61.191057],[35.612323,61.223731],[35.596133,61.256111],[35.559043,61.273184],[35.548152,61.310569],[35.473678,61.369147],[35.374183,61.382982],[35.33621,61.433907],[35.284402,61.451275],[35.239953,61.48336],[35.095714,61.505732],[35.058919,61.495135],[35.044495,61.498962],[35.053031,61.524571],[35.028305,61.540761],[34.910265,61.531047],[34.826077,61.57167],[34.723049,61.582267],[34.701561,61.593747],[34.674479,61.642317],[34.620316,61.656741],[34.427508,61.78685],[34.318299,61.828061],[34.341848,61.827472],[34.284152,61.883107],[34.307996,61.893704],[34.353622,61.859558],[34.35215,61.841601],[34.489619,61.820996],[34.554673,61.77743],[34.575867,61.783612],[34.578516,61.8469],[34.62326,61.858086],[34.624143,61.906362],[34.52141,62.032644],[34.307407,62.110356],[34.284152,62.12949],[34.30358,62.137143],[34.236465,62.184241],[34.284152,62.211617],[34.257071,62.234578],[34.263841,62.270196],[34.154043,62.337605],[34.075743,62.422676],[34.023346,62.417672],[34.037475,62.403837],[34.020402,62.380582],[33.989788,62.382643],[33.932093,62.452407],[33.935036,62.524526],[33.968888,62.547192],[34.070738,62.513929],[34.073682,62.437689],[34.164052,62.392062],[34.201142,62.338488],[34.372756,62.259893],[34.300342,62.232223],[34.299754,62.196016],[34.310939,62.183653],[34.50051,62.107412],[34.57469,62.093871],[34.707448,62.037942],[34.745421,62.033232],[34.74336,62.061491],[34.65564,62.133022],[34.655346,62.157454],[34.5585,62.231928],[34.594707,62.227513],[34.623849,62.244292],[34.723344,62.16187],[34.728937,62.170995],[34.69479,62.211617],[34.681838,62.252534],[34.439577,62.463887],[34.444875,62.475367],[34.510518,62.444754],[34.579694,62.384998],[34.630913,62.368513],[34.72717,62.281087],[34.794874,62.250473],[34.770442,62.341137],[34.711863,62.363803],[34.570274,62.454468],[34.543782,62.505098],[34.47755,62.547781],[34.461654,62.595762],[34.478727,62.59223],[34.5167,62.544837],[34.702444,62.459177],[34.73659,62.410607],[34.803411,62.365275],[34.846388,62.280498],[34.852569,62.321415],[34.874352,62.267546],[34.86611,62.251062],[34.839029,62.259893],[34.888482,62.166579],[35.050971,62.06002],[35.101896,62.039414],[35.161652,62.034116],[35.153704,62.049717],[35.188439,62.081214],[35.186378,62.118304],[35.041846,62.194544],[35.010349,62.225747],[35.051854,62.225747],[35.010349,62.259893],[35.116908,62.22398],[35.154587,62.182475],[35.291466,62.170701],[35.357698,62.122719],[35.372711,62.160398],[35.401559,62.181003],[35.464258,62.172172],[35.577883,62.232811],[35.59319,62.249001],[35.588185,62.278732],[35.54462,62.334956],[35.537849,62.382937],[35.502231,62.406486],[35.48663,62.437394],[35.36388,62.530708],[35.326201,62.582222],[35.304124,62.582516],[35.296765,62.570447],[35.310306,62.523937],[35.286757,62.526587],[35.094537,62.565443],[35.056269,62.601355],[34.966488,62.651397],[34.920862,62.657284],[34.962367,62.623138],[34.870526,62.645804],[34.846388,62.623138],[34.848743,62.60165],[34.920862,62.568386],[34.945,62.530708],[34.989743,62.499505],[35.023889,62.423854],[34.915269,62.563382],[34.886716,62.568386],[34.90791,62.533651],[34.895547,62.536006],[34.713924,62.675535],[34.702444,62.660522],[34.711275,62.646393],[34.770736,62.595762],[34.739828,62.612247],[34.678306,62.681422],[34.564681,62.753247],[34.575867,62.775913],[34.562326,62.815947],[34.519349,62.863928],[34.484026,62.854803],[34.454884,62.896308],[34.458416,62.911026],[34.544076,62.917797],[34.640333,62.869521],[34.657112,62.844206],[34.719517,62.812709],[34.765438,62.842439],[34.850509,62.847149],[34.999752,62.782978],[35.046555,62.774736],[35.065395,62.756485],[34.976202,62.759723],[35.044495,62.739118],[35.119558,62.735291],[35.216698,62.698201],[35.415099,62.65699],[35.412156,62.618723],[35.496344,62.575746],[35.510473,62.574568],[35.475738,62.609303],[35.480448,62.625787],[35.512239,62.640211],[35.543148,62.614013],[35.556983,62.565737],[35.705931,62.551608],[35.805132,62.478311],[35.839278,62.436511],[35.846932,62.407075],[35.843988,62.378816],[35.818673,62.350851],[35.825737,62.317883],[35.791885,62.273139],[35.776578,62.192189],[35.760683,62.167168],[35.687975,62.116832],[35.668252,62.094755],[35.66001,62.057959],[35.712701,62.0088],[35.871952,61.946101],[35.833391,61.909894],[35.860472,61.876336],[35.823382,61.858675],[35.825737,61.847194],[35.956729,61.807455],[36.042095,61.706488],[36.020901,61.664689],[36.026494,61.654386],[36.135114,61.608171],[36.182801,61.574024],[36.231665,61.512502],[36.223129,61.479239],[36.342641,61.460989],[36.395332,61.435968],[36.435954,61.395934],[36.448906,61.353251],[36.432422,61.310569],[36.349411,61.27966],[36.332927,61.259349],[36.383852,61.2149],[36.45656,61.183698],[36.448317,61.171923],[36.395038,61.177516],[36.294365,61.103042],[36.209882,61.0739],[36.158663,61.068896],[36.110976,61.09686],[36.078302,61.071839],[36.037974,61.012378],[35.987343,60.975288],[35.931414,60.954977],[35.805426,60.944674],[35.853113,60.937315],[35.818967,60.922891],[35.94937,60.922891],[35.921994,60.881974],[35.859884,60.854599]],[[35.124562,61.947867],[35.140458,62.017926],[35.070693,62.03912],[35.082174,61.94404],[35.124562,61.947867]],[[34.681838,61.94404],[34.611191,62.002324],[34.585876,62.000264],[34.587936,61.982602],[34.636212,61.93933],[34.681838,61.94404]],[[35.347101,61.997909],[35.353577,62.016159],[35.319431,62.081214],[35.279986,62.096226],[35.236126,62.081214],[35.21552,62.047362],[35.229944,62.012921],[35.183435,61.970827],[35.152232,61.869566],[35.226706,61.840424],[35.236126,61.854848],[35.222585,61.876336],[35.319431,61.906362],[35.326201,61.94404],[35.311778,61.971416],[35.318254,61.9879],[35.347101,61.997909]]]},"properties":{"name":"Lake Onega","nameZh":"奥涅加湖","rank":1}},{"type":"Feature","geometry":{"type":"Polygon","coordinates":[[[37.301973,11.740238],[37.292259,11.798817],[37.272243,11.816479],[37.209837,11.830314],[37.14861,11.810297],[37.123,11.825898],[37.120645,11.858278],[37.101806,11.85033],[37.086499,11.803527],[37.06972,11.830314],[37.039401,11.841205],[37.026154,11.879767],[36.991419,11.88536],[37.015263,12.170893],[37.068248,12.242129],[37.137424,12.28128],[37.167449,12.258908],[37.175986,12.220052],[37.196297,12.207688],[37.212192,12.220641],[37.251048,12.207688],[37.275775,12.215636],[37.294909,12.264795],[37.3267,12.289227],[37.360846,12.268916],[37.394698,12.29011],[37.498609,12.303946],[37.601047,12.11202],[37.566607,11.99192],[37.573671,11.981028],[37.538937,11.920095],[37.49125,11.905965],[37.511561,11.858278],[37.505673,11.838262],[37.456809,11.810297],[37.450333,11.76938],[37.42855,11.74642],[37.429139,11.721693],[37.38675,11.631912],[37.3267,11.632207],[37.293731,11.663998],[37.29903,11.697555],[37.33347,11.693729],[37.344067,11.70462],[37.301973,11.740238]]]},"properties":{"name":"Lake Tana","nameZh":"塔纳湖","rank":1}},{"type":"Feature","geometry":{"type":"Polygon","coordinates":[[[-69.26726,-16.286465],[-69.372054,-16.238483],[-69.390304,-16.210519],[-69.377205,-16.200216],[-69.383387,-16.183437],[-69.395456,-16.195212],[-69.424451,-16.183437],[-69.469636,-16.214051],[-69.503488,-16.20051],[-69.510994,-16.183437],[-69.415914,-16.075111],[-69.435195,-16.012412],[-69.490094,-16.011529],[-69.561477,-15.984741],[-69.684816,-15.96914],[-69.706157,-15.929401],[-69.678781,-15.90909],[-69.707187,-15.889367],[-69.722053,-15.919687],[-69.743394,-15.914388],[-69.764736,-15.892605],[-69.785488,-15.824902],[-69.822137,-15.785457],[-69.857313,-15.810183],[-69.876888,-15.861108],[-69.808596,-15.895255],[-69.804033,-15.917332],[-69.882776,-15.927046],[-69.900438,-15.879065],[-69.932082,-15.881125],[-69.952982,-15.863758],[-70.014798,-15.855516],[-70.027603,-15.840503],[-70.004937,-15.79311],[-70.036728,-15.767206],[-70.039966,-15.71687],[-70.024512,-15.699797],[-69.972998,-15.703624],[-69.966817,-15.666239],[-69.932082,-15.621496],[-69.928696,-15.600302],[-69.945181,-15.567039],[-69.86217,-15.639747],[-69.8632,-15.676248],[-69.840682,-15.703329],[-69.794908,-15.728056],[-69.756199,-15.722463],[-69.791376,-15.690672],[-69.794908,-15.669477],[-69.778129,-15.673893],[-69.77445,-15.663001],[-69.808596,-15.652404],[-69.949744,-15.410437],[-69.934289,-15.373641],[-69.890282,-15.370109],[-69.8632,-15.347149],[-69.835236,-15.360984],[-69.80786,-15.343028],[-69.87836,-15.322128],[-69.890429,-15.313002],[-69.885425,-15.301817],[-69.825669,-15.291808],[-69.78593,-15.307115],[-69.718668,-15.296224],[-69.711603,-15.281211],[-69.750606,-15.255013],[-69.721023,-15.24],[-69.657587,-15.295929],[-69.643458,-15.347149],[-69.550439,-15.368343],[-69.472138,-15.431042],[-69.439169,-15.496391],[-69.390304,-15.470193],[-69.369846,-15.47608],[-69.371907,-15.496391],[-69.390304,-15.491093],[-69.38059,-15.511698],[-69.325986,-15.560268],[-69.293606,-15.568805],[-69.300671,-15.621496],[-69.270351,-15.669477],[-69.157462,-15.67507],[-69.15761,-15.686256],[-69.185427,-15.689789],[-69.191609,-15.703624],[-69.103741,-15.728645],[-69.018375,-15.814305],[-69.006601,-15.877887],[-69.020289,-15.922631],[-68.931832,-15.943825],[-68.907547,-15.929401],[-68.797161,-15.946768],[-68.770079,-15.976794],[-68.772287,-15.995044],[-68.821593,-16.013295],[-68.849558,-16.056566],[-68.910933,-16.066575],[-68.852648,-16.173134],[-68.849558,-16.210519],[-68.837489,-16.219938],[-68.801135,-16.183437],[-68.783178,-16.184909],[-68.713267,-16.215229],[-68.617599,-16.212874],[-68.576682,-16.253202],[-68.602586,-16.296473],[-68.582128,-16.326498],[-68.63894,-16.330031],[-68.691778,-16.312074],[-68.732253,-16.333563],[-68.712384,-16.347692],[-68.695605,-16.336801],[-68.678238,-16.347692],[-68.726072,-16.368298],[-68.76375,-16.415985],[-68.783767,-16.422755],[-68.852648,-16.408037],[-68.92462,-16.422755],[-68.956706,-16.443361],[-68.941988,-16.458373],[-68.866778,-16.470737],[-68.853532,-16.53167],[-68.863246,-16.60114],[-68.960239,-16.584361],[-69.033241,-16.553453],[-69.09594,-16.49458],[-69.087993,-16.4622],[-69.043249,-16.412158],[-69.031033,-16.341511],[-69.036479,-16.312663],[-69.0824,-16.26527],[-69.058409,-16.257617],[-69.033977,-16.27263],[-69.01499,-16.260561],[-68.99983,-16.27263],[-68.950083,-16.209047],[-68.883262,-16.264682],[-68.843082,-16.247903],[-68.92462,-16.183437],[-68.978636,-16.166364],[-69.016168,-16.111612],[-69.119637,-16.053034],[-69.139506,-16.060982],[-69.0824,-16.121326],[-69.092408,-16.15665],[-69.134502,-16.19374],[-69.10065,-16.203454],[-69.113308,-16.234657],[-69.153341,-16.25644],[-69.250187,-16.26527],[-69.26726,-16.286465]]]},"properties":{"name":"Lago Titicaca","nameZh":"的的喀喀湖","rank":1}},{"type":"Feature","geometry":{"type":"Polygon","coordinates":[[[28.055407,61.088912],[28.076013,61.088029],[28.000067,61.105102],[27.986526,61.094211],[28.00566,61.076843],[27.966215,61.081259],[27.930303,61.061831],[27.904104,61.0739],[27.938251,61.101276],[27.927948,61.113345],[27.900866,61.111578],[27.856712,61.146313],[27.807847,61.155733],[27.873196,61.15956],[27.909108,61.187819],[27.983288,61.204303],[28.088082,61.188113],[28.134003,61.169274],[28.144305,61.142781],[28.170209,61.13395],[28.260874,61.155733],[28.242329,61.162798],[28.239679,61.177516],[28.139007,61.181931],[28.109865,61.218433],[28.054819,61.237272],[28.040395,61.275834],[27.876728,61.259349],[27.84582,61.239038],[27.657427,61.259349],[27.694517,61.236389],[27.679799,61.201948],[27.663314,61.197238],[27.479926,61.224614],[27.478748,61.255522],[27.465796,61.259349],[27.472566,61.239038],[27.455199,61.240804],[27.43165,61.265531],[27.383374,61.245808],[27.395149,61.271712],[27.426646,61.280838],[27.493172,61.273184],[27.376604,61.334412],[27.328622,61.341182],[27.328622,61.355018],[27.315082,61.342066],[27.321852,61.320871],[27.239136,61.320871],[27.280935,61.334412],[27.266512,61.341182],[27.280935,61.355018],[27.266512,61.361788],[27.286823,61.375623],[27.2462,61.382982],[27.258269,61.394757],[27.342163,61.416245],[27.328622,61.423899],[27.362769,61.436851],[27.339514,61.455101],[27.308017,61.451275],[27.315082,61.436851],[27.302424,61.436262],[27.266512,61.44421],[27.274165,61.458045],[27.218825,61.464815],[27.248261,61.495724],[27.262979,61.499845],[27.280935,61.485421],[27.294476,61.505732],[27.332449,61.475707],[27.383374,61.458045],[27.376015,61.474824],[27.486402,61.464815],[27.468445,61.485715],[27.326562,61.50897],[27.277403,61.536935],[27.281524,61.579323],[27.266512,61.595219],[27.284468,61.611997],[27.286823,61.64997],[27.273871,61.65939],[27.326562,61.68706],[27.355704,61.683234],[27.355704,61.663511],[27.308017,61.622595],[27.337453,61.599045],[27.355998,61.632897],[27.383374,61.622595],[27.328622,61.554302],[27.294476,61.533697],[27.416343,61.509264],[27.527907,61.513385],[27.486402,61.533697],[27.499942,61.546943],[27.424879,61.554302],[27.478748,61.564899],[27.465796,61.64997],[27.514072,61.628776],[27.490523,61.599928],[27.499942,61.571375],[27.570001,61.565782],[27.663903,61.589037],[27.732784,61.622595],[27.623281,61.616413],[27.600026,61.624361],[27.601204,61.638196],[27.691573,61.64997],[27.753095,61.642317],[27.801371,61.697657],[27.735728,61.703545],[27.739555,61.717968],[27.671262,61.759768],[27.611801,61.761829],[27.595611,61.773309],[27.618571,61.789793],[27.615922,61.814814],[27.678033,61.800685],[27.657427,61.78685],[27.712179,61.773309],[27.708941,61.742401],[27.758688,61.742401],[27.801371,61.766539],[27.825803,61.745344],[27.807847,61.725622],[27.831985,61.701484],[27.863188,61.711198],[27.913524,61.681762],[27.925004,61.67087],[27.904104,61.67087],[27.944138,61.653503],[27.94561,61.642317],[27.904104,61.61553],[27.932069,61.622595],[27.950319,61.586093],[28.015963,61.544882],[28.031858,61.523394],[28.034508,61.485421],[28.089554,61.498962],[28.096324,61.526926],[28.13047,61.526926],[28.120168,61.550475],[28.144305,61.567843],[28.15608,61.563427],[28.157257,61.533697],[28.180218,61.516623],[28.233498,61.574613],[28.212304,61.582267],[28.24645,61.61553],[28.26264,61.661451],[28.260874,61.732392],[28.22555,61.725622],[28.242917,61.742989],[28.335348,61.766539],[28.308855,61.745933],[28.404818,61.738574],[28.402168,61.757119],[28.356542,61.780079],[28.418653,61.766539],[28.444262,61.737102],[28.458981,61.745933],[28.441024,61.764184],[28.445146,61.793031],[28.508139,61.750349],[28.527862,61.752115],[28.53316,61.768893],[28.479292,61.800685],[28.527273,61.825117],[28.534632,61.841601],[28.47311,61.855731],[28.502252,61.861913],[28.675338,61.810104],[28.699182,61.820996],[28.766886,61.807455],[28.809274,61.826],[28.849307,61.811576],[28.864614,61.826294],[28.859316,61.844251],[28.821932,61.848372],[28.849896,61.862207],[28.831646,61.881341],[28.663269,61.896648],[28.603513,61.924023],[28.774245,61.924023],[28.746869,61.937858],[28.693,61.941391],[28.585263,61.9879],[28.395104,62.031761],[28.308855,62.075032],[28.404818,62.053838],[28.440436,62.034116],[28.486945,62.034116],[28.424834,62.06679],[28.358897,62.069734],[28.274709,62.108884],[28.212304,62.102408],[28.287661,62.081214],[28.170798,62.102408],[28.177863,62.094755],[28.153136,62.090339],[28.101328,62.111533],[28.076013,62.109178],[28.103389,62.094755],[28.071009,62.089162],[27.884382,62.143325],[27.863188,62.157454],[27.986526,62.170701],[27.933541,62.199548],[27.914701,62.218976],[27.917645,62.245763],[27.883499,62.252534],[27.89704,62.266663],[27.885854,62.282853],[27.821977,62.328185],[27.938251,62.321415],[27.925887,62.343787],[27.903221,62.348496],[27.817856,62.345258],[27.823448,62.361743],[27.869958,62.376755],[27.818739,62.403837],[27.780471,62.444754],[27.790774,62.452407],[27.773701,62.472129],[27.736317,62.46477],[27.77164,62.394417],[27.739555,62.382937],[27.663903,62.417672],[27.657427,62.434451],[27.578832,62.46271],[27.580009,62.442693],[27.626519,62.420616],[27.625047,62.407664],[27.579715,62.38853],[27.558226,62.39324],[27.446368,62.45329],[27.506713,62.472129],[27.376604,62.520111],[27.3716,62.503626],[27.418109,62.472129],[27.340397,62.471541],[27.305662,62.455351],[27.254148,62.465065],[27.274165,62.485965],[27.262685,62.504804],[27.164073,62.554257],[27.119918,62.600472],[27.120801,62.632852],[27.194687,62.561027],[27.328917,62.493029],[27.338631,62.505981],[27.321852,62.513046],[27.329211,62.524821],[27.370422,62.533651],[27.342752,62.559261],[27.338631,62.582222],[27.393677,62.550136],[27.404274,62.561027],[27.386023,62.570741],[27.388673,62.583693],[27.421347,62.585165],[27.445191,62.512163],[27.551456,62.554257],[27.5544,62.505687],[27.615922,62.478311],[27.636527,62.451818],[27.739555,62.410607],[27.69334,62.465948],[27.612684,62.502743],[27.595611,62.530708],[27.65625,62.521877],[27.698049,62.478311],[27.735728,62.514812],[27.691868,62.524232],[27.60768,62.568681],[27.572062,62.564265],[27.507007,62.605771],[27.514072,62.623138],[27.562053,62.602533],[27.534089,62.595762],[27.559993,62.585165],[27.599143,62.589875],[27.643298,62.574568],[27.615922,62.602533],[27.617982,62.627554],[27.585308,62.66847],[27.636527,62.712331],[27.615922,62.745888],[27.660665,62.725577],[27.680093,62.756191],[27.643886,62.800345],[27.622692,62.795047],[27.615922,62.780034],[27.603264,62.791514],[27.648302,62.826249],[27.698344,62.819773],[27.643298,62.835375],[27.636527,62.863339],[27.641531,62.873936],[27.689218,62.878941],[27.698049,62.917797],[27.650068,62.931632],[27.60974,62.917797],[27.615922,62.896897],[27.569707,62.900135],[27.5544,62.88365],[27.575594,62.841556],[27.550867,62.831254],[27.477276,62.884828],[27.390144,62.889832],[27.397209,62.908966],[27.383374,62.917797],[27.40133,62.94164],[27.376604,62.951354],[27.396915,62.979319],[27.342163,62.986089],[27.355704,62.999924],[27.2462,63.027006],[27.300658,63.047611],[27.226184,63.067922],[27.204989,63.05497],[27.171138,63.061152],[27.164956,63.076459],[27.184678,63.081757],[27.164073,63.109722],[27.241491,63.089411],[27.266512,63.095887],[27.129927,63.184785],[27.171138,63.184785],[27.156714,63.205979],[27.2462,63.212161],[27.225595,63.259259],[27.210288,63.271917],[27.19086,63.260437],[27.19086,63.287812],[27.164073,63.308418],[27.198219,63.328729],[27.225006,63.298115],[27.266512,63.301353],[27.227655,63.332556],[27.235015,63.361698],[27.224712,63.369057],[27.198219,63.349334],[27.191154,63.364936],[27.201457,63.385247],[27.159952,63.430579],[27.177614,63.452362],[27.165545,63.479149],[27.177614,63.507408],[27.023367,63.538905],[27.007177,63.524187],[27.047505,63.493279],[26.979212,63.493279],[26.978329,63.51094],[26.958901,63.521243],[26.971853,63.539199],[26.897085,63.548619],[26.911508,63.56216],[26.877362,63.591007],[26.927993,63.591596],[26.973031,63.559216],[27.035436,63.566281],[27.071937,63.538611],[27.146705,63.56216],[27.197042,63.518299],[27.19086,63.472673],[27.26033,63.445003],[27.286823,63.390251],[27.212054,63.44883],[27.177614,63.424397],[27.274459,63.369057],[27.274165,63.342564],[27.307428,63.338737],[27.341574,63.366113],[27.365418,63.369057],[27.34805,63.304002],[27.383374,63.315188],[27.395737,63.302531],[27.341869,63.287812],[27.308017,63.239242],[27.362769,63.212161],[27.321852,63.198326],[27.370422,63.191555],[27.321852,63.184785],[27.376604,63.171244],[27.322441,63.155054],[27.254737,63.185374],[27.232954,63.18714],[27.218825,63.171244],[27.308017,63.116492],[27.274165,63.109722],[27.328917,63.103835],[27.376604,63.081757],[27.328622,63.088528],[27.350994,63.045256],[27.400153,63.012876],[27.460203,62.99286],[27.602675,62.972843],[27.629757,62.979319],[27.630346,62.991976],[27.575594,63.033187],[27.64006,63.012582],[27.71836,62.940463],[27.771935,62.931337],[27.794012,62.938402],[27.816384,62.979613],[27.746325,62.986089],[27.746325,63.005812],[27.767519,63.020235],[27.705408,63.067922],[27.740438,63.098536],[27.757217,63.099419],[27.773701,63.081757],[27.831985,63.116492],[27.849058,63.110016],[27.852591,63.081463],[27.869958,63.067922],[27.83905,63.058797],[27.821977,63.030244],[27.890269,62.999924],[27.911758,63.004634],[27.935012,63.044079],[27.950025,63.045845],[28.027443,63.040841],[28.035391,63.02524],[28.097501,62.998158],[28.186399,62.991682],[28.216425,62.997275],[28.233498,63.014054],[28.219368,63.020235],[28.276769,63.043196],[28.376853,63.047611],[28.377147,63.020824],[28.302085,63.031127],[28.267055,63.014054],[28.348888,62.986089],[28.239974,62.990799],[28.226727,62.987561],[28.233498,62.973137],[28.219957,62.966955],[28.1237,62.951354],[28.185222,62.945173],[28.1237,62.889832],[28.192287,62.881001],[28.24645,62.848915],[28.13047,62.841556],[28.157257,62.829193],[28.13047,62.801228],[28.179335,62.783272],[28.200823,62.738235],[28.233498,62.719395],[28.198763,62.698201],[28.247038,62.712919],[28.275886,62.693197],[28.273826,62.657284],[28.233498,62.643449],[28.335348,62.62932],[28.486651,62.573979],[28.6512,62.554257],[28.623236,62.541011],[28.714489,62.472718],[28.89199,62.426503],[28.959988,62.399421],[28.96617,62.382937],[28.866969,62.405014],[28.836355,62.396478],[28.897583,62.355561],[28.793673,62.393829],[28.753639,62.390296],[28.706541,62.410607],[28.60734,62.419144],[28.527862,62.472129],[28.524624,62.48567],[28.458981,62.505687],[28.543169,62.508631],[28.596743,62.478311],[28.6512,62.472129],[28.607046,62.507747],[28.511083,62.560733],[28.431605,62.568386],[28.356542,62.602533],[28.376853,62.588403],[28.358014,62.568975],[28.267055,62.582222],[28.205239,62.52747],[28.215247,62.517756],[28.202589,62.476545],[28.170798,62.46477],[28.170798,62.444754],[28.219368,62.423854],[28.173153,62.418849],[28.067771,62.442104],[28.055407,62.459177],[28.09809,62.455056],[28.144305,62.478311],[28.134591,62.502155],[28.155197,62.523937],[28.11693,62.547192],[28.128704,62.55514],[28.11693,62.574568],[28.137535,62.602533],[28.027443,62.664055],[28.046576,62.676418],[28.1237,62.664055],[28.076013,62.684366],[28.080428,62.706738],[28.003599,62.722339],[27.996829,62.756485],[27.952086,62.769437],[27.88968,62.725283],[27.767519,62.698201],[27.78783,62.684366],[27.718949,62.650808],[27.794012,62.623138],[27.84376,62.636973],[27.863188,62.62932],[27.82963,62.606359],[27.811968,62.606065],[27.801371,62.623138],[27.776939,62.609009],[27.712179,62.623138],[27.732784,62.609303],[27.72572,62.588403],[27.779,62.58752],[27.810791,62.562499],[27.815206,62.533651],[27.890269,62.499505],[27.898511,62.473601],[27.869958,62.451818],[27.89233,62.432685],[28.007132,62.403837],[28.051875,62.42768],[28.048048,62.376755],[27.977695,62.315233],[27.925004,62.28668],[27.939428,62.258421],[28.076013,62.231928],[28.069243,62.245763],[28.177863,62.252534],[28.144305,62.273139],[28.273826,62.245763],[28.299141,62.249296],[28.233498,62.280498],[28.342118,62.294333],[28.376853,62.280498],[28.349477,62.264897],[28.363312,62.239582],[28.414237,62.241937],[28.500486,62.222214],[28.526684,62.201903],[28.549056,62.203964],[28.568778,62.211617],[28.562597,62.231928],[28.58909,62.218388],[28.572016,62.269901],[28.622058,62.269313],[28.610284,62.28668],[28.618232,62.306991],[28.661503,62.294039],[28.699182,62.300809],[28.685347,62.314645],[28.740098,62.328185],[28.654438,62.363215],[28.64443,62.376755],[28.727146,62.355561],[28.63766,62.396478],[28.660914,62.399421],[28.746869,62.376755],[28.74628,62.364098],[28.810746,62.338194],[28.821932,62.328185],[28.777483,62.317883],[28.791318,62.294039],[28.925548,62.218388],[28.9803,62.163636],[28.95675,62.158926],[28.794556,62.245763],[28.791318,62.235166],[28.839299,62.194544],[28.932024,62.163636],[28.895523,62.157748],[28.685347,62.204552],[28.699182,62.190717],[28.774245,62.17806],[28.77395,62.165696],[28.808391,62.163636],[28.842537,62.135671],[28.787785,62.143325],[28.794556,62.135671],[28.76041,62.12949],[28.81104,62.11536],[28.87374,62.118892],[29.027986,62.150095],[29.041822,62.163636],[29.103638,62.150095],[29.226682,62.157454],[29.188121,62.178648],[29.062133,62.197782],[29.098045,62.206024],[29.322056,62.158926],[29.34325,62.163636],[29.313225,62.176882],[29.366505,62.187479],[29.370038,62.211617],[29.411543,62.225747],[29.274664,62.245763],[29.31558,62.252534],[29.288204,62.273139],[29.31558,62.28668],[29.288204,62.314645],[29.301745,62.334956],[29.268482,62.386469],[29.220501,62.403837],[29.31558,62.417672],[29.335597,62.448286],[29.319113,62.489203],[29.240517,62.561027],[29.206077,62.554257],[29.214319,62.567209],[29.254647,62.574568],[29.281434,62.609303],[29.308516,62.614602],[29.365917,62.59429],[29.377397,62.574568],[29.322351,62.582222],[29.363856,62.541011],[29.367388,62.516873],[29.398002,62.505687],[29.388877,62.533946],[29.41272,62.551902],[29.411543,62.523054],[29.473654,62.499505],[29.472771,62.48096],[29.580802,62.439749],[29.618481,62.40001],[29.662341,62.385881],[29.692661,62.390296],[29.677354,62.404131],[29.677059,62.427386],[29.601997,62.443576],[29.569322,62.472129],[29.624368,62.466831],[29.631433,62.475367],[29.576093,62.499505],[29.571677,62.526587],[29.591694,62.543366],[29.651744,62.554257],[29.589633,62.602533],[29.64203,62.623727],[29.699431,62.62932],[29.692661,62.623138],[29.800104,62.576334],[29.816294,62.557495],[29.802459,62.52747],[29.823064,62.520111],[29.894594,62.441221],[29.947286,62.448875],[29.911373,62.410607],[29.85044,62.423854],[29.848085,62.393829],[29.816294,62.382937],[29.830129,62.369691],[29.82483,62.354384],[29.790684,62.367041],[29.741231,62.355561],[29.775377,62.341726],[29.768018,62.328185],[29.856622,62.30758],[29.785385,62.30758],[29.747412,62.321415],[29.737698,62.300809],[29.722097,62.301398],[29.657043,62.326125],[29.623779,62.314645],[29.657631,62.284325],[29.637615,62.280498],[29.59346,62.300809],[29.541946,62.294039],[29.654688,62.206613],[29.739759,62.186007],[29.768018,62.191012],[29.761836,62.204552],[29.775377,62.218388],[29.837782,62.199843],[29.872223,62.17541],[29.974956,62.170995],[30.020288,62.131844],[29.973484,62.109178],[29.939338,62.109178],[29.911962,62.085041],[29.800987,62.153333],[29.666168,62.157454],[29.699431,62.135671],[29.685007,62.123014],[29.630844,62.150095],[29.583452,62.157454],[29.560491,62.176293],[29.53076,62.164519],[29.508094,62.17806],[29.534293,62.142147],[29.535176,62.126252],[29.507211,62.090633],[29.521635,62.081214],[29.496614,62.074738],[29.417725,62.102408],[29.460996,62.058548],[29.521635,62.034116],[29.508094,62.012921],[29.566378,61.984074],[29.67235,61.951399],[29.627606,61.974948],[29.607001,62.016454],[29.666168,62.034116],[29.701786,62.015276],[29.761248,61.949044],[29.802459,61.930499],[29.754772,61.903124],[29.788918,61.889288],[29.774788,61.875748],[29.707085,61.889288],[29.741231,61.841601],[29.718565,61.818935],[29.660281,61.853965],[29.631433,61.848372],[29.68589,61.828061],[29.6697,61.828355],[29.636732,61.800096],[29.536353,61.797741],[29.479835,61.780079],[29.524873,61.766539],[29.527817,61.752115],[29.520163,61.741812],[29.470416,61.748877],[29.438624,61.718263],[29.411543,61.752115],[29.383873,61.732392],[29.383873,61.717968],[29.432148,61.697657],[29.377397,61.684411],[29.30204,61.689121],[29.329121,61.663511],[29.298213,61.639079],[29.247288,61.626421],[29.240517,61.61553],[29.281434,61.61553],[29.252881,61.601695],[29.144849,61.622595],[29.151619,61.608759],[29.103638,61.61553],[29.124244,61.6014],[29.104816,61.597574],[29.041822,61.61553],[29.124244,61.567843],[29.103344,61.561956],[29.041822,61.574613],[28.987364,61.609348],[28.814867,61.683822],[28.774245,61.690298],[28.721848,61.689415],[28.718904,61.640845],[28.706541,61.636135],[28.665036,61.67087],[28.667685,61.646438],[28.651789,61.638785],[28.596743,61.642317],[28.617349,61.6014],[28.671806,61.608759],[28.665036,61.622595],[28.760115,61.621417],[28.821932,61.602283],[28.810157,61.592275],[28.856667,61.574613],[28.839299,61.569903],[28.773656,61.596985],[28.685347,61.589037],[28.662386,61.569609],[28.699182,61.554302],[28.665036,61.539878],[28.706541,61.533697],[28.658265,61.509853],[28.687996,61.513974],[28.711545,61.494546],[28.706541,61.479239],[28.670334,61.463344],[28.574666,61.500139],[28.534632,61.498962],[28.568778,61.479239],[28.568484,61.450686],[28.58909,61.430669],[28.559064,61.404471],[28.505196,61.394757],[28.350066,61.398583],[28.346828,61.372679],[28.47311,61.369147],[28.41777,61.346187],[28.303556,61.363848],[28.298258,61.352957],[28.345356,61.324698],[28.452505,61.314101],[28.554943,61.355018],[28.554943,61.334412],[28.583202,61.348542],[28.678576,61.348247],[28.6512,61.375623],[28.669157,61.372091],[28.7348,61.331763],[28.787785,61.320871],[28.795733,61.304976],[28.866675,61.287314],[28.884042,61.269358],[28.864909,61.22638],[28.510494,61.126591],[28.395987,61.112756],[28.321513,61.0739],[28.127232,61.059476],[28.04481,61.074489],[28.055407,61.088912]],[[28.56554,61.245808],[28.568778,61.231973],[28.622353,61.202537],[28.678576,61.218433],[28.617349,61.245808],[28.56554,61.245808]],[[27.883499,61.485421],[27.972985,61.479239],[27.955324,61.493074],[27.95915,61.513385],[27.946198,61.527515],[27.845526,61.510736],[27.828453,61.513385],[27.815206,61.533697],[27.748091,61.543999],[27.712179,61.533697],[27.715711,61.495135],[27.758688,61.488953],[27.773701,61.479239],[27.751329,61.478945],[27.754862,61.470703],[27.78783,61.451275],[27.717772,61.45098],[27.698049,61.458045],[27.705408,61.464815],[27.692162,61.477179],[27.629757,61.464815],[27.57736,61.484538],[27.499942,61.479239],[27.548218,61.464815],[27.540859,61.458045],[27.801371,61.430669],[27.712179,61.402705],[27.849353,61.410358],[27.919706,61.454218],[27.883499,61.485421]],[[27.66979,61.286725],[27.718949,61.273184],[27.678033,61.287314],[27.682448,61.304387],[27.658016,61.32146],[27.671262,61.334412],[27.636527,61.341182],[27.650068,61.361788],[27.616511,61.389164],[27.527907,61.389164],[27.534089,61.402705],[27.421347,61.430669],[27.300658,61.395934],[27.411927,61.358844],[27.555871,61.347658],[27.582659,61.32823],[27.466974,61.347953],[27.440775,61.335001],[27.51731,61.288786],[27.568824,61.279955],[27.597082,61.26141],[27.66979,61.286725]],[[28.239974,61.394168],[28.290016,61.399467],[28.287661,61.416245],[28.421596,61.416245],[28.541403,61.436851],[28.458981,61.505732],[28.410116,61.512797],[28.388922,61.507498],[28.390688,61.491602],[28.356542,61.498962],[28.376853,61.464815],[28.342707,61.445976],[28.206122,61.457751],[28.185222,61.451275],[28.213481,61.45098],[28.219368,61.410358],[28.239974,61.394168]],[[28.242623,61.538995],[28.22555,61.513385],[28.28089,61.526926],[28.290899,61.512502],[28.329166,61.533697],[28.363312,61.519567],[28.383918,61.557834],[28.432488,61.540761],[28.47311,61.582267],[28.383918,61.589037],[28.242623,61.538995]],[[28.291193,61.694125],[28.273826,61.642317],[28.301201,61.636135],[28.28089,61.608759],[28.329166,61.642317],[28.360074,61.607876],[28.541403,61.622595],[28.506079,61.676463],[28.452505,61.697657],[28.507256,61.711198],[28.500486,61.717968],[28.451916,61.720029],[28.404818,61.705016],[28.431605,61.683234],[28.431605,61.663511],[28.414532,61.657329],[28.376853,61.67087],[28.383918,61.717968],[28.369494,61.726505],[28.290016,61.729154],[28.281185,61.708549],[28.291193,61.694125]],[[28.858138,61.903712],[28.897583,61.916664],[28.884042,61.903124],[28.920544,61.894881],[28.932024,61.855731],[28.969408,61.831593],[28.99384,61.800685],[28.986481,61.793031],[29.007675,61.780079],[29.111586,61.779491],[29.124244,61.773309],[29.116884,61.766539],[29.15839,61.766833],[29.172225,61.752115],[29.220206,61.766833],[29.234041,61.783612],[29.192536,61.807455],[29.267893,61.808338],[29.301745,61.820996],[29.293797,61.8469],[29.312637,61.854848],[29.301745,61.862207],[29.309104,61.869566],[29.291737,61.875453],[29.323822,61.914898],[29.31558,61.930499],[29.34325,61.94404],[29.324411,61.956992],[29.330887,61.969355],[29.370038,61.978775],[29.429794,61.959641],[29.432148,61.94404],[29.513982,61.94404],[29.459524,61.978775],[29.438919,62.019692],[29.464234,62.028523],[29.40124,62.064729],[29.363856,62.122719],[29.268188,62.150095],[29.29939,62.102702],[29.26701,62.055604],[29.247877,62.047656],[29.288204,62.026462],[29.294975,61.984957],[29.199895,62.019692],[29.226682,62.040297],[29.15839,62.081214],[29.247288,62.080036],[29.226388,62.134199],[29.183116,62.141264],[29.141905,62.136849],[29.123949,62.109178],[29.003554,62.128901],[28.877566,62.091222],[28.699182,62.075032],[28.706541,62.061197],[28.678576,62.055015],[28.68829,62.02293],[28.744219,61.986134],[28.828113,61.967589],[28.876683,61.937858],[28.822226,61.916959],[28.858138,61.903712]],[[27.815206,62.478311],[27.789891,62.528647],[27.657427,62.561027],[27.764576,62.517756],[27.787242,62.484493],[27.815206,62.478311]],[[27.881733,62.909849],[27.821977,62.931632],[27.841993,62.911026],[27.82963,62.901607],[27.866426,62.850093],[27.874668,62.817713],[27.890269,62.814769],[27.883499,62.829193],[27.916468,62.825072],[28.051875,62.734408],[28.082195,62.745888],[28.041867,62.753247],[28.075719,62.762372],[28.165205,62.745888],[28.111925,62.774441],[28.048048,62.780034],[28.059529,62.799462],[28.1237,62.822128],[28.041867,62.835375],[28.11693,62.848915],[28.048048,62.863339],[28.13047,62.87688],[28.034508,62.88365],[28.082195,62.896897],[28.027443,62.911026],[28.089554,62.924861],[28.055407,62.979319],[28.013019,62.980791],[27.995652,62.968427],[27.993297,62.945173],[27.951791,62.951354],[27.904104,62.934281],[27.883499,62.945173],[27.917645,62.958713],[27.860538,62.967544],[27.849353,62.951354],[27.904104,62.917797],[27.881733,62.909849]]]},"properties":{"name":"Lake Saimaa","nameZh":"塞马湖","rank":2}},{"type":"Feature","geometry":{"type":"Polygon","coordinates":[[[35.25732,-14.504384],[35.324435,-14.592105],[35.326201,-14.628017],[35.284402,-14.675115],[35.271155,-14.722802],[35.277926,-14.757537],[35.190794,-14.685418],[35.20198,-14.65451],[35.193443,-14.557958],[35.213754,-14.517042],[35.25732,-14.504384]]]},"properties":{"name":null,"nameZh":null,"rank":3}},{"type":"Feature","geometry":{"type":"Polygon","coordinates":[[[-71.178714,-46.497349],[-71.144862,-46.520015],[-71.149719,-46.535028],[-71.185926,-46.540032],[-71.210064,-46.581538],[-71.281741,-46.594195],[-71.357834,-46.581538],[-71.445849,-46.585953],[-71.569482,-46.560932],[-71.658822,-46.526197],[-71.730499,-46.53179],[-71.769208,-46.496172],[-71.804826,-46.502648],[-71.857959,-46.473506],[-72.008673,-46.535028],[-72.123623,-46.565347],[-72.172193,-46.56888],[-72.199274,-46.550924],[-72.241663,-46.547391],[-72.323643,-46.588308],[-72.425051,-46.682504],[-72.550451,-46.725482],[-72.66275,-46.835574],[-72.69984,-46.849115],[-72.760774,-46.838517],[-72.787708,-46.908576],[-72.803309,-46.883849],[-72.828183,-46.885321],[-72.83407,-46.935658],[-72.816997,-46.958324],[-72.840841,-47.001301],[-72.939894,-47.027205],[-72.895151,-46.990115],[-72.887498,-46.919173],[-72.868511,-46.886793],[-72.820971,-46.853824],[-72.81111,-46.803488],[-72.823768,-46.774052],[-72.77402,-46.749325],[-72.686741,-46.739611],[-72.628899,-46.653362],[-72.632725,-46.640999],[-72.672759,-46.632463],[-72.697633,-46.609502],[-72.725744,-46.563287],[-72.724567,-46.536794],[-72.755475,-46.497349],[-72.748116,-46.47851],[-72.686741,-46.444364],[-72.673936,-46.47174],[-72.6654,-46.57359],[-72.638907,-46.609502],[-72.616535,-46.594195],[-72.537646,-46.620982],[-72.466998,-46.623043],[-72.362499,-46.54327],[-72.291999,-46.536205],[-72.212521,-46.498527],[-72.162331,-46.512362],[-72.109493,-46.481159],[-72.044439,-46.466441],[-71.955246,-46.413456],[-71.874443,-46.386668],[-71.783779,-46.381664],[-71.781719,-46.362236],[-71.794082,-46.356055],[-71.876798,-46.363708],[-71.940087,-46.328384],[-71.973497,-46.280403],[-71.927429,-46.288351],[-71.869586,-46.319259],[-71.795995,-46.314549],[-71.748456,-46.347812],[-71.727997,-46.309251],[-71.637775,-46.307779],[-71.596858,-46.286585],[-71.582434,-46.304835],[-71.636892,-46.322497],[-71.658822,-46.356055],[-71.505016,-46.390201],[-71.412292,-46.424936],[-71.286304,-46.424347],[-71.267759,-46.47174],[-71.178714,-46.497349]]]},"properties":{"name":"Lago Buenos Aires","nameZh":"布宜诺斯艾利斯湖","rank":3}},{"type":"Feature","geometry":{"type":"Polygon","coordinates":[[[-72.902363,-41.319484],[-72.97669,-41.299173],[-73.014074,-41.224405],[-73.012161,-41.202622],[-72.951522,-41.162883],[-73.046307,-41.12697],[-72.963296,-41.086348],[-72.92238,-41.049847],[-72.91664,-40.996567],[-72.888675,-40.989797],[-72.878814,-40.965953],[-72.845992,-40.949469],[-72.828183,-40.950352],[-72.810374,-40.992151],[-72.786089,-41.00216],[-72.686741,-41.003337],[-72.653331,-41.094001],[-72.61212,-41.133446],[-72.59799,-41.172008],[-72.564433,-41.207037],[-72.61418,-41.226465],[-72.698663,-41.193497],[-72.725009,-41.197912],[-72.774756,-41.250603],[-72.837161,-41.267676],[-72.902363,-41.319484]]]},"properties":{"name":"Lago Llanquihue","nameZh":"延基韦湖","rank":3}},{"type":"Feature","geometry":{"type":"Polygon","coordinates":[[[118.695715,33.149636],[118.652149,33.190552],[118.614176,33.172596],[118.578558,33.183782],[118.558247,33.152874],[118.565312,33.118727],[118.544412,33.087525],[118.544412,33.046608],[118.52469,33.056617],[118.481124,32.98538],[118.409593,32.970957],[118.333647,32.937988],[118.319223,32.93681],[118.315397,32.955944],[118.294791,32.950351],[118.288315,32.932984],[118.260645,32.933278],[118.250048,32.882059],[118.229442,32.887063],[118.222966,32.909434],[118.174691,32.861747],[118.160855,32.906196],[118.191175,32.934161],[118.18882,32.950351],[118.229148,32.95771],[118.134951,33.029535],[118.116112,32.97184],[118.081966,32.960948],[118.05459,32.926508],[118.003076,32.895894],[117.985709,32.860276],[117.982765,32.903253],[117.975406,32.895894],[118.100216,33.0366],[118.126709,33.046608],[118.17263,33.034245],[118.242689,32.972428],[118.291259,32.970957],[118.255052,32.988618],[118.230914,33.026297],[118.198534,33.15464],[118.157617,33.163176],[118.062243,33.1358],[117.907408,33.136095],[117.907408,33.050435],[117.84412,33.021293],[117.807324,33.023648],[117.757282,33.060149],[117.837644,33.045431],[117.877088,33.050435],[117.893867,33.087525],[117.877972,33.147575],[117.884153,33.166709],[117.92036,33.193201],[118.051058,33.183782],[118.116406,33.22411],[118.173219,33.226759],[118.210603,33.206154],[118.236507,33.163176],[118.228559,33.11755],[118.260056,33.018349],[118.291259,32.991268],[118.343067,32.979493],[118.394286,32.985086],[118.415186,33.000099],[118.456397,33.060149],[118.403117,33.031301],[118.338946,33.032479],[118.456986,33.081343],[118.469643,33.10607],[118.442562,33.10136],[118.485245,33.137567],[118.48289,33.16612],[118.43167,33.170241],[118.393697,33.1567],[118.23268,33.20792],[118.222378,33.224404],[118.229148,33.280039],[118.209131,33.313596],[118.197945,33.405144],[118.209131,33.423394],[118.255052,33.269147],[118.3048,33.238534],[118.330704,33.275918],[118.36014,33.285337],[118.409004,33.327432],[118.396641,33.389542],[118.411654,33.403377],[118.456397,33.396607],[118.476708,33.444588],[118.494664,33.433991],[118.489955,33.373058],[118.510266,33.368937],[118.537347,33.391603],[118.556775,33.387776],[118.575026,33.357751],[118.618886,33.353924],[118.633899,33.368937],[118.615354,33.370409],[118.585917,33.403377],[118.542057,33.412503],[118.54088,33.433991],[118.496725,33.48786],[118.469938,33.553798],[118.469055,33.639457],[118.564723,33.658297],[118.578558,33.622679],[118.558247,33.602073],[118.583268,33.596186],[118.578558,33.567338],[118.606817,33.577935],[118.615648,33.563217],[118.606523,33.512881],[118.622124,33.507877],[118.606523,33.451359],[118.618003,33.474025],[118.633016,33.477557],[118.781669,33.44606],[118.819937,33.399551],[118.88087,33.358928],[118.836127,33.306826],[118.815816,33.235001],[118.78844,33.214984],[118.774605,33.166709],[118.744285,33.129619],[118.743696,33.087525],[118.685707,33.079871],[118.688356,33.060149],[118.668045,33.076633],[118.660686,33.105775],[118.669222,33.132562],[118.695715,33.149636]]]},"properties":{"name":"Hongze Hu","nameZh":"洪泽湖","rank":3}},{"type":"Feature","geometry":{"type":"Polygon","coordinates":[[[100.766879,51.44731],[100.796021,51.41228],[100.780714,51.343105],[100.788957,51.316318],[100.769234,51.302483],[100.776004,51.254501],[100.740092,51.205342],[100.708301,51.128219],[100.723902,51.082887],[100.741858,51.069052],[100.682397,51.039321],[100.672388,51.02107],[100.711539,50.995755],[100.657081,50.919515],[100.51196,50.844452],[100.494004,50.800003],[100.519025,50.802064],[100.529033,50.790583],[100.510194,50.765268],[100.439841,50.733477],[100.440135,50.685201],[100.423062,50.632215],[100.446905,50.630155],[100.445728,50.646051],[100.460446,50.650466],[100.494887,50.637514],[100.481052,50.593065],[100.43307,50.589238],[100.474281,50.562451],[100.422768,50.555092],[100.388621,50.527716],[100.322095,50.542729],[100.262928,50.525656],[100.228487,50.53537],[100.193164,50.47944],[100.193164,50.452653],[100.166965,50.489154],[100.159017,50.534487],[100.165199,50.561862],[100.206704,50.603368],[100.196402,50.613082],[100.202878,50.63457],[100.262045,50.678431],[100.24085,50.699036],[100.249976,50.712871],[100.24085,50.764091],[100.247032,50.894494],[100.296191,51.014889],[100.315619,51.106142],[100.335341,51.135578],[100.266755,51.268925],[100.266755,51.328387],[100.291481,51.35017],[100.309732,51.35017],[100.323567,51.329564],[100.405106,51.346637],[100.431893,51.366654],[100.467511,51.425232],[100.458386,51.4426],[100.437191,51.449959],[100.366544,51.432003],[100.360362,51.456141],[100.431598,51.520312],[100.505484,51.545922],[100.522851,51.610682],[100.549638,51.619807],[100.615282,51.590371],[100.645601,51.514719],[100.67857,51.480279],[100.766879,51.44731]]]},"properties":{"name":"Khövsgöl Nuur","nameZh":"库苏古尔湖","rank":3}},{"type":"Feature","geometry":{"type":"Polygon","coordinates":[[[26.304824,61.414185],[26.356043,61.430669],[26.283335,61.351485],[26.22564,61.334412],[26.190905,61.307331],[26.202385,61.296439],[26.238886,61.307331],[26.253016,61.293495],[26.286573,61.300855],[26.265968,61.279955],[26.280392,61.259349],[26.25596,61.22903],[26.229172,61.230207],[26.220636,61.278777],[26.177364,61.265531],[26.184135,61.287314],[26.160291,61.285548],[26.108189,61.252579],[26.144101,61.234917],[26.190905,61.231973],[26.184723,61.20813],[26.211216,61.155733],[26.190905,61.169862],[26.174126,61.156616],[26.177364,61.122175],[26.206506,61.141898],[26.226229,61.10628],[26.273327,61.088029],[26.211216,61.088618],[26.169416,61.05771],[26.163529,61.032689],[26.204446,61.040342],[26.144101,61.008551],[26.087878,60.930544],[26.060502,60.985591],[26.032832,60.942613],[26.008988,60.964396],[26.094648,61.005607],[26.147928,61.061242],[26.163529,61.097743],[26.094648,61.122175],[26.087878,61.149551],[25.985439,61.204303],[25.970426,61.172806],[25.917146,61.211073],[25.883,61.163092],[25.845322,61.139543],[25.834724,61.149551],[25.87623,61.183698],[25.848854,61.183698],[25.805582,61.216666],[25.762605,61.211073],[25.794397,61.242276],[25.664582,61.286136],[25.613363,61.275539],[25.608653,61.256111],[25.623665,61.231385],[25.724927,61.211073],[25.684893,61.186641],[25.553312,61.169862],[25.550074,61.146019],[25.498855,61.114816],[25.574507,61.060065],[25.592463,61.087735],[25.607475,61.083025],[25.622194,61.053883],[25.608653,61.026507],[25.63073,61.010317],[25.623665,60.99295],[25.591874,60.991772],[25.512396,61.026507],[25.546542,61.060065],[25.467064,61.099804],[25.440277,61.091267],[25.464709,61.060065],[25.444103,61.040048],[25.423203,61.043286],[25.405542,61.066246],[25.327241,61.058593],[25.30693,61.067718],[25.317821,61.083025],[25.402598,61.101276],[25.376105,61.101276],[25.394944,61.139837],[25.435272,61.160443],[25.532412,61.169862],[25.492085,61.193412],[25.515928,61.262587],[25.482959,61.273773],[25.485314,61.287314],[25.457644,61.289669],[25.430563,61.279955],[25.453523,61.258466],[25.448519,61.240804],[25.395239,61.239038],[25.381698,61.259349],[25.384642,61.284076],[25.409368,61.32823],[25.385525,61.33765],[25.30693,61.307331],[25.321059,61.338533],[25.261303,61.350602],[25.238637,61.369147],[25.279848,61.375623],[25.231867,61.389164],[25.307518,61.399172],[25.149445,61.458045],[25.217737,61.464815],[25.224508,61.477179],[25.177409,61.485421],[25.211556,61.505732],[25.143263,61.539878],[25.25365,61.54135],[25.279848,61.561072],[25.259243,61.582267],[25.286618,61.588448],[25.3555,61.561072],[25.391412,61.561956],[25.416139,61.589037],[25.368452,61.595219],[25.426736,61.608759],[25.464709,61.642317],[25.423498,61.677052],[25.348141,61.677052],[25.376105,61.683234],[25.344903,61.702662],[25.361681,61.725622],[25.28338,61.738574],[25.250706,61.719146],[25.238637,61.725622],[25.251883,61.752115],[25.17005,61.807455],[25.245702,61.807455],[25.273078,61.793031],[25.273078,61.766539],[25.351673,61.763006],[25.402598,61.776547],[25.465003,61.870743],[25.435272,61.883695],[25.211556,61.862207],[25.277199,61.889288],[25.382581,61.904007],[25.293389,61.937858],[25.40613,61.930499],[25.485314,61.903124],[25.489141,61.919019],[25.532412,61.937858],[25.491496,61.94404],[25.509452,61.973477],[25.559788,61.96965],[25.574507,61.984957],[25.512396,62.012921],[25.680478,62.000264],[25.73052,62.02293],[25.724338,62.041475],[25.660461,62.049717],[25.63073,62.066201],[25.622194,62.081214],[25.632202,62.086807],[25.676945,62.090633],[25.629553,62.113005],[25.60512,62.116538],[25.577745,62.094755],[25.490024,62.098287],[25.455878,62.112416],[25.45735,62.143325],[25.436155,62.153333],[25.446753,62.168051],[25.467652,62.172172],[25.478249,62.150095],[25.526231,62.163636],[25.532412,62.122719],[25.703438,62.130961],[25.732286,62.157454],[25.683716,62.200431],[25.754363,62.203375],[25.766432,62.218388],[25.724927,62.239582],[25.826777,62.241054],[25.874169,62.254594],[25.917146,62.28668],[25.852975,62.30964],[25.842084,62.317883],[25.854152,62.332012],[25.938341,62.321415],[25.909787,62.359094],[25.924211,62.369691],[25.922151,62.392945],[25.943934,62.410607],[25.902723,62.446814],[25.848854,62.451818],[25.875641,62.423559],[25.850914,62.417378],[25.786743,62.444754],[25.863278,62.472129],[25.855036,62.478311],[25.863278,62.485965],[25.746121,62.54837],[25.697551,62.554257],[25.711092,62.534829],[25.704321,62.513046],[25.678123,62.541599],[25.697551,62.574568],[25.611891,62.595762],[25.584221,62.587814],[25.580688,62.599295],[25.608653,62.615485],[25.58893,62.62932],[25.618367,62.6408],[25.711386,62.62932],[25.799401,62.652869],[25.814119,62.670825],[25.772614,62.741767],[25.793808,62.753247],[25.833841,62.702616],[25.868871,62.698201],[25.855036,62.712331],[25.908315,62.702322],[25.928627,62.738235],[25.924211,62.770909],[25.849737,62.778857],[25.803816,62.767082],[25.794102,62.780034],[25.812058,62.801228],[25.855036,62.794458],[25.842084,62.841556],[25.887416,62.840085],[25.917146,62.863339],[25.827954,62.891598],[25.807349,62.911026],[25.896541,62.88365],[25.889771,62.896897],[25.992209,62.896897],[25.855036,62.973137],[25.880645,62.986089],[25.865044,63.00169],[25.788509,63.024651],[25.718745,63.06439],[25.684304,63.067922],[25.69078,63.047906],[25.64692,63.051732],[25.54036,63.102363],[25.564204,63.064684],[25.532412,63.033187],[25.51946,62.987855],[25.54036,62.965778],[25.488258,62.945173],[25.464709,62.973137],[25.35756,62.990505],[25.327535,63.006695],[25.351673,63.040841],[25.484726,63.014054],[25.504448,63.022002],[25.492085,63.059091],[25.416139,63.123263],[25.45735,63.123263],[25.430563,63.14328],[25.459116,63.150933],[25.484726,63.122085],[25.532412,63.123263],[25.537711,63.18243],[25.526231,63.191555],[25.574507,63.184785],[25.618072,63.253961],[25.636029,63.212161],[25.601294,63.184785],[25.647509,63.146518],[25.828837,63.071749],[25.863278,63.075576],[25.780561,63.123263],[25.814119,63.14328],[25.938341,63.109722],[25.922739,63.080286],[25.945405,63.058503],[26.149988,62.973137],[26.089055,62.96931],[25.988088,63.014054],[25.974253,63.008461],[25.995742,62.966661],[26.076397,62.940168],[26.142335,62.896897],[26.159997,62.871876],[26.245362,62.856275],[26.412267,62.732053],[26.415799,62.718512],[26.396371,62.712331],[26.35987,62.736174],[26.309534,62.699378],[26.229467,62.780329],[26.044606,62.862751],[26.045784,62.840379],[26.094648,62.799757],[26.033126,62.814769],[25.988971,62.756485],[26.012815,62.737351],[26.039896,62.678184],[25.958063,62.725577],[25.960124,62.703794],[26.035186,62.653752],[26.108189,62.623138],[26.052848,62.618134],[26.002806,62.647276],[25.88771,62.666998],[25.791453,62.63609],[25.79057,62.611364],[25.844733,62.568681],[25.809409,62.558378],[25.780561,62.582222],[25.751419,62.590758],[25.742,62.579867],[25.750831,62.562794],[25.801167,62.547781],[25.981612,62.414728],[26.006927,62.41149],[25.996625,62.446225],[26.046961,62.478311],[26.028122,62.495384],[26.033126,62.520111],[26.060796,62.52953],[26.053731,62.505687],[26.069627,62.505098],[26.086406,62.548958],[26.109366,62.531297],[26.142335,62.472129],[26.039896,62.459177],[26.055792,62.448875],[26.053731,62.423854],[26.111132,62.392062],[26.211216,62.376755],[26.184135,62.390296],[26.207095,62.429741],[26.177364,62.46477],[26.186784,62.471835],[26.163529,62.499505],[26.180897,62.505687],[26.149988,62.547192],[26.190905,62.541011],[26.180602,62.571624],[26.191199,62.578689],[26.240358,62.559556],[26.243596,62.576629],[26.217987,62.595762],[26.277742,62.580455],[26.35781,62.614013],[26.375766,62.623138],[26.337793,62.638445],[26.363991,62.657579],[26.417565,62.650808],[26.410795,62.636679],[26.435816,62.626671],[26.497632,62.624904],[26.541198,62.606948],[26.554445,62.616368],[26.557388,62.636679],[26.460837,62.727343],[26.377826,62.777385],[26.396371,62.801228],[26.341619,62.835375],[26.314244,62.891304],[26.383419,62.863339],[26.377238,62.842734],[26.467313,62.796519],[26.480265,62.780623],[26.472023,62.767082],[26.520887,62.736468],[26.537077,62.7035],[26.561509,62.68937],[26.709869,62.621961],[26.768742,62.616662],[26.793763,62.609303],[26.780516,62.602533],[26.791997,62.598117],[26.816429,62.604299],[26.821433,62.615485],[26.793763,62.647276],[26.80436,62.663466],[26.876773,62.692019],[26.729591,62.741767],[26.692502,62.782095],[26.663948,62.794458],[26.700449,62.8027],[26.698978,62.818596],[26.621265,62.836258],[26.607725,62.873642],[26.451417,62.958713],[26.530013,62.941935],[26.623915,62.897486],[26.659533,62.849504],[26.777867,62.787393],[26.776101,62.806527],[26.753141,62.814769],[26.745781,62.88365],[26.703982,62.907494],[26.708397,62.925156],[26.732829,62.938402],[26.670719,62.986089],[26.787875,62.926922],[26.842038,62.917797],[26.796118,62.957536],[26.703687,62.995803],[26.69103,63.014054],[26.739011,63.014054],[26.835857,62.972254],[26.896496,62.986089],[26.937707,63.033187],[26.997168,63.034954],[27.054275,63.020235],[27.044855,63.003457],[27.028371,63.002279],[26.958901,63.020235],[26.955074,63.005517],[26.993342,62.993448],[26.965966,62.986089],[27.06134,62.924861],[27.02631,62.921329],[26.951248,62.968722],[26.911508,62.979319],[26.92446,62.958713],[26.906799,62.952237],[26.920339,62.936342],[26.973031,62.911026],[26.936529,62.901901],[26.897085,62.931632],[26.877068,62.928099],[26.857345,62.900135],[26.876773,62.889832],[26.86912,62.88365],[26.965966,62.841556],[26.92446,62.87688],[27.11197,62.85127],[27.136108,62.841556],[27.129927,62.835375],[27.184678,62.822128],[27.133165,62.814769],[27.020423,62.854508],[26.993342,62.855686],[27.025722,62.839201],[27.013358,62.801228],[27.027194,62.793575],[26.993342,62.773853],[26.814663,62.835375],[26.821727,62.819479],[26.86912,62.794458],[26.897085,62.739118],[27.054275,62.664055],[27.022189,62.661406],[26.953308,62.684366],[26.92446,62.678184],[26.965966,62.650808],[26.951836,62.62932],[27.005999,62.618723],[27.054275,62.588403],[27.022778,62.585165],[26.867354,62.653458],[26.835268,62.654046],[26.851753,62.620783],[26.889725,62.602533],[26.823199,62.584576],[26.795529,62.563088],[26.793763,62.526292],[26.876773,62.520111],[26.835268,62.496267],[26.856757,62.477134],[26.915924,62.515107],[26.911508,62.499505],[26.937707,62.492735],[26.911508,62.478311],[26.942711,62.464182],[26.955369,62.441221],[26.923872,62.434156],[26.877951,62.458294],[26.81378,62.464476],[26.802005,62.485081],[26.807892,62.499505],[26.771685,62.493618],[26.711046,62.451524],[26.683671,62.451818],[26.756967,62.543954],[26.739011,62.561027],[26.766976,62.574568],[26.679255,62.612835],[26.635689,62.582222],[26.698094,62.554257],[26.666303,62.520994],[26.629213,62.513046],[26.656883,62.478311],[26.601837,62.46477],[26.597716,62.453584],[26.623032,62.431213],[26.567691,62.417672],[26.563864,62.38176],[26.451417,62.403837],[26.452006,62.391179],[26.417565,62.362332],[26.417565,62.334956],[26.458482,62.314645],[26.452595,62.301104],[26.433461,62.304931],[26.354277,62.346142],[26.375766,62.386764],[26.431106,62.403837],[26.383419,62.437394],[26.437877,62.444754],[26.513822,62.407958],[26.526775,62.417672],[26.463781,62.454762],[26.479382,62.472129],[26.516472,62.451524],[26.533545,62.459177],[26.528541,62.468303],[26.586825,62.484198],[26.601837,62.505687],[26.593301,62.537184],[26.557388,62.561027],[26.465841,62.568386],[26.383419,62.598117],[26.332494,62.597234],[26.273327,62.534829],[26.249189,62.52747],[26.214749,62.537478],[26.21416,62.521877],[26.252427,62.478311],[26.232705,62.430918],[26.298937,62.40943],[26.321014,62.376755],[26.305118,62.361743],[26.307768,62.30758],[26.171477,62.36763],[26.058736,62.395595],[26.039896,62.390296],[26.142335,62.334956],[26.172066,62.287563],[26.20474,62.284914],[26.177364,62.266663],[26.094648,62.273139],[26.11908,62.288446],[26.060502,62.30758],[26.083168,62.310523],[26.06845,62.341432],[26.037541,62.371751],[25.983378,62.377933],[25.97808,62.396478],[25.943934,62.355561],[25.964245,62.327891],[25.958063,62.314645],[26.053731,62.259893],[25.943934,62.273139],[25.955708,62.208379],[25.928038,62.150684],[26.00575,62.094755],[25.888887,62.14303],[25.906844,62.214855],[25.890359,62.225158],[25.848854,62.204552],[25.853858,62.184241],[25.817651,62.156865],[25.780561,62.053838],[25.905372,62.023813],[25.930098,61.995848],[25.922151,61.982602],[25.84856,62.013216],[25.802933,62.017042],[25.786743,62.00674],[25.801167,61.982307],[25.75348,61.987606],[25.794397,61.958464],[25.747887,61.938447],[25.727576,61.945806],[25.732286,61.96494],[25.708148,61.981424],[25.685776,61.958464],[25.656634,61.984957],[25.614834,61.974948],[25.676945,61.916664],[25.614834,61.924023],[25.622782,61.899591],[25.67253,61.888994],[25.715801,61.904007],[25.745238,61.889288],[25.670764,61.85838],[25.601294,61.862207],[25.600705,61.820113],[25.567147,61.780079],[25.596584,61.748877],[25.617484,61.749465],[25.676062,61.784789],[25.687837,61.797152],[25.684304,61.814814],[25.745238,61.828061],[25.718451,61.807455],[25.724338,61.790971],[25.711092,61.780079],[25.727282,61.750349],[25.724927,61.725622],[25.649569,61.697657],[25.622194,61.67087],[25.66311,61.67087],[25.655457,61.635252],[25.786743,61.574613],[25.593346,61.619357],[25.546542,61.595219],[25.568619,61.584916],[25.636029,61.589037],[25.625137,61.574613],[25.567147,61.561072],[25.595112,61.513385],[25.532412,61.498962],[25.633085,61.466582],[25.66311,61.472174],[25.643388,61.485421],[25.696962,61.489836],[25.697256,61.456279],[25.724927,61.44421],[25.705793,61.436851],[25.623665,61.455396],[25.614834,61.44421],[25.498855,61.451275],[25.510335,61.435379],[25.505625,61.416245],[25.595112,61.395934],[25.532412,61.361788],[25.560671,61.355018],[25.526231,61.293495],[25.570091,61.329408],[25.595112,61.320871],[25.567147,61.300855],[25.58893,61.279955],[25.631908,61.300855],[25.795868,61.256406],[25.855036,61.259349],[25.834724,61.265531],[25.851209,61.284076],[25.875347,61.280543],[25.944228,61.253756],[26.00575,61.252579],[26.022823,61.234328],[25.998391,61.218433],[26.088761,61.176338],[26.149988,61.211073],[26.083756,61.244042],[26.087878,61.265531],[26.201502,61.342066],[26.245362,61.350308],[26.304824,61.414185]]]},"properties":{"name":"Päijänne","nameZh":"派延奈湖","rank":3}},{"type":"Feature","geometry":{"type":"Polygon","coordinates":[[[29.001199,-8.531736],[29.143377,-8.64124],[29.14691,-8.67568],[29.007675,-8.988295],[28.91966,-9.036865],[28.890813,-9.097504],[28.830174,-9.15255],[28.816044,-9.194644],[28.774245,-9.227907],[28.718315,-9.303559],[28.712428,-9.332701],[28.727146,-9.364492],[28.714194,-9.413651],[28.732739,-9.419538],[28.720376,-9.445442],[28.665036,-9.399227],[28.647374,-9.405998],[28.625002,-9.390985],[28.521091,-9.426309],[28.524329,-9.391868],[28.500486,-9.378033],[28.500486,-9.364492],[28.483118,-9.38657],[28.48253,-9.444559],[28.458981,-9.46752],[28.526096,-9.481355],[28.527862,-9.509025],[28.503724,-9.503432],[28.424834,-9.529336],[28.357425,-9.514618],[28.330049,-9.528453],[28.315037,-9.521977],[28.352126,-9.457806],[28.340058,-9.39805],[28.315037,-9.361254],[28.329166,-9.337705],[28.318863,-9.316805],[28.326222,-9.285014],[28.315037,-9.275594],[28.345062,-9.207302],[28.320924,-9.148723],[28.329166,-9.103686],[28.423068,-9.012433],[28.46634,-8.988295],[28.541403,-8.878497],[28.757172,-8.655369],[28.86903,-8.494941],[28.909063,-8.483166],[28.9385,-8.508187],[29.001199,-8.531736]]]},"properties":{"name":"Lac Moeru","nameZh":"姆韦鲁湖","rank":3}},{"type":"Feature","geometry":{"type":"Polygon","coordinates":[[[132.820483,45.148212],[132.838145,45.066967],[132.742477,44.924495],[132.648575,44.854731],[132.627086,44.795564],[132.640921,44.751703],[132.631207,44.710492],[132.60442,44.683411],[132.491384,44.626304],[132.418382,44.603933],[132.394244,44.552419],[132.370695,44.532108],[132.353622,44.527987],[132.242647,44.567137],[132.232344,44.585093],[132.247356,44.609525],[132.216448,44.638079],[132.284446,44.634252],[132.232049,44.663688],[132.107533,44.693714],[132.065439,44.72992],[132.037475,44.816758],[132.120191,44.867683],[132.1093,44.905656],[132.114304,44.991316],[132.086045,45.024579],[132.012454,45.045479],[132.003329,45.069322],[132.041302,45.112888],[132.003329,45.161753],[132.000091,45.202964],[131.983017,45.2115],[132.013926,45.251828],[132.109005,45.308935],[132.195843,45.333956],[132.420148,45.337194],[132.57204,45.307757],[132.754251,45.232106],[132.7987,45.189717],[132.820483,45.148212]]]},"properties":{"name":"Lake Khanka","nameZh":"兴凯湖","rank":3}},{"type":"Feature","geometry":{"type":"Polygon","coordinates":[[[104.60421,12.433171],[104.6204,12.379008],[104.595968,12.418453],[104.534151,12.457604],[104.496178,12.510884],[104.441721,12.522952],[104.407575,12.509412],[104.288063,12.562692],[104.212411,12.580648],[104.148534,12.66307],[104.151184,12.692801],[104.133227,12.693684],[104.139998,12.741959],[104.117037,12.760504],[104.127046,12.7973],[104.11115,12.789352],[104.092311,12.824676],[104.07877,12.80407],[104.02343,12.78317],[104.009889,12.810841],[103.98634,12.801715],[103.955726,12.844987],[103.940713,12.834095],[103.923934,12.844104],[103.900385,12.878544],[103.889199,12.873246],[103.859469,12.906509],[103.852698,12.865004],[103.841218,12.877073],[103.845928,12.913279],[103.810016,12.919167],[103.777341,12.999528],[103.749671,13.009536],[103.777635,13.036912],[103.727005,13.078418],[103.714347,13.109915],[103.688738,13.228543],[103.704633,13.260923],[103.719646,13.268282],[103.782345,13.245616],[103.825911,13.249149],[103.839746,13.228543],[103.902446,13.224717],[104.011361,13.179679],[104.073766,13.108737],[104.127046,12.961849],[104.169434,12.902388],[104.239493,12.745492],[104.27776,12.735778],[104.391385,12.756678],[104.424353,12.751968],[104.45585,12.729007],[104.472335,12.703398],[104.476456,12.663364],[104.44908,12.605374],[104.490291,12.560631],[104.468802,12.550034],[104.441721,12.557099],[104.44702,12.541497],[104.462621,12.529723],[104.492057,12.543558],[104.500299,12.529134],[104.525026,12.564458],[104.521199,12.526779],[104.579189,12.499698],[104.593907,12.46614],[104.525026,12.495577],[104.533563,12.480858],[104.566826,12.447007],[104.60421,12.433171]]]},"properties":{"name":"Tonlé Sap","nameZh":"洞里萨湖","rank":3}},{"type":"Feature","geometry":{"type":"Polygon","coordinates":[[[27.506713,58.237113],[27.592373,58.22681],[27.602087,58.192075],[27.582659,58.168526],[27.603558,58.165877],[27.60974,58.134968],[27.712768,58.173236],[27.765753,58.172058],[27.815206,58.189426],[27.828453,58.168526],[27.849941,58.164405],[27.94561,58.175885],[27.979756,58.14115],[28.04481,58.113185],[28.065416,58.069031],[28.151076,58.014573],[28.154314,57.991319],[28.140184,57.973068],[28.1655,57.938039],[28.162262,57.895945],[28.126644,57.859149],[27.960622,57.855028],[27.940311,57.861798],[27.920294,57.903304],[27.841993,57.92126],[27.89704,57.935684],[27.890269,57.955701],[27.814912,57.974246],[27.78783,57.990141],[27.773701,58.017517],[27.710707,58.039006],[27.673912,58.040477],[27.657427,58.028114],[27.615922,57.963648],[27.594139,58.00898],[27.589723,58.089342],[27.558226,58.09729],[27.469034,58.210031],[27.466974,58.220923],[27.506713,58.237113]]]},"properties":{"name":"Lake Pskov","nameZh":"普斯科夫湖","rank":3}},{"type":"Feature","geometry":{"type":"Polygon","coordinates":[[[71.392283,67.987041],[71.238625,67.981154],[71.109988,68.016183],[71.083495,68.014123],[71.090265,68.002643],[71.071426,67.987041],[71.006666,67.992634],[70.962511,68.015595],[70.911586,68.077411],[70.93543,68.09625],[71.066127,68.107142],[71.235976,68.060927],[71.322813,68.060338],[71.39817,68.009413],[71.392283,67.987041]]]},"properties":{"name":"Ozero Yarroto Vtoroye","nameZh":"亚罗托夫托罗耶湖","rank":3}},{"type":"Feature","geometry":{"type":"Polygon","coordinates":[[[30.439462,65.090204],[30.346738,65.147016],[30.330253,65.172332],[30.336729,65.19176],[30.354391,65.199119],[30.358218,65.178513],[30.501573,65.095208],[30.682902,65.062239],[30.716459,65.075486],[30.686434,65.096386],[30.70233,65.103745],[31.008174,65.104039],[30.980798,65.123761],[31.083826,65.110221],[31.084709,65.127294],[31.029074,65.159085],[30.775921,65.159085],[30.830378,65.200002],[30.923986,65.205595],[30.989629,65.188227],[31.101782,65.182929],[31.248375,65.192643],[31.367298,65.161146],[31.460317,65.171743],[31.503,65.147311],[31.590721,65.136419],[31.631932,65.116991],[31.612504,65.082845],[31.576591,65.069304],[31.706994,65.021323],[31.652243,65.014552],[31.767045,64.991298],[31.923646,64.923005],[32.002536,64.904755],[31.954555,64.898573],[31.965446,64.87208],[31.872133,64.912114],[31.659307,64.93949],[31.663134,64.948909],[31.511831,65.014847],[31.499173,65.040751],[31.528904,65.062239],[31.484161,65.100801],[31.430292,65.120523],[31.399384,65.095797],[31.317256,65.137302],[31.261916,65.104039],[31.141521,65.120818],[31.145936,65.100801],[31.220999,65.062239],[31.200099,65.057235],[31.090007,65.096974],[31.006702,65.094619],[30.974028,65.082845],[30.987568,65.069304],[30.852455,65.081373],[30.810067,65.062239],[30.858048,65.027504],[30.837443,65.027504],[30.858048,65.001012],[30.802708,64.980406],[30.816249,64.966865],[30.743541,64.933897],[30.576636,64.93949],[30.507755,64.918295],[30.568983,64.949792],[30.576636,64.980406],[30.747956,64.980406],[30.711161,64.987176],[30.710572,65.009843],[30.727645,65.014552],[30.713221,65.023972],[30.432692,65.082845],[30.439462,65.090204]]]},"properties":{"name":"Lake Srednye Kuyto","nameZh":"斯雷德尼库托湖","rank":3}},{"type":"Feature","geometry":{"type":"Polygon","coordinates":[[[76.746472,54.804238],[76.715564,54.817779],[76.787094,54.85428],[76.810349,54.889015],[76.912788,54.894902],[77.052022,54.934642],[77.140037,54.934347],[77.178599,54.918746],[77.16182,54.907266],[77.107657,54.915508],[77.26367,54.797468],[77.269557,54.816013],[77.302232,54.835146],[77.297816,54.844566],[77.346092,54.913447],[77.28457,54.907266],[77.291634,54.954364],[77.313712,54.972615],[77.393779,55.02089],[77.61985,55.067105],[77.647815,55.05798],[77.631331,55.057686],[77.62721,55.043851],[77.703155,55.064162],[77.689615,55.050621],[77.709926,55.043851],[77.68255,55.03031],[77.755847,55.023834],[77.819135,54.995575],[77.836208,55.00941],[77.894492,55.009704],[77.941296,55.030899],[78.012238,55.017652],[78.06905,54.977913],[78.072288,54.948182],[78.05286,54.915214],[78.021657,54.901378],[77.890371,54.894314],[77.786755,54.853103],[77.765266,54.851925],[77.791759,54.879301],[77.744072,54.878712],[77.687849,54.809242],[77.553913,54.760672],[77.543316,54.748309],[77.585115,54.74772],[77.655174,54.790109],[77.647815,54.748898],[77.703155,54.728587],[77.730237,54.742127],[77.738185,54.684432],[77.712869,54.657056],[77.755258,54.666181],[77.765266,54.659705],[77.750842,54.646459],[77.798529,54.646459],[77.753197,54.626442],[77.661356,54.632918],[77.60366,54.598183],[77.545376,54.605542],[77.556562,54.623204],[77.531247,54.626148],[77.593358,54.646459],[77.576579,54.668536],[77.503871,54.659705],[77.414679,54.684138],[77.407614,54.707981],[77.340499,54.68767],[77.332551,54.701211],[77.309885,54.6809],[77.28457,54.701211],[77.320482,54.715635],[77.428808,54.721816],[77.401727,54.730647],[77.205386,54.72005],[77.209801,54.735357],[77.127379,54.730647],[77.088523,54.715635],[77.038776,54.748898],[77.01611,54.748309],[76.945462,54.708276],[76.866278,54.693852],[76.866278,54.714752],[76.847439,54.717106],[76.769432,54.687376],[76.722334,54.714752],[76.722334,54.748898],[76.748827,54.739478],[76.75648,54.711514],[76.804167,54.721816],[76.764134,54.758023],[76.746472,54.804238]]]},"properties":{"name":"Lake Chany","nameZh":"钱尼湖","rank":4}},{"type":"Feature","geometry":{"type":"Polygon","coordinates":[[[117.312498,48.619942],[117.266872,48.58874],[117.069353,48.543702],[117.051103,48.568134],[117.107621,48.574905],[117.119984,48.58874],[117.114391,48.607285],[117.133525,48.615821],[117.126166,48.629656],[117.153541,48.629068],[117.170615,48.657032],[117.078479,48.677932],[117.106738,48.70884],[117.109092,48.731801],[117.071414,48.76006],[117.036679,48.767419],[117.030497,48.788024],[116.97604,48.800976],[116.995174,48.812162],[116.977512,48.855728],[117.002533,48.876628],[117.005182,48.895467],[117.057873,48.896645],[117.126166,48.923726],[117.11233,48.937561],[117.126166,48.951691],[117.308966,49.038234],[117.339285,49.096223],[117.570361,49.325533],[117.63571,49.332598],[117.701059,49.377636],[117.702531,49.331126],[117.722547,49.314936],[117.681631,49.280201],[117.666912,49.221917],[117.70047,49.205433],[117.729612,49.157157],[117.739032,49.183944],[117.787896,49.172464],[117.798493,49.154213],[117.79084,49.11418],[117.879149,49.10005],[118.010435,49.130075],[118.048114,49.126543],[118.053413,49.067964],[118.026037,49.035879],[117.983354,49.023516],[117.904464,49.033818],[117.836761,49.024987],[117.826163,49.041177],[117.842942,49.045593],[117.844708,49.060017],[117.769646,49.091514],[117.709007,49.027637],[117.727551,49.026754],[117.743741,48.972296],[117.667207,48.972296],[117.599503,48.893995],[117.509428,48.819816],[117.304256,48.725913],[117.346939,48.715611],[117.312498,48.619942]]]},"properties":{"name":"Hulun Nuur","nameZh":"呼倫湖","rank":4}},{"type":"Feature","geometry":{"type":"Polygon","coordinates":[[[30.036772,-10.976136],[30.042365,-10.999391],[30.014989,-11.037069],[29.988202,-11.123023],[29.966714,-11.139508],[29.976722,-11.071215],[29.934922,-11.089466],[29.898127,-11.125967],[29.950229,-11.231055],[29.947874,-11.276387],[29.901659,-11.314066],[29.879582,-11.361458],[29.85044,-11.37235],[29.823653,-11.419448],[29.812761,-11.426807],[29.7533,-11.405319],[29.707085,-11.434461],[29.67912,-11.434461],[29.565495,-11.384124],[29.547539,-11.34203],[29.548717,-11.310828],[29.598759,-11.190727],[29.66499,-11.10595],[29.699431,-11.043251],[29.626134,-11.127733],[29.558725,-11.254899],[29.502796,-11.24283],[29.479835,-11.181013],[29.501913,-11.163351],[29.521635,-11.173654],[29.513982,-11.235765],[29.552249,-11.168061],[29.592283,-11.150399],[29.666168,-11.023528],[29.709734,-10.982023],[29.720331,-10.961418],[29.705318,-10.950232],[29.721508,-10.930804],[29.740348,-10.923445],[29.741231,-10.947877],[29.761836,-10.919912],[29.733872,-10.995564],[29.777732,-10.916674],[29.795688,-10.906077],[29.713266,-11.050904],[29.761836,-10.995564],[29.783914,-10.936691],[29.836899,-10.875463],[29.880759,-10.871931],[29.925503,-10.844849],[29.938749,-10.873108],[30.021171,-10.947877],[30.00763,-10.961418],[30.014989,-10.981729],[30.036772,-10.976136]]]},"properties":{"name":"Lake Bangweulu","nameZh":"班韋烏盧湖","rank":4}},{"type":"Feature","geometry":{"type":"Polygon","coordinates":[[[27.163778,68.896332],[27.013358,68.89957],[27.249733,68.959032],[27.471389,68.993472],[27.493172,69.003186],[27.479926,69.016727],[27.582659,69.044103],[27.548512,69.06147],[27.56117,69.082076],[27.647419,69.084431],[27.905576,69.192462],[27.966215,69.180688],[27.925004,69.160082],[27.976518,69.150074],[28.022144,69.167441],[28.021261,69.139771],[28.096324,69.14713],[28.287661,69.200999],[28.266761,69.210124],[28.267055,69.228964],[28.242623,69.215128],[28.193759,69.212774],[28.147838,69.186281],[28.071303,69.173034],[28.062178,69.178333],[28.069243,69.194817],[28.036274,69.197761],[28.013902,69.215423],[28.041867,69.228964],[27.979756,69.222193],[28.007132,69.242799],[27.979756,69.266642],[27.997123,69.283421],[28.151664,69.31845],[28.103389,69.276945],[28.114575,69.267231],[28.100445,69.213362],[28.154608,69.235145],[28.249982,69.245448],[28.299435,69.262227],[28.329166,69.290486],[28.315037,69.297845],[28.329166,69.311091],[28.302968,69.308736],[28.24645,69.276945],[28.259107,69.312269],[28.207299,69.295784],[28.157257,69.256339],[28.171387,69.291663],[28.240562,69.316095],[28.32269,69.326398],[28.376853,69.31845],[28.369494,69.311091],[28.459275,69.334052],[28.538459,69.372908],[28.596743,69.372908],[28.348888,69.26988],[28.369494,69.272235],[28.610284,69.339056],[28.646196,69.366137],[28.648257,69.378795],[28.623236,69.386154],[28.76247,69.435018],[28.827819,69.43649],[28.787785,69.407643],[28.714489,69.38792],[28.699182,69.372908],[28.70713,69.357895],[28.677399,69.338467],[28.403935,69.247803],[28.404523,69.22131],[28.421302,69.220427],[28.6512,69.242799],[28.541403,69.180688],[28.425717,69.165675],[28.397459,69.09856],[28.43131,69.100915],[28.478997,69.125642],[28.499897,69.121521],[28.48459,69.098266],[28.445146,69.078249],[28.46634,69.044103],[28.267644,69.096205],[28.240857,69.060882],[28.253514,69.037333],[28.227022,69.031151],[28.1237,69.050285],[28.082195,68.998771],[28.076013,68.981992],[28.135474,68.960209],[28.228494,68.937249],[28.320335,68.933716],[28.329166,68.921059],[28.260874,68.885735],[28.293842,68.87867],[28.411294,68.89957],[28.394515,68.884852],[28.315037,68.866013],[28.383918,68.858359],[28.260874,68.845407],[28.273826,68.858359],[28.129882,68.858359],[27.883204,68.893977],[27.874668,68.882203],[27.917645,68.872783],[27.873196,68.848939],[27.872019,68.836282],[27.889092,68.828334],[27.956501,68.8092],[28.023027,68.807434],[28.055407,68.817443],[28.007132,68.845407],[28.031858,68.851],[28.109865,68.817443],[27.835223,68.735609],[27.81138,68.715004],[27.746325,68.722069],[27.911463,68.790361],[27.824037,68.825979],[27.774878,68.825096],[27.72572,68.807434],[27.697461,68.780353],[27.695694,68.730016],[27.629757,68.701463],[27.678033,68.735609],[27.633289,68.753565],[27.472566,68.74238],[27.479926,68.762985],[27.423996,68.775348],[27.404274,68.770344],[27.431061,68.748561],[27.329505,68.750033],[27.300658,68.735609],[27.328917,68.714415],[27.297714,68.707645],[27.204989,68.729428],[27.273576,68.745912],[27.331272,68.779764],[27.423113,68.790361],[27.522903,68.780058],[27.568824,68.797131],[27.472566,68.845407],[27.486402,68.858359],[27.468151,68.863069],[27.426057,68.851883],[27.418109,68.838637],[27.486402,68.811261],[27.428706,68.820681],[27.376604,68.845407],[27.390144,68.866013],[27.355704,68.881614],[27.350111,68.904574],[27.286234,68.910462],[27.236486,68.894272],[27.286823,68.866013],[27.163778,68.896332]]]},"properties":{"name":"Inarijrvi","nameZh":"伊纳里湖","rank":4}},{"type":"Feature","geometry":{"type":"Polygon","coordinates":[[[27.466974,58.220923],[27.462264,58.257718],[27.410456,58.291864],[27.411044,58.377524],[27.326856,58.404017],[27.26033,58.408433],[27.237075,58.424034],[27.229716,58.52088],[27.197336,58.609483],[27.161129,58.663058],[27.074586,58.744302],[26.955369,58.795816],[26.946538,58.819659],[26.964788,58.876177],[27.044561,58.944175],[27.287117,59.001576],[27.537032,59.016295],[27.733962,58.993628],[27.718949,58.950357],[27.727191,58.915033],[27.794012,58.862636],[27.801371,58.819954],[27.780471,58.785219],[27.761926,58.667473],[27.829925,58.572982],[27.833163,58.472015],[27.78577,58.422562],[27.78783,58.469955],[27.70953,58.419913],[27.660665,58.363984],[27.629757,58.356919],[27.656544,58.320712],[27.651245,58.308643],[27.543214,58.322478],[27.523197,58.258601],[27.506713,58.237113],[27.466974,58.220923]],[[27.469623,58.387827],[27.49641,58.371931],[27.527907,58.373698],[27.491111,58.39342],[27.469623,58.387827]]]},"properties":{"name":"Lake Peipus","nameZh":"楚德湖","rank":4}},{"type":"Feature","geometry":{"type":"Polygon","coordinates":[[[29.349726,-2.038947],[29.31558,-2.059552],[29.31558,-2.101057],[29.288204,-2.073093],[29.274664,-2.12755],[29.263183,-2.118425],[29.268188,-2.079863],[29.254353,-2.087222],[29.247877,-2.131671],[29.274664,-2.16935],[29.252292,-2.148156],[29.224327,-2.149627],[29.206077,-2.168172],[29.21373,-2.197314],[29.183116,-2.205851],[29.185766,-2.245001],[29.199895,-2.237642],[29.196363,-2.252066],[29.15839,-2.245001],[29.116884,-2.32654],[29.124244,-2.285918],[29.096279,-2.320947],[29.082738,-2.313294],[29.057717,-2.385119],[29.041822,-2.395421],[29.062133,-2.354799],[29.04712,-2.292394],[29.027986,-2.285918],[28.99649,-2.353622],[28.904648,-2.408962],[28.874034,-2.477549],[28.842537,-2.470484],[28.841654,-2.373344],[28.959694,-2.31035],[28.972352,-2.264135],[28.97294,-2.245001],[28.884042,-2.32654],[28.925842,-2.252655],[28.912007,-2.224102],[28.890813,-2.252066],[28.876683,-2.245001],[28.863437,-2.258837],[28.870502,-2.224102],[28.858138,-2.207028],[28.876683,-2.182891],[28.863437,-2.16935],[28.889047,-2.16464],[28.897878,-2.149922],[28.888164,-2.138147],[28.856667,-2.141974],[28.967053,-2.05337],[28.942327,-1.9839],[28.919955,-1.983312],[28.904942,-2.014809],[28.916717,-2.02364],[28.890813,-2.05337],[28.884042,-2.011571],[28.912007,-1.963295],[28.928197,-1.96771],[28.946448,-1.943867],[28.99384,-1.83348],[29.02416,-1.802867],[29.014446,-1.751647],[29.031519,-1.754296],[29.047709,-1.739578],[29.092747,-1.670991],[29.097456,-1.649503],[29.082738,-1.614473],[29.014446,-1.690125],[29.027986,-1.629486],[29.059189,-1.586509],[29.254647,-1.696601],[29.247877,-1.720739],[29.272014,-1.74105],[29.261417,-1.779023],[29.277019,-1.79904],[29.288204,-1.867627],[29.275841,-1.887349],[29.311754,-1.925616],[29.331476,-1.971243],[29.349726,-1.970065],[29.361207,-2.05131],[29.349726,-2.038947]],[[29.099517,-1.955641],[29.116884,-1.943278],[29.115118,-1.927971],[29.096868,-1.918552],[29.090097,-1.929149],[29.075968,-1.915608],[29.044177,-1.971537],[29.041822,-1.99803],[29.057423,-1.99126],[29.061838,-2.000385],[29.055951,-2.032176],[29.014446,-2.148744],[28.9803,-2.203496],[29.007675,-2.197314],[29.014446,-2.224102],[29.027986,-2.217331],[29.014446,-2.258837],[29.036229,-2.262075],[29.093924,-2.220275],[29.089509,-2.17406],[29.109525,-2.134026],[29.075968,-2.066911],[29.113646,-2.035709],[29.099517,-1.955641]]]},"properties":{"name":"Lake Kivu","nameZh":"基伍湖","rank":4}},{"type":"Feature","geometry":{"type":"Polygon","coordinates":[[[29.470416,-0.61599],[29.437741,-0.609514],[29.410954,-0.66721],[29.370038,-0.689581],[29.375631,-0.609809],[29.355614,-0.593324],[29.309104,-0.592736],[29.311165,-0.566537],[29.344428,-0.514435],[29.309104,-0.497362],[29.391821,-0.422004],[29.392409,-0.375789],[29.43833,-0.319271],[29.446572,-0.257455],[29.493376,-0.181215],[29.531938,-0.155016],[29.674704,-0.1141],[29.707085,-0.072594],[29.7324,-0.069356],[29.76949,-0.094377],[29.780676,-0.126168],[29.809523,-0.130878],[29.823064,-0.162081],[29.901659,-0.140298],[29.866924,-0.29425],[29.830129,-0.360188],[29.746529,-0.419944],[29.67235,-0.44732],[29.626134,-0.49118],[29.587867,-0.580372],[29.479835,-0.641306],[29.470416,-0.61599]]]},"properties":{"name":"Lake Edward","nameZh":"爱德华湖","rank":4}},{"type":"Feature","geometry":{"type":"Polygon","coordinates":[[[120.562867,31.173275],[120.576996,31.172686],[120.601428,31.086437],[120.589654,31.077018],[120.389192,30.959861],[120.304121,30.93013],[120.213162,30.920416],[120.128385,30.943082],[119.942642,31.086437],[119.898193,31.248043],[119.984441,31.396992],[120.018587,31.429077],[120.014466,31.460869],[120.09159,31.468816],[120.105425,31.490599],[120.148991,31.504729],[120.182548,31.54123],[120.203448,31.54594],[120.196089,31.531516],[120.229058,31.538286],[120.240538,31.53446],[120.237594,31.518564],[120.278511,31.518564],[120.264382,31.471466],[120.216695,31.518564],[120.225231,31.499725],[120.208747,31.412887],[120.224054,31.40229],[120.285281,31.42319],[120.336795,31.460574],[120.402144,31.443501],[120.380067,31.369027],[120.326492,31.361374],[120.292346,31.306327],[120.331497,31.330465],[120.357401,31.329582],[120.32973,31.281601],[120.340033,31.265411],[120.38772,31.244217],[120.353868,31.223611],[120.470436,31.216841],[120.474558,31.192703],[120.427754,31.143838],[120.434818,31.109103],[120.384482,31.109987],[120.330908,31.057884],[120.331791,31.038456],[120.367409,31.011375],[120.385071,31.016084],[120.402144,31.004604],[120.462489,31.111458],[120.546088,31.107043],[120.562867,31.173275]]]},"properties":{"name":"Tai Hu","nameZh":"太湖","rank":4}},{"type":"Feature","geometry":{"type":"Polygon","coordinates":[[[-72.003816,-50.167481],[-71.973497,-50.213696],[-71.998665,-50.247254],[-72.043261,-50.265799],[-72.199863,-50.279634],[-72.2789,-50.316724],[-72.338067,-50.296118],[-72.529698,-50.322906],[-72.617713,-50.29288],[-72.614622,-50.261383],[-72.729718,-50.254319],[-72.755622,-50.261972],[-72.768574,-50.289348],[-72.805076,-50.30701],[-72.850555,-50.316724],[-72.905895,-50.308776],[-72.953582,-50.32997],[-73.02629,-50.339979],[-73.04351,-50.363822],[-73.032766,-50.439474],[-73.025554,-50.456841],[-72.974924,-50.478919],[-72.865567,-50.484511],[-72.727658,-50.432998],[-72.77505,-50.493637],[-72.849819,-50.513065],[-72.876164,-50.562812],[-72.90928,-50.590188],[-72.926206,-50.631988],[-72.983607,-50.669667],[-72.987434,-50.650533],[-72.953582,-50.566345],[-72.915462,-50.521307],[-72.926206,-50.508649],[-73.073683,-50.467144],[-73.07015,-50.432998],[-73.099734,-50.383839],[-73.109301,-50.338801],[-73.142417,-50.315841],[-73.221159,-50.302594],[-73.286214,-50.364705],[-73.300932,-50.367355],[-73.302992,-50.350281],[-73.248829,-50.260206],[-73.00539,-50.308776],[-72.934449,-50.28405],[-72.852174,-50.27934],[-72.839369,-50.261383],[-72.84452,-50.24225],[-73.07751,-50.217818],[-73.098262,-50.206926],[-73.098262,-50.186321],[-73.141975,-50.158356],[-73.155074,-50.125387],[-73.177446,-50.116851],[-73.221159,-50.138634],[-73.213653,-50.165421],[-73.225575,-50.181611],[-73.304611,-50.224588],[-73.319624,-50.227237],[-73.330957,-50.213696],[-73.252215,-50.125387],[-73.235289,-50.08712],[-73.245003,-50.078583],[-73.310499,-50.097128],[-73.289893,-50.06622],[-73.289305,-49.997339],[-73.265461,-50.004698],[-73.202614,-50.064454],[-73.17671,-50.062982],[-73.22793,-49.973495],[-73.187013,-49.99469],[-73.14904,-49.966725],[-73.152867,-50.042377],[-73.141681,-50.060627],[-73.068679,-50.101838],[-73.04351,-50.17278],[-72.995676,-50.196918],[-72.893974,-50.192208],[-72.843784,-50.220761],[-72.761804,-50.17955],[-72.699546,-50.193091],[-72.554866,-50.168364],[-72.181171,-50.153352],[-72.104047,-50.110375],[-72.093892,-50.142166],[-72.075494,-50.154824],[-72.003816,-50.167481]]]},"properties":{"name":"Lago Argentino","nameZh":"阿根廷湖","rank":4}},{"type":"Feature","geometry":{"type":"Polygon","coordinates":[[[90.39437,30.535093],[90.361107,30.510956],[90.325489,30.51125],[90.337558,30.539803],[90.298113,30.583075],[90.315186,30.614277],[90.277508,30.627818],[90.304295,30.713478],[90.271915,30.835639],[90.284867,30.869785],[90.314598,30.887447],[90.400552,30.874201],[90.428222,30.883326],[90.496809,30.819449],[90.582763,30.812679],[90.623386,30.840055],[90.68167,30.840055],[90.658121,30.865664],[90.705513,30.912174],[90.77881,30.888036],[90.80442,30.901577],[90.887136,30.86066],[90.884192,30.918944],[90.894789,30.922477],[90.92923,30.894806],[90.938944,30.932191],[90.967792,30.936017],[90.998111,30.926303],[91.025487,30.88627],[91.030491,30.862132],[90.995168,30.787952],[90.846219,30.784714],[90.864176,30.714361],[90.798827,30.657843],[90.633394,30.593083],[90.555388,30.579248],[90.523008,30.558643],[90.498575,30.566296],[90.39437,30.535093]]]},"properties":{"name":"Nam Co","nameZh":"纳木错","rank":4}},{"type":"Feature","geometry":{"type":"Polygon","coordinates":[[[27.565291,60.971461],[27.543214,60.962925],[27.544097,60.93025],[27.520253,60.950856],[27.502592,60.93967],[27.479926,60.964691],[27.42017,60.958803],[27.400742,60.967929],[27.383374,61.002075],[27.366595,61.005607],[27.323913,60.975877],[27.308017,60.978231],[27.348934,61.026507],[27.345696,61.037104],[27.369539,61.04623],[27.418109,61.012378],[27.410456,60.989123],[27.433416,60.97676],[27.557932,60.975582],[27.615922,60.985591],[27.65154,61.005313],[27.658899,60.982647],[27.6745,60.978231],[27.688041,61.029745],[27.753095,61.032689],[27.714239,61.05771],[27.698049,61.060065],[27.698049,61.046524],[27.657721,61.063008],[27.649479,61.07861],[27.697461,61.070662],[27.72307,61.082731],[27.801371,61.067718],[27.780471,61.053883],[27.847292,61.002664],[27.876728,60.999426],[27.829041,60.974993],[27.629168,60.939964],[27.565291,60.971461]]]},"properties":{"name":null,"nameZh":null,"rank":4}},{"type":"Feature","geometry":{"type":"Polygon","coordinates":[[[29.147204,62.69614],[29.261417,62.684366],[29.244344,62.702616],[29.247877,62.719395],[29.20225,62.740295],[29.196068,62.756779],[29.234336,62.791809],[29.296741,62.805938],[29.322351,62.801228],[29.322351,62.786805],[29.349726,62.767082],[29.322351,62.753247],[29.348255,62.750303],[29.358263,62.73588],[29.377397,62.698201],[29.367094,62.680539],[29.375631,62.672886],[29.390349,62.677007],[29.421257,62.724105],[29.459524,62.732936],[29.529583,62.713214],[29.569322,62.664055],[29.493671,62.698201],[29.456581,62.667587],[29.473654,62.650808],[29.453048,62.643744],[29.391821,62.643449],[29.322351,62.670825],[29.302923,62.651692],[29.256707,62.647865],[29.175463,62.667293],[29.147204,62.69614]]]},"properties":{"name":null,"nameZh":null,"rank":4}},{"type":"Feature","geometry":{"type":"Polygon","coordinates":[[[32.406404,67.446883],[32.406698,67.447177],[32.413468,67.446883],[32.406404,67.446883]]]},"properties":{"name":null,"nameZh":null,"rank":4}},{"type":"Feature","geometry":{"type":"Polygon","coordinates":[[[160.466279,69.276945],[160.493655,69.252807],[160.467162,69.2166],[160.302907,69.225137],[159.949964,69.283715],[159.781882,69.344649],[159.770402,69.359367],[159.872841,69.372908],[160.040923,69.363488],[160.298197,69.290486],[160.418298,69.290486],[160.466279,69.276945]]]},"properties":{"name":"Ozero Nerpich'ye","nameZh":"涅尔皮奇耶湖","rank":4}},{"type":"Feature","geometry":{"type":"Polygon","coordinates":[[[114.435677,30.066466],[114.435972,30.067054],[114.436855,30.067054],[114.435677,30.066466]]]},"properties":{"name":null,"nameZh":null,"rank":4}},{"type":"Feature","geometry":{"type":"Polygon","coordinates":[[[114.440093,30.067349],[114.436855,30.067054],[114.440976,30.068526],[114.440093,30.067349]]]},"properties":{"name":null,"nameZh":null,"rank":4}},{"type":"Feature","geometry":{"type":"Polygon","coordinates":[[[71.693123,67.894611],[71.56272,67.87901],[71.447918,67.885191],[71.332233,67.866352],[71.254226,67.87901],[71.323107,67.88578],[71.292788,67.90668],[71.301913,67.926697],[71.350483,67.930523],[71.582737,68.027958],[71.739633,68.032079],[71.799389,67.990574],[71.806159,67.957899],[71.755234,67.918749],[71.693123,67.894611]]]},"properties":{"name":"Ozero Yarroto Pervoye","nameZh":"亚罗托佩尔沃耶湖","rank":4}},{"type":"Feature","geometry":{"type":"Polygon","coordinates":[[[70.267223,70.140315],[70.515372,70.099987],[70.5348,70.089096],[70.529207,70.052889],[70.418821,70.024041],[70.36348,69.996076],[70.22925,70.013738],[70.155365,70.036993],[70.123279,70.065252],[70.135054,70.115588],[70.166551,70.140021],[70.267223,70.140315]]]},"properties":{"name":"Ozero Neyto","nameZh":"涅托湖","rank":4}},{"type":"Feature","geometry":{"type":"Polygon","coordinates":[[[71.041695,69.96664],[70.843883,69.966051],[70.811797,69.979592],[70.772646,70.021097],[70.696112,70.054949],[70.725548,70.064663],[70.7594,70.057599],[70.767937,70.078793],[70.802377,70.098515],[70.797667,70.128246],[70.843294,70.141787],[70.946321,70.133839],[70.966632,70.10764],[70.946616,70.08468],[70.878029,70.051417],[71.031098,70.015505],[71.069954,69.989306],[71.041695,69.96664]]]},"properties":{"name":"Ozero Yambuto","nameZh":"亚姆布托湖","rank":4}},{"type":"Feature","geometry":{"type":"Polygon","coordinates":[[[70.702588,70.123536],[70.589258,70.110878],[70.370839,70.147085],[70.307551,70.185647],[70.378787,70.203603],[70.528913,70.198893],[70.618694,70.155916],[70.654312,70.189474],[70.753807,70.222148],[70.850064,70.188591],[70.829459,70.163864],[70.66432,70.147085],[70.702588,70.123536]]]},"properties":{"name":null,"nameZh":null,"rank":4}},{"type":"Feature","geometry":{"type":"Polygon","coordinates":[[[81.368872,46.101657],[81.37682,46.090471],[81.375642,46.087233],[81.368872,46.101657]]]},"properties":{"name":null,"nameZh":null,"rank":4}},{"type":"Feature","geometry":{"type":"Polygon","coordinates":[[[34.511401,63.798534],[34.661822,63.835918],[34.655346,63.774396],[34.603832,63.772041],[34.588525,63.763799],[34.600005,63.746432],[34.656523,63.738484],[34.792519,63.760856],[34.829315,63.752025],[34.872292,63.719939],[34.852569,63.691974],[34.867876,63.649292],[34.969138,63.619855],[35.010349,63.575112],[34.96796,63.570108],[34.989743,63.540966],[34.927632,63.56216],[34.965017,63.495633],[34.989449,63.487391],[35.047144,63.497694],[35.193443,63.468552],[35.216404,63.472673],[35.227001,63.496222],[35.349456,63.505642],[35.38007,63.492984],[35.38684,63.469141],[35.445419,63.448535],[35.45896,63.421159],[35.496933,63.39761],[35.361231,63.424397],[35.198153,63.417333],[35.181374,63.411445],[35.209339,63.375827],[35.120146,63.375827],[35.088944,63.358754],[35.056858,63.376416],[35.010054,63.439116],[34.949415,63.440882],[34.856102,63.477972],[34.798701,63.479443],[34.831964,63.410562],[34.819012,63.375827],[34.827549,63.34904],[34.846388,63.328729],[34.899079,63.307535],[34.90791,63.286635],[34.890837,63.25867],[34.989743,63.157409],[34.97267,63.139158],[34.942056,63.150639],[34.958835,63.094415],[34.943822,63.068217],[34.955597,63.017292],[34.942056,63.006695],[34.930576,62.948116],[34.825488,62.889832],[34.871409,62.948411],[34.876119,62.978141],[34.846388,62.999924],[34.880534,62.99963],[34.852569,63.040841],[34.852569,63.064096],[34.90791,63.033187],[34.926455,63.087939],[34.914092,63.109722],[34.856102,63.133566],[34.872292,63.171244],[34.833141,63.213338],[34.86611,63.232472],[34.839029,63.254844],[34.839912,63.283986],[34.795168,63.304886],[34.777507,63.379654],[34.785749,63.408796],[34.709214,63.431168],[34.655346,63.418216],[34.584109,63.461782],[34.441048,63.472673],[34.540838,63.481504],[34.544076,63.500049],[34.482554,63.513884],[34.472545,63.528308],[34.531124,63.549502],[34.529063,63.564809],[34.51199,63.572757],[34.475783,63.554801],[34.466069,63.561277],[34.45194,63.578644],[34.475195,63.609847],[34.461065,63.632218],[34.469013,63.651352],[34.37099,63.688442],[34.348912,63.716112],[34.325658,63.72406],[34.265313,63.70316],[34.249712,63.68491],[34.263547,63.609847],[34.246474,63.617206],[34.187895,63.595717],[34.22263,63.650763],[34.19496,63.683438],[34.226163,63.696684],[34.238232,63.718761],[34.316532,63.742016],[34.333606,63.757618],[34.325069,63.787348],[34.264724,63.823849],[34.257365,63.849459],[34.351562,63.817373],[34.35215,63.842689],[34.323303,63.878601],[34.357743,63.879779],[34.441932,63.854169],[34.469013,63.815313],[34.511401,63.798534]],[[34.791342,63.602782],[34.764849,63.602488],[34.789576,63.584237],[34.825488,63.581882],[34.791342,63.602782]],[[34.617078,63.509763],[34.585287,63.479443],[34.645632,63.475028],[34.700678,63.443825],[34.740122,63.462665],[34.735118,63.481798],[34.68802,63.520654],[34.612957,63.521243],[34.617078,63.509763]]]},"properties":{"name":"Lake Vygozero","nameZh":"维戈泽罗湖","rank":4}},{"type":"Feature","geometry":{"type":"Polygon","coordinates":[[[34.797229,63.602488],[34.784571,63.602488],[34.791342,63.602782],[34.797229,63.602488]]]},"properties":{"name":"Lake Vygozero","nameZh":"维戈泽罗湖","rank":4}},{"type":"Feature","geometry":{"type":"Polygon","coordinates":[[[33.349252,63.428518],[33.456695,63.426458],[33.485542,63.448535],[33.502616,63.493279],[33.526165,63.492395],[33.602111,63.452362],[33.610059,63.462665],[33.578267,63.527425],[33.661572,63.4765],[33.667165,63.442648],[33.64656,63.424397],[33.659512,63.410857],[33.797568,63.39761],[33.803161,63.417921],[33.855558,63.441765],[33.911782,63.410857],[33.974776,63.419099],[33.989199,63.400848],[33.924439,63.356105],[33.9265,63.319898],[33.961824,63.296643],[34.068678,63.265441],[34.187895,63.191555],[34.153749,63.198326],[34.161108,63.184785],[34.144918,63.183019],[34.085457,63.205979],[33.961824,63.212161],[33.956525,63.18714],[33.852909,63.188906],[33.816113,63.16624],[33.698073,63.204213],[33.578267,63.191555],[33.446392,63.201269],[33.406359,63.258376],[33.372212,63.27486],[33.344836,63.246896],[33.344836,63.27486],[33.275072,63.297821],[33.262414,63.315188],[33.291557,63.32137],[33.295678,63.337266],[33.256233,63.34904],[33.241809,63.375827],[33.279782,63.366996],[33.410774,63.277804],[33.443743,63.278981],[33.453751,63.300176],[33.400177,63.356694],[33.40783,63.379948],[33.21355,63.414389],[33.200892,63.438527],[33.265652,63.412328],[33.332473,63.438527],[33.349252,63.428518]]]},"properties":{"name":"Lake Segozerskoye","nameZh":"谢戈泽罗湖","rank":4}},{"type":"Feature","geometry":{"type":"Polygon","coordinates":[[[29.871045,63.328729],[30.013518,63.294583],[30.076512,63.253077],[30.031768,63.246896],[30.014989,63.267207],[29.957294,63.281925],[29.916672,63.247779],[29.962298,63.236299],[29.994384,63.205979],[29.983787,63.179781],[29.966714,63.171244],[29.969363,63.154465],[30.009102,63.116787],[30.00763,63.064979],[30.119783,62.978141],[30.227226,62.924861],[30.220456,62.911026],[30.288748,62.863339],[30.24842,62.848915],[30.377352,62.81683],[30.404433,62.787393],[30.274913,62.807999],[30.316713,62.814769],[30.244005,62.830371],[30.227226,62.814769],[30.240767,62.801228],[30.155107,62.78916],[30.165115,62.759723],[30.14657,62.730875],[30.088875,62.727932],[30.062676,62.712331],[30.049136,62.719395],[30.116545,62.747065],[30.143038,62.795636],[30.207504,62.815358],[30.19985,62.829193],[30.24842,62.87688],[30.159817,62.904845],[30.083282,62.971371],[30.055906,62.962246],[30.090052,62.931632],[30.022349,62.948705],[30.00763,62.958713],[30.018227,62.97667],[29.997328,63.008461],[29.928446,63.024062],[29.833367,63.083229],[29.793628,63.094121],[29.832189,63.152405],[29.798337,63.181841],[29.627901,63.120319],[29.590516,63.14328],[29.60023,63.161236],[29.589633,63.198326],[29.566084,63.168006],[29.531644,63.184785],[29.438919,63.191555],[29.453343,63.171244],[29.38976,63.180958],[29.310282,63.225113],[29.309104,63.239242],[29.268188,63.253077],[29.301156,63.2519],[29.322351,63.267207],[29.302628,63.266913],[29.291442,63.288401],[29.21373,63.32137],[29.247877,63.342564],[29.166338,63.362287],[29.144849,63.375827],[29.139845,63.401143],[29.105993,63.411445],[28.938794,63.521243],[28.99178,63.515061],[29.033285,63.485036],[29.136901,63.453834],[29.160745,63.459427],[29.104227,63.514767],[29.089214,63.554506],[29.041822,63.602488],[29.127482,63.567458],[29.144849,63.548619],[29.14426,63.530074],[29.16516,63.523304],[29.180173,63.498871],[29.237279,63.500049],[29.234041,63.479443],[29.256413,63.462076],[29.321762,63.464431],[29.375336,63.437349],[29.487195,63.418216],[29.517808,63.39761],[29.531644,63.366408],[29.590222,63.324902],[29.637615,63.328729],[29.775377,63.301353],[29.746824,63.333733],[29.77155,63.334911],[29.795688,63.307829],[29.785385,63.293111],[29.754772,63.293994],[29.831601,63.281336],[29.87134,63.286046],[29.904897,63.308418],[29.871045,63.328729]]]},"properties":{"name":"Pielinen","nameZh":"皮耶利宁湖","rank":4}},{"type":"Feature","geometry":{"type":"Polygon","coordinates":[[[32.109685,65.553533],[31.974571,65.555299],[31.974866,65.571195],[31.92659,65.610345],[31.954849,65.618588],[31.934244,65.63831],[31.860652,65.650968],[31.756153,65.648907],[31.654892,65.697477],[31.596902,65.693062],[31.598668,65.730446],[31.583656,65.744575],[31.527138,65.755761],[31.467382,65.802271],[31.511537,65.832885],[31.621334,65.831707],[31.666078,65.843187],[31.673143,65.864382],[31.733193,65.865265],[31.853293,65.907064],[31.893033,65.90677],[31.939836,65.883515],[32.200349,65.884693],[32.165908,65.873507],[31.892149,65.864382],[31.865362,65.850546],[32.077599,65.843187],[32.119104,65.830235],[32.172973,65.843187],[32.26246,65.837006],[32.145008,65.827586],[32.083781,65.80963],[32.114689,65.774895],[32.19505,65.787553],[32.244503,65.776072],[32.214184,65.727797],[32.255689,65.727797],[32.294251,65.699538],[32.319272,65.722792],[32.337522,65.720143],[32.348708,65.707486],[32.344293,65.661859],[32.413468,65.62418],[32.35489,65.628596],[32.337522,65.62418],[32.341055,65.608874],[32.283065,65.604164],[32.296606,65.576788],[32.284242,65.566779],[32.372257,65.528512],[32.5006,65.543819],[32.543577,65.528512],[32.481761,65.528512],[32.653081,65.491422],[32.67192,65.479353],[32.659557,65.459631],[32.717546,65.436671],[32.700768,65.432255],[32.719607,65.398698],[32.699885,65.375148],[32.679279,65.373382],[32.664561,65.380741],[32.666621,65.398109],[32.61187,65.398109],[32.653081,65.426073],[32.635125,65.443147],[32.475285,65.46699],[32.413468,65.487596],[32.361072,65.485829],[32.316328,65.512616],[32.258927,65.494955],[32.187397,65.501136],[32.241854,65.521742],[32.109685,65.553533]],[[32.289835,65.535282],[32.159432,65.569429],[32.22066,65.542347],[32.289835,65.535282]],[[31.802957,65.699832],[31.954555,65.706014],[31.926884,65.725736],[31.892444,65.727797],[31.802957,65.699832]],[[31.951317,65.690707],[31.978398,65.66598],[32.037271,65.665097],[32.008718,65.682465],[31.951317,65.690707]]]},"properties":{"name":"Lake Topozero","nameZh":"托波泽罗湖","rank":4}},{"type":"Feature","geometry":{"type":"Polygon","coordinates":[[[-72.988317,-50.652593],[-72.988317,-50.645823],[-72.987434,-50.650533],[-72.988317,-50.652593]]]},"properties":{"name":null,"nameZh":null,"rank":4}},{"type":"Feature","geometry":{"type":"Polygon","coordinates":[[[87.433656,41.848979],[87.416877,41.839265],[87.378316,41.844563],[87.310023,41.866052],[87.316499,41.872822],[87.296482,41.893428],[87.28147,41.884302],[87.133993,41.921981],[86.844339,41.865757],[86.753381,41.82543],[86.680084,41.845446],[86.734247,41.858987],[86.721295,41.889601],[86.763095,41.972612],[86.844339,42.002637],[86.850815,42.034134],[86.803128,42.119794],[86.816669,42.133629],[86.857585,42.115378],[86.93412,42.11008],[87.073943,42.060921],[87.337399,42.023537],[87.354472,42.002931],[87.351234,41.913739],[87.377433,41.91315],[87.433656,41.848979]]]},"properties":{"name":"Bosten Hu","nameZh":"博斯腾湖","rank":4}},{"type":"Feature","geometry":{"type":"Polygon","coordinates":[[[84.226559,47.724781],[84.213018,47.73214],[84.220672,47.729196],[84.226559,47.724781]]]},"properties":{"name":null,"nameZh":null,"rank":4}},{"type":"Feature","geometry":{"type":"Polygon","coordinates":[[[33.154677,1.63148],[33.160564,1.63354],[33.155855,1.630302],[33.154677,1.63148]]]},"properties":{"name":null,"nameZh":null,"rank":4}},{"type":"Feature","geometry":{"type":"Polygon","coordinates":[[[30.849806,61.952577],[30.906324,61.951399],[30.830378,61.999381],[30.885719,61.992316],[30.869234,62.009389],[30.871589,62.053838],[30.782102,62.094755],[30.962548,62.08769],[30.994928,62.061491],[30.931934,62.049717],[31.029074,62.026462],[31.072934,61.966117],[31.03555,61.921374],[30.935172,61.905773],[30.882775,61.923435],[30.849806,61.952577]]]},"properties":{"name":null,"nameZh":null,"rank":4}},{"type":"Feature","geometry":{"type":"Polygon","coordinates":[[[28.884042,61.622595],[28.876683,61.6014],[28.904648,61.595219],[28.850779,61.601989],[28.884042,61.622595]]]},"properties":{"name":null,"nameZh":null,"rank":4}},{"type":"Feature","geometry":{"type":"Polygon","coordinates":[[[116.677555,29.173365],[116.715233,29.137158],[116.715233,29.097125],[116.688446,29.07858],[116.684325,29.127739],[116.656655,29.12715],[116.6334,29.072398],[116.618976,29.07858],[116.627513,29.103601],[116.615444,29.135686],[116.607202,29.117436],[116.564519,29.140691],[116.537143,29.119496],[116.506823,29.160707],[116.47621,29.152171],[116.492694,29.112137],[116.523308,29.099774],[116.516537,29.085939],[116.537143,29.07858],[116.485629,29.0462],[116.461197,29.051204],[116.459725,29.036486],[116.468556,29.017058],[116.482391,29.017058],[116.480036,28.998807],[116.52213,28.940523],[116.509178,28.894308],[116.544796,28.898135],[116.558043,28.886654],[116.558043,28.873702],[116.530961,28.856335],[116.543325,28.825427],[116.526546,28.782449],[116.516537,28.776856],[116.523308,28.790692],[116.509178,28.798051],[116.46208,28.794224],[116.423224,28.850153],[116.424107,28.874291],[116.454721,28.894308],[116.426168,28.899606],[116.372593,28.818362],[116.365823,28.825427],[116.424696,28.929926],[116.420575,28.966133],[116.40674,28.935224],[116.393199,28.938462],[116.393199,28.900489],[116.342274,28.841322],[116.333737,28.863988],[116.359053,28.894308],[116.331088,28.911381],[116.359053,28.976141],[116.2678,28.980262],[116.269566,29.004106],[116.252198,29.031481],[116.206572,29.033248],[116.194503,29.051204],[116.174192,29.038841],[116.155647,29.047083],[116.145933,29.085939],[116.10325,29.078285],[116.093536,29.114492],[116.057329,29.140691],[116.035841,29.181313],[116.084117,29.186906],[116.077935,29.202213],[116.158885,29.203096],[116.123856,29.220758],[116.005816,29.239891],[115.980795,29.280219],[115.967843,29.264029],[115.975202,29.195737],[115.907498,29.216931],[115.927809,29.273449],[116.024066,29.327906],[116.029954,29.352927],[116.00405,29.410328],[115.975202,29.428579],[116.023183,29.455955],[116.046144,29.448007],[116.060862,29.463314],[116.077935,29.49746],[116.063217,29.509529],[116.098246,29.538376],[116.090298,29.56222],[116.112081,29.579587],[116.126211,29.66878],[116.098246,29.681732],[116.105605,29.695567],[116.060862,29.692035],[116.102073,29.730302],[116.173603,29.73354],[116.187733,29.750907],[116.229238,29.743843],[116.188027,29.702632],[116.204806,29.695567],[116.256908,29.709696],[116.269566,29.695567],[116.247783,29.691151],[116.232182,29.651412],[116.217758,29.670252],[116.204806,29.664953],[116.205689,29.613439],[116.187733,29.598427],[116.215697,29.552212],[116.167127,29.585769],[116.152115,29.554272],[116.145639,29.533667],[116.17066,29.500698],[116.145933,29.469495],[116.145933,29.43476],[116.115614,29.443886],[116.08029,29.418276],[116.061745,29.383835],[116.081467,29.366468],[116.150643,29.373533],[116.184789,29.387956],[116.208044,29.415038],[116.221879,29.346157],[116.214225,29.358226],[116.187733,29.339386],[116.132981,29.339386],[116.123561,29.312305],[116.166244,29.273743],[116.126211,29.264029],[116.12415,29.24725],[116.196858,29.242246],[116.229238,29.264029],[116.255142,29.223112],[116.296059,29.209572],[116.310483,29.216342],[116.303712,29.236948],[116.338447,29.243129],[116.359053,29.216342],[116.372299,29.238714],[116.369944,29.196325],[116.324023,29.156881],[116.324906,29.140691],[116.33933,29.139807],[116.364646,29.166889],[116.365823,29.147461],[116.379658,29.15482],[116.393199,29.140691],[116.393199,29.188378],[116.422047,29.176014],[116.445596,29.215165],[116.440886,29.264029],[116.427345,29.277864],[116.463552,29.269622],[116.488573,29.202507],[116.50594,29.223112],[116.495638,29.250488],[116.510356,29.24519],[116.523308,29.208983],[116.541853,29.229294],[116.537143,29.257259],[116.555394,29.252255],[116.558043,29.271094],[116.570406,29.248133],[116.618976,29.236948],[116.605435,29.236948],[116.618976,29.202213],[116.626335,29.264029],[116.688446,29.216342],[116.667546,29.202213],[116.651356,29.207511],[116.618976,29.168066],[116.623686,29.150405],[116.677555,29.173365]]]},"properties":{"name":"Poyang Hu","nameZh":"鄱阳湖","rank":4}},{"type":"Feature","geometry":{"type":"Polygon","coordinates":[[[116.461197,30.093547],[116.436765,30.050864],[116.494755,30.038795],[116.530961,29.983455],[116.477976,29.950781],[116.40674,29.956079],[116.365823,29.989637],[116.331088,29.94872],[116.309011,29.963733],[116.303712,29.989637],[116.281635,29.989637],[116.269566,30.004061],[116.289288,30.017601],[116.270155,30.0229],[116.257203,30.010831],[116.247194,30.036441],[116.255142,30.066171],[116.240424,30.05999],[116.234831,30.072059],[116.243073,30.107088],[116.255142,30.093547],[116.2469,30.139174],[116.269566,30.120629],[116.286639,30.059695],[116.303712,30.058812],[116.289288,30.099435],[116.291938,30.117391],[116.310483,30.12681],[116.320491,30.081184],[116.331088,30.072942],[116.339625,30.085305],[116.386134,30.058812],[116.387606,30.039973],[116.420869,30.058812],[116.410861,30.076474],[116.424107,30.087954],[116.444124,30.101201],[116.461197,30.093547]]]},"properties":{"name":"Daguan Hu","nameZh":"大官湖","rank":4}},{"type":"Feature","geometry":{"type":"Polygon","coordinates":[[[116.257203,30.010831],[116.24896,29.983455],[116.269566,29.983455],[116.263384,29.927526],[116.200685,29.89338],[116.091476,29.901622],[116.040256,29.866887],[116.001989,29.893968],[115.992275,29.953136],[115.936346,29.993169],[115.933991,30.044977],[115.995807,29.983455],[116.016413,29.989637],[115.995807,30.021134],[116.01288,30.044977],[116.061156,29.973741],[116.081467,29.973741],[116.091476,29.983455],[116.071459,29.989637],[116.085883,29.996996],[116.108843,29.976685],[116.148288,29.979334],[116.160357,29.983455],[116.152703,29.996113],[116.10796,29.996996],[116.132981,30.01142],[116.141223,30.085011],[116.185967,30.062639],[116.193031,30.016129],[116.218052,29.990814],[116.230416,29.987576],[116.236008,30.000528],[116.215697,30.044977],[116.247194,30.036441],[116.257203,30.010831]]]},"properties":{"name":"Long Hu","nameZh":"龙感湖","rank":4}},{"type":"Feature","geometry":{"type":"Polygon","coordinates":[[[114.382692,30.182151],[114.330589,30.188921],[114.357965,30.223656],[114.383281,30.205994],[114.399471,30.229838],[114.412423,30.223656],[114.385636,30.250443],[114.389462,30.274876],[114.371506,30.29136],[114.428613,30.264278],[114.467469,30.264867],[114.433617,30.305784],[114.447158,30.29136],[114.453928,30.298719],[114.501615,30.278702],[114.515156,30.299602],[114.546064,30.294304],[114.556367,30.305784],[114.513978,30.315792],[114.502498,30.329922],[114.453928,30.326095],[114.421254,30.342579],[114.42773,30.366128],[114.453928,30.3467],[114.46011,30.374665],[114.522809,30.374371],[114.543415,30.332277],[114.594045,30.322857],[114.631724,30.298719],[114.604642,30.268105],[114.652624,30.195692],[114.613179,30.215414],[114.597578,30.209527],[114.617006,30.200696],[114.62201,30.158013],[114.643793,30.140057],[114.652624,30.079712],[114.643204,30.061756],[114.631724,30.064405],[114.577561,30.17538],[114.537822,30.133875],[114.529874,30.16184],[114.550185,30.229838],[114.504559,30.213648],[114.472767,30.232487],[114.476888,30.119451],[114.464819,30.087954],[114.440976,30.068526],[114.422137,30.082067],[114.440093,30.114741],[114.426258,30.12681],[114.438915,30.140351],[114.42979,30.173026],[114.401531,30.165078],[114.364736,30.107088],[114.362381,30.147121],[114.382692,30.182151]]]},"properties":{"name":"Liangzi Hu","nameZh":"梁子湖","rank":4}},{"type":"Feature","geometry":{"type":"Polygon","coordinates":[[[89.285795,31.873273],[89.345257,31.806452],[89.331127,31.783197],[89.296981,31.777899],[89.269899,31.792028],[89.276964,31.827058],[89.248411,31.80292],[89.235459,31.676049],[89.188361,31.622474],[89.158335,31.606579],[89.12625,31.559481],[89.087688,31.578909],[89.064139,31.611289],[88.975241,31.600397],[88.941095,31.622769],[88.924316,31.652205],[88.95964,31.702836],[88.980245,31.709901],[88.937857,31.735805],[88.840717,31.73551],[88.780372,31.696654],[88.653795,31.717848],[88.650263,31.786141],[88.61229,31.779076],[88.601693,31.809984],[88.558716,31.818521],[88.557244,31.840598],[88.571373,31.869152],[88.604931,31.881515],[88.730624,31.882692],[88.749464,31.870918],[88.7371,31.835594],[88.749464,31.819404],[88.806865,31.813517],[88.824527,31.819404],[88.798328,31.849429],[88.824527,31.881515],[88.845721,31.874156],[89.009682,31.936855],[89.029993,31.916839],[89.155392,31.924198],[89.191304,31.895939],[89.285795,31.873273]]]},"properties":{"name":"Siling Co","nameZh":"色林错","rank":4}},{"type":"Feature","geometry":{"type":"Polygon","coordinates":[[[92.82052,48.266411],[92.827584,48.207833],[92.816987,48.187816],[92.695709,48.088026],[92.532043,48.095091],[92.442556,48.020028],[92.351303,47.985293],[92.268587,47.865781],[92.261228,47.846648],[92.272119,47.787481],[92.227965,47.763931],[92.157317,47.776295],[92.073129,47.759516],[91.962154,47.979995],[91.965686,48.012375],[92.011018,48.033863],[92.191758,48.062122],[92.251808,48.109221],[92.281245,48.158674],[92.278595,48.208421],[92.299201,48.239624],[92.265643,48.288783],[92.196762,48.335292],[92.252102,48.36885],[92.349243,48.335292],[92.350126,48.36885],[92.402228,48.369733],[92.545583,48.33176],[92.527333,48.319985],[92.439612,48.32234],[92.410765,48.290549],[92.393397,48.243745],[92.381034,48.139834],[92.463162,48.101861],[92.524684,48.109515],[92.541757,48.136008],[92.637131,48.189876],[92.662152,48.232265],[92.724263,48.198118],[92.594448,48.311154],[92.600924,48.341768],[92.756937,48.325284],[92.805213,48.286428],[92.82052,48.266411]]]},"properties":{"name":"Har Us Nuur","nameZh":"哈尔乌苏湖","rank":4}},{"type":"Feature","geometry":{"type":"Polygon","coordinates":[[[6.871199,46.458721],[6.93537,46.423103],[6.913881,46.404264],[6.867666,46.402497],[6.697229,46.423103],[6.499417,46.409268],[6.479106,46.388957],[6.383732,46.34804],[6.355473,46.371589],[6.294834,46.373944],[6.182975,46.238831],[6.133228,46.204685],[6.176499,46.300059],[6.334573,46.46137],[6.419055,46.473145],[6.510897,46.517594],[6.597734,46.522304],[6.871199,46.458721]]]},"properties":{"name":"Lake Geneva","nameZh":"萊芒湖","rank":4}},{"type":"Feature","geometry":{"type":"Polygon","coordinates":[[[-6.522516,54.715929],[-6.510447,54.739478],[-6.484102,54.74772],[-6.470855,54.740656],[-6.469384,54.70857],[-6.419636,54.697973],[-6.278194,54.724171],[-6.24655,54.715929],[-6.244784,54.683843],[-6.293501,54.654113],[-6.316314,54.612018],[-6.272896,54.609958],[-6.267008,54.583171],[-6.339716,54.554617],[-6.334712,54.534601],[-6.359733,54.521354],[-6.336037,54.501338],[-6.385195,54.484853],[-6.442744,54.507814],[-6.543122,54.506047],[-6.603025,54.526653],[-6.609795,54.549908],[-6.57771,54.558444],[-6.516482,54.61349],[-6.522516,54.715929]]]},"properties":{"name":"Lough Neagh","nameZh":"内湖","rank":4}},{"type":"Feature","geometry":{"type":"Polygon","coordinates":[[[14.922058,58.814066],[14.912049,58.784041],[14.924707,58.771678],[14.937659,58.78934],[14.960325,58.778154],[14.918525,58.696615],[14.918525,58.628323],[14.842874,58.586817],[14.91146,58.565623],[14.961502,58.565034],[14.973277,58.552082],[14.954732,58.533832],[14.979459,58.524706],[14.871133,58.460535],[14.817264,58.477019],[14.788416,58.469955],[14.714236,58.405195],[14.670376,58.391065],[14.616802,58.326599],[14.637407,58.295397],[14.595608,58.251831],[14.603261,58.216802],[14.544977,58.158812],[14.523488,58.112008],[14.459023,58.060789],[14.427526,58.006037],[14.338628,57.961294],[14.285642,57.888291],[14.26592,57.846491],[14.267392,57.818821],[14.252674,57.804692],[14.202043,57.787324],[14.155533,57.792328],[14.137283,57.853851],[14.10137,57.898005],[14.086652,57.943926],[14.155239,58.018106],[14.207341,58.127904],[14.21264,58.182067],[14.244137,58.22681],[14.239427,58.244766],[14.257972,58.257424],[14.278578,58.30305],[14.332152,58.335725],[14.398089,58.428155],[14.438712,58.44199],[14.441361,58.473781],[14.459317,58.491149],[14.491992,58.49527],[14.516424,58.540602],[14.521134,58.613899],[14.553808,58.642452],[14.74956,58.730761],[14.792243,58.75696],[14.804901,58.785513],[14.859947,58.816421],[14.897625,58.819954],[14.918525,58.881476],[14.929122,58.863814],[14.976809,58.850568],[14.993588,58.8332],[14.966212,58.84733],[14.922058,58.814066]]]},"properties":{"name":"Vättern","nameZh":"韦特恩湖","rank":4}},{"type":"Feature","geometry":{"type":"Polygon","coordinates":[[[101.330292,73.856662],[100.985592,73.854601],[100.919949,73.841355],[100.929368,73.863432],[100.919949,73.902141],[101.035928,73.929517],[101.111874,73.98471],[101.10422,74.004727],[101.114229,74.021359],[101.153968,74.033133],[101.006197,74.124828],[100.974406,74.201215],[100.916122,74.255378],[100.792489,74.312043],[100.631472,74.303212],[100.570244,74.286434],[100.49577,74.298797],[100.439841,74.347809],[100.272053,74.35296],[100.165199,74.332796],[99.994762,74.341038],[99.886436,74.332354],[99.781642,74.306303],[99.796066,74.32264],[99.861415,74.344423],[99.767807,74.361496],[99.308894,74.375773],[99.124327,74.416101],[99.1623,74.425962],[99.471677,74.424049],[99.644469,74.447451],[100.016251,74.367089],[100.056579,74.375773],[100.210531,74.453927],[100.248504,74.484394],[100.220539,74.505588],[100.396863,74.540764],[100.464273,74.542236],[100.467511,74.556807],[100.45397,74.560781],[100.472221,74.582564],[100.570538,74.601698],[100.498419,74.671903],[100.463979,74.680734],[100.390093,74.736811],[100.386266,74.812021],[100.238201,74.817614],[100.110742,74.840721],[100.114568,74.860149],[100.049514,74.882815],[100.246738,74.925057],[100.309732,74.944337],[100.288832,74.950519],[100.315619,74.956112],[100.383323,74.948753],[100.385089,74.93065],[100.476047,74.937714],[100.556998,74.978484],[100.494887,75.026171],[100.556998,75.054135],[100.498713,75.07739],[100.043921,75.071944],[100.015662,75.081511],[100.070119,75.101381],[100.011541,75.127432],[100.014484,75.145683],[100.093668,75.17247],[100.195518,75.168643],[100.234669,75.149804],[100.206704,75.128757],[100.384206,75.13273],[100.378613,75.095199],[100.400101,75.085632],[100.562002,75.081953],[100.62529,75.0403],[100.638831,75.01263],[100.63471,74.981869],[100.608511,74.954346],[100.575248,74.943749],[100.5673,74.925057],[100.469866,74.918433],[100.405989,74.895915],[100.584373,74.895915],[100.577309,74.834392],[100.561119,74.805692],[100.584373,74.782879],[100.661497,74.755944],[100.845769,74.734161],[101.09745,74.657921],[101.456574,74.623775],[101.673226,74.631428],[101.756531,74.621714],[102.569859,74.652475],[102.677597,74.633195],[102.88218,74.634372],[102.980497,74.652328],[103.030245,74.648796],[103.023475,74.629073],[103.045552,74.630545],[103.285753,74.68618],[103.426165,74.691626],[103.491219,74.710024],[103.700512,74.73475],[103.822968,74.790385],[104.20623,74.794948],[104.399921,74.861032],[104.421115,74.882815],[104.222714,74.895915],[104.044624,74.856617],[104.013421,74.875456],[103.825617,74.913135],[103.798535,74.93065],[103.839746,74.947428],[103.832387,74.972302],[103.868594,74.992319],[103.939241,74.988786],[104.112916,75.026171],[104.093488,75.038534],[104.139998,75.074005],[104.122042,75.081658],[104.133227,75.115657],[104.195044,75.136852],[104.492646,75.109181],[104.531796,75.095641],[104.610392,75.043833],[104.626582,74.991583],[104.702822,74.931827],[104.742267,74.916226],[105.346008,74.834392],[105.739572,74.849405],[105.791675,74.834392],[105.192055,74.758741],[104.754041,74.786117],[104.122925,74.690448],[103.963379,74.724006],[103.942185,74.717824],[103.980452,74.683678],[103.969267,74.67676],[104.031083,74.656302],[103.963379,74.615827],[103.883312,74.615386],[103.722295,74.642614],[103.557745,74.629073],[103.483271,74.588746],[103.443532,74.580798],[103.14122,74.596693],[102.790633,74.540764],[102.70144,74.538998],[102.789749,74.484982],[102.462711,74.532816],[101.931678,74.521631],[101.903125,74.505146],[101.894883,74.464524],[101.992023,74.396526],[102.052662,74.369444],[102.091812,74.313662],[102.057077,74.292615],[102.098583,74.286434],[102.084453,74.272746],[102.179827,74.267447],[102.198666,74.23389],[102.181299,74.224912],[102.083864,74.2464],[101.98172,74.21402],[101.976127,74.226383],[101.988785,74.238599],[101.956405,74.253023],[101.73887,74.26362],[101.474825,74.354726],[101.331764,74.378864],[101.303505,74.402413],[101.31263,74.432144],[101.395935,74.488073],[101.357668,74.507207],[100.740975,74.461433],[100.619697,74.441416],[100.584373,74.423607],[100.755399,74.410361],[101.05359,74.428759],[101.104809,74.416101],[101.131302,74.393729],[101.043581,74.344423],[101.113346,74.279075],[101.180461,74.238011],[101.221083,74.162948],[101.262588,74.14926],[101.284666,74.123209],[101.485716,74.00826],[101.563723,73.992217],[101.485128,73.94659],[101.519274,73.898756],[101.58109,73.865346],[101.584623,73.847537],[101.563429,73.834732],[101.422722,73.830464],[101.330292,73.856662]]]},"properties":{"name":"Lake Taymyr","nameZh":"泰梅尔湖","rank":4}},{"type":"Feature","geometry":{"type":"Polygon","coordinates":[[[149.261603,72.119619],[149.329601,72.038228],[149.333428,72.022038],[149.316943,72.000991],[149.183008,71.935642],[149.189778,71.907971],[149.152688,71.894136],[149.09146,71.895903],[148.957525,71.929166],[148.97136,71.947122],[148.908955,72.023068],[148.923379,72.065603],[148.915725,72.072963],[148.965767,72.117412],[148.97813,72.154501],[149.020519,72.168042],[149.209501,72.152588],[149.261603,72.119619]]]},"properties":{"name":"Ozero Mogotoyevo","nameZh":"莫戈托耶沃湖","rank":5}},{"type":"Feature","geometry":{"type":"Polygon","coordinates":[[[89.674356,37.512112],[89.670235,37.499749],[89.598704,37.498571],[89.612834,37.484147],[89.579276,37.491506],[89.550428,37.474728],[89.440042,37.4762],[89.281968,37.531834],[89.164517,37.525653],[89.076797,37.56392],[89.071498,37.587764],[89.108294,37.606603],[89.194542,37.587764],[89.341724,37.641632],[89.544247,37.625737],[89.654339,37.582759],[89.649924,37.550085],[89.61931,37.560093],[89.611068,37.542431],[89.674356,37.512112]]]},"properties":{"name":"Ayakkum Hu","nameZh":"阿雅克库木湖","rank":5}},{"type":"Feature","geometry":{"type":"Polygon","coordinates":[[[14.092539,63.212161],[14.158183,63.212161],[14.081354,63.291345],[14.047796,63.289579],[14.035727,63.31666],[13.993044,63.334911],[14.094011,63.30989],[14.198511,63.315188],[14.297711,63.281042],[14.335684,63.293994],[14.428115,63.240125],[14.459023,63.23777],[14.472858,63.249839],[14.472858,63.287812],[14.495818,63.292522],[14.52967,63.248368],[14.575885,63.232472],[14.627399,63.184196],[14.691276,63.168301],[14.795187,63.088528],[14.761335,63.092355],[14.678913,63.14328],[14.528198,63.173893],[14.420167,63.152699],[14.411336,63.140042],[14.424877,63.096181],[14.418106,63.066745],[14.466087,62.999924],[14.47639,62.841556],[14.485221,62.83773],[14.472858,62.814769],[14.413396,62.796224],[14.445482,62.841556],[14.423405,62.861573],[14.394557,62.853331],[14.339805,62.901312],[14.333035,62.988444],[14.344809,62.984617],[14.374246,62.915147],[14.411336,62.889832],[14.392202,62.949294],[14.430764,62.961068],[14.432824,63.00434],[14.396618,63.036425],[14.350991,63.118847],[14.219116,63.161236],[14.0737,63.189495],[13.99952,63.248073],[13.924752,63.27486],[14.03661,63.25661],[14.092539,63.212161]]]},"properties":{"name":"Storsjön","nameZh":"斯圖爾湖","rank":5}},{"type":"Feature","geometry":{"type":"Polygon","coordinates":[[[9.718583,47.546691],[9.744487,47.519904],[9.689735,47.519904],[9.669718,47.498415],[9.634689,47.51225],[9.607902,47.499298],[9.552856,47.51225],[9.494572,47.488112],[9.39802,47.544041],[9.371233,47.581131],[9.206684,47.647363],[9.18284,47.670618],[9.206389,47.672384],[9.205506,47.681509],[9.161646,47.746858],[9.073042,47.787481],[9.032126,47.820744],[9.071865,47.816623],[9.210805,47.759516],[9.2267,47.724781],[9.322369,47.681804],[9.488096,47.653839],[9.537549,47.599087],[9.718583,47.546691]]]},"properties":{"name":"Bodensee","nameZh":"博登湖","rank":5}},{"type":"Feature","geometry":{"type":"Polygon","coordinates":[[[33.487897,1.658856],[33.496434,1.63354],[33.403121,1.649436],[33.351901,1.641783],[33.317755,1.613229],[33.287435,1.623238],[33.214727,1.572018],[33.175283,1.564659],[33.141136,1.523154],[33.095216,1.506964],[33.092861,1.492246],[33.108168,1.480765],[33.147024,1.468991],[33.221498,1.490185],[33.214727,1.476644],[33.27625,1.48577],[33.277133,1.468991],[33.249757,1.470463],[33.249462,1.441909],[33.199715,1.43926],[33.153205,1.41365],[33.166157,1.400404],[33.221498,1.394517],[33.194711,1.394517],[33.202953,1.38127],[33.243281,1.383036],[33.256233,1.394517],[33.27831,1.383036],[33.290379,1.421304],[33.332473,1.423659],[33.329235,1.403642],[33.306569,1.403053],[33.31069,1.380387],[33.333062,1.371851],[33.327175,1.354483],[33.351901,1.331817],[33.329235,1.304736],[33.317755,1.311506],[33.262414,1.280892],[33.269774,1.215838],[33.256822,1.227318],[33.241809,1.222608],[33.214727,1.305324],[33.200892,1.297671],[33.186469,1.311506],[33.153205,1.284719],[33.112877,1.27736],[33.129951,1.325635],[33.102575,1.34889],[33.06784,1.367435],[33.047529,1.358899],[32.899463,1.441321],[32.851482,1.428074],[32.872676,1.421304],[32.859136,1.394517],[32.837647,1.41365],[32.843829,1.384214],[32.892987,1.311506],[32.865317,1.325635],[32.879447,1.297671],[32.858547,1.308857],[32.831171,1.401287],[32.811154,1.398932],[32.78319,1.421009],[32.741979,1.4163],[32.724317,1.399226],[32.719901,1.377738],[32.772593,1.341825],[32.776419,1.305324],[32.738152,1.3536],[32.5842,1.396872],[32.537396,1.45074],[32.557707,1.49931],[32.543577,1.523743],[32.560945,1.531102],[32.601861,1.496955],[32.680751,1.490185],[32.739624,1.538166],[32.75758,1.571429],[32.810566,1.599983],[32.810566,1.565248],[32.79673,1.578789],[32.788783,1.565248],[32.810566,1.537872],[32.842062,1.556417],[32.899169,1.555828],[32.913593,1.572018],[32.93567,1.553473],[32.979825,1.567897],[32.995426,1.558477],[32.982474,1.537872],[33.033399,1.560244],[33.089328,1.611757],[33.087562,1.635601],[33.107579,1.64973],[33.11641,1.635895],[33.105224,1.620588],[33.133189,1.606164],[33.155855,1.630302],[33.153205,1.620588],[33.170573,1.627064],[33.192061,1.671513],[33.223853,1.652968],[33.251523,1.692119],[33.250346,1.657678],[33.2736,1.63354],[33.324525,1.674457],[33.392818,1.688881],[33.437855,1.773952],[33.454929,1.763944],[33.434323,1.732447],[33.436089,1.67063],[33.475828,1.688881],[33.469058,1.654735],[33.487897,1.658856]],[[32.865317,1.441909],[32.751398,1.446913],[32.714897,1.46222],[32.751104,1.431312],[32.803795,1.435433],[32.824106,1.425131],[32.865317,1.441909]]]},"properties":{"name":"Lake Kyoga","nameZh":"基奥加湖","rank":5}},{"type":"Feature","geometry":{"type":"MultiPolygon","coordinates":[[[[31.921586,-7.567105],[31.916582,-7.56681],[31.922175,-7.56681],[31.921586,-7.567105]]],[[[32.472047,-8.000114],[32.53298,-8.049568],[32.538867,-8.122276],[32.473224,-8.084891],[32.394335,-8.061342],[32.324865,-8.007768],[32.260988,-7.994522],[32.19034,-7.956254],[32.113511,-7.934766],[31.966624,-8.002764],[31.913049,-7.965968],[31.830627,-7.814665],[31.83887,-7.799947],[31.811199,-7.772277],[31.778525,-7.703395],[31.796481,-7.636869],[31.921586,-7.567105],[31.95897,-7.56946],[32.0723,-7.649821],[32.12558,-7.720174],[32.190635,-7.777575],[32.271585,-7.828206],[32.402577,-7.969501],[32.472047,-8.000114]]]]},"properties":{"name":"Lake Rukwa","nameZh":"鲁夸湖","rank":5}},{"type":"Feature","geometry":{"type":"Polygon","coordinates":[[[97.867981,34.871666],[97.901539,34.821624],[97.850025,34.8281],[97.85709,34.808377],[97.845315,34.806611],[97.779672,34.829572],[97.760833,34.849],[97.754945,34.817208],[97.734929,34.808377],[97.712263,34.818386],[97.698428,34.842229],[97.678705,34.815148],[97.698428,34.794542],[97.65545,34.780707],[97.581271,34.79572],[97.545358,34.889328],[97.591573,34.946434],[97.671935,34.965274],[97.632784,34.970572],[97.623953,34.986173],[97.650446,35.042397],[97.72963,35.085963],[97.768486,35.087729],[97.771135,35.051228],[97.808225,35.010017],[97.788503,34.978814],[97.800278,34.914643],[97.867981,34.871666]]]},"properties":{"name":"Ngoring Hu","nameZh":"鄂陵湖","rank":5}},{"type":"Feature","geometry":{"type":"Polygon","coordinates":[[[119.38806,33.002159],[119.415141,32.793455],[119.391592,32.740175],[119.367454,32.731344],[119.319178,32.779031],[119.306521,32.741058],[119.2815,32.717803],[119.227337,32.759309],[119.207614,32.690428],[119.177,32.667173],[119.172585,32.692488],[119.154629,32.703968],[119.17494,32.717803],[119.141971,32.738115],[119.120777,32.785802],[119.133435,32.801108],[119.129019,32.818182],[119.082215,32.832311],[119.044831,32.882059],[119.066614,32.883825],[119.113418,32.847912],[119.144915,32.910023],[119.16081,32.88147],[119.226454,32.851445],[119.284738,32.875877],[119.250886,32.868518],[119.239406,32.877349],[119.237051,32.93681],[119.264427,32.93004],[119.276496,32.951234],[119.22351,32.998921],[119.264427,33.019232],[119.277967,33.053967],[119.307404,33.023648],[119.327126,33.023648],[119.298573,33.111957],[119.234107,33.136978],[119.236462,33.176128],[119.195545,33.170241],[119.158455,33.134329],[119.154629,33.073984],[119.195545,33.087525],[119.075739,33.019232],[118.970357,33.046608],[118.921787,33.039838],[118.839954,33.10136],[118.888818,33.09665],[118.900298,33.069569],[118.945925,33.073984],[119.052484,33.046608],[119.122249,33.069274],[119.156984,33.165826],[119.237051,33.204976],[119.244999,33.227642],[119.257951,33.221755],[119.268548,33.169358],[119.31594,33.139038],[119.346849,33.060149],[119.341844,33.019232],[119.305343,32.991268],[119.379523,33.02041],[119.38806,33.002159]]]},"properties":{"name":"Gaoyou Hu","nameZh":"高邮湖","rank":5}},{"type":"Feature","geometry":{"type":"Polygon","coordinates":[[[88.09833,69.525683],[88.175159,69.503017],[88.139541,69.470931],[88.075075,69.492714],[88.050643,69.477113],[88.070954,69.470931],[88.04505,69.461806],[87.929954,69.488887],[87.749803,69.488004],[87.704177,69.504194],[87.701233,69.539812],[87.673268,69.550115],[87.73744,69.622823],[87.701233,69.643134],[87.692696,69.712309],[87.660022,69.789727],[87.549636,69.847717],[87.564059,69.861258],[87.534329,69.878625],[87.412756,69.882452],[87.380376,69.864201],[87.323858,69.895993],[87.358004,69.902469],[87.344169,69.916598],[87.419821,69.943385],[87.364775,69.985479],[87.401276,70.009912],[87.5776,70.0523],[87.662671,70.092334],[87.753041,70.115588],[87.844883,70.111762],[87.892275,70.087918],[88.015908,70.087918],[87.967633,70.049651],[87.952031,70.009617],[87.930543,69.998726],[87.664438,69.969878],[87.629997,69.961636],[87.611746,69.943385],[87.693874,69.881274],[87.886977,69.797381],[87.892864,69.759113],[87.964983,69.757936],[87.983528,69.689938],[88.054176,69.642545],[88.057414,69.622528],[88.042695,69.6031],[87.992065,69.595741],[87.974992,69.580729],[88.070366,69.54982],[88.09833,69.525683]],[[87.919651,69.525683],[87.974992,69.553647],[87.902872,69.559534],[87.878735,69.553647],[87.928188,69.556591],[87.940551,69.545994],[87.919651,69.525683]]]},"properties":{"name":"Ozero Pyasino","nameZh":"皮亚西诺湖","rank":5}},{"type":"Feature","geometry":{"type":"Polygon","coordinates":[[[99.12521,2.425969],[99.152586,2.408012],[99.141989,2.38152],[99.130509,2.37416],[99.117557,2.387701],[99.07664,2.350906],[99.025715,2.35797],[98.975673,2.33972],[98.860577,2.353555],[98.82702,2.336482],[98.829963,2.382991],[98.81083,2.39506],[98.788458,2.449223],[98.709274,2.535472],[98.67866,2.551662],[98.676011,2.600821],[98.703092,2.597877],[98.740771,2.531645],[98.87765,2.430973],[98.89855,2.428618],[98.97744,2.463353],[98.965959,2.510451],[98.901788,2.584042],[98.844976,2.677356],[98.766381,2.748297],[98.732529,2.754773],[98.701032,2.743587],[98.67866,2.709736],[98.676011,2.627314],[98.627735,2.65204],[98.591528,2.735934],[98.568568,2.745354],[98.524708,2.800694],[98.514111,2.88812],[98.690435,2.87193],[98.782865,2.812174],[98.819072,2.765665],[98.911208,2.700316],[98.92622,2.644975],[98.917389,2.620838],[99.036018,2.49014],[99.04897,2.396827],[99.12521,2.425969]]]},"properties":{"name":"Danau Toba","nameZh":"多巴湖","rank":5}},{"type":"Feature","geometry":{"type":"Polygon","coordinates":[[[27.054275,61.677052],[27.033964,61.67087],[27.047505,61.64997],[27.031315,61.649382],[27.01012,61.667338],[27.009237,61.702662],[26.985983,61.702956],[26.958901,61.683234],[26.979212,61.663511],[26.910331,61.665866],[26.835268,61.697657],[26.831441,61.717968],[26.801122,61.717968],[26.803771,61.680584],[26.78817,61.676169],[26.718994,61.711198],[26.677489,61.717968],[26.6978,61.687943],[26.807009,61.636724],[26.848809,61.628776],[26.824082,61.667338],[26.848809,61.67087],[26.874419,61.655269],[26.86912,61.628776],[26.889725,61.622595],[26.882661,61.602872],[26.903561,61.595219],[26.862938,61.589037],[26.911508,61.574613],[26.855579,61.553713],[26.801122,61.595219],[26.821433,61.561072],[26.796412,61.553419],[26.770214,61.56431],[26.775807,61.621417],[26.71399,61.647027],[26.662476,61.684705],[26.650702,61.707077],[26.609196,61.717968],[26.610374,61.730332],[26.557683,61.741223],[26.560921,61.766539],[26.533545,61.792443],[26.49204,61.807455],[26.512939,61.78685],[26.426691,61.792737],[26.40373,61.800685],[26.417565,61.820996],[26.364286,61.845428],[26.287751,61.846017],[26.270089,61.856025],[26.265968,61.876336],[26.312183,61.870155],[26.346035,61.906362],[26.341619,61.937858],[26.371056,61.977892],[26.405496,61.987312],[26.435522,61.987017],[26.431106,61.971416],[26.465841,61.951399],[26.399904,61.940802],[26.384597,61.91637],[26.39019,61.889288],[26.356043,61.862207],[26.478793,61.853082],[26.458482,61.896942],[26.512939,61.883107],[26.560921,61.930499],[26.49204,61.930499],[26.552384,61.950811],[26.609196,61.930499],[26.595067,61.907245],[26.61891,61.876042],[26.660416,61.85838],[26.698094,61.876336],[26.670719,61.889288],[26.730769,61.888111],[26.753141,61.876336],[26.739894,61.865151],[26.75785,61.849255],[26.782577,61.848961],[26.814663,61.876336],[26.821433,61.903124],[26.811719,61.91637],[26.76727,61.903418],[26.677489,61.930499],[26.574461,62.019692],[26.553856,62.053838],[26.579466,62.048834],[26.604781,62.019692],[26.663948,62.012921],[26.681021,61.995554],[26.677489,61.978775],[26.766976,61.916664],[26.741955,61.95817],[26.745781,61.971416],[26.784932,61.96494],[26.881778,61.899591],[26.911508,61.855731],[26.86912,61.883107],[26.852047,61.870155],[26.901794,61.843368],[26.89002,61.745639],[26.918279,61.746522],[26.940062,61.706488],[26.951836,61.717968],[27.023956,61.717968],[27.054275,61.677052]]]},"properties":{"name":null,"nameZh":null,"rank":5}},{"type":"Feature","geometry":{"type":"Polygon","coordinates":[[[16.367974,59.294174],[16.426258,59.319784],[16.412423,59.296235],[16.377099,59.281222],[15.870793,59.19674],[15.91171,59.168775],[15.825755,59.142282],[15.700062,59.142282],[15.579373,59.17584],[15.617934,59.204688],[15.658557,59.209986],[15.637362,59.229709],[15.558767,59.23118],[15.534924,59.25208],[15.569659,59.258262],[15.545226,59.267976],[15.411291,59.25208],[15.239088,59.274452],[15.227019,59.285638],[15.256455,59.299473],[15.431896,59.278867],[15.518734,59.318018],[15.57584,59.326554],[15.645899,59.306243],[15.723317,59.306832],[15.751576,59.299178],[15.783956,59.268565],[15.816041,59.265032],[15.815453,59.281222],[15.833703,59.29594],[15.823106,59.306832],[15.838413,59.323611],[15.854014,59.292997],[16.022391,59.289759],[16.082735,59.26621],[16.226974,59.285638],[16.289379,59.307421],[16.367974,59.294174]]]},"properties":{"name":"Hjälmaren","nameZh":"耶尔马伦湖","rank":5}},{"type":"Feature","geometry":{"type":"Polygon","coordinates":[[[24.704366,61.64997],[24.684938,61.641139],[24.621944,61.663511],[24.566015,61.661156],[24.536284,61.619062],[24.484476,61.622595],[24.42266,61.582267],[24.576612,61.536051],[24.60075,61.513385],[24.532458,61.515446],[24.471524,61.537818],[24.42266,61.533697],[24.387336,61.514857],[24.294317,61.520156],[24.27224,61.513385],[24.285486,61.499845],[24.233384,61.493369],[24.193939,61.44892],[24.162442,61.442738],[24.158026,61.421249],[24.197177,61.416245],[24.142719,61.395934],[24.163031,61.355018],[24.153022,61.340005],[24.107984,61.341182],[24.101803,61.315867],[24.114755,61.307331],[24.210718,61.341182],[24.224553,61.317339],[24.301382,61.289374],[24.326991,61.265531],[24.261348,61.292612],[24.203947,61.293495],[24.187757,61.307919],[24.128884,61.259644],[24.028801,61.256994],[23.991122,61.224614],[24.077959,61.17781],[24.135655,61.163386],[24.173039,61.191057],[24.245158,61.183698],[24.231323,61.211073],[24.352307,61.173395],[24.388513,61.128946],[24.324636,61.153967],[24.312568,61.142781],[24.326403,61.113345],[24.416184,61.046524],[24.477706,61.019737],[24.392635,61.033866],[24.370852,61.070367],[24.323459,61.094211],[24.307269,61.122764],[24.27224,61.108635],[24.27224,61.067718],[24.252223,61.065658],[24.133005,61.132773],[24.046168,61.15956],[24.009078,61.15485],[23.988767,61.168096],[23.791543,61.203126],[23.764462,61.218433],[23.778885,61.224614],[23.750332,61.314984],[23.757691,61.341182],[23.833343,61.213134],[23.977581,61.197238],[23.950794,61.215783],[23.936665,61.245808],[24.012905,61.264059],[24.046462,61.293495],[24.055293,61.323815],[24.027623,61.368558],[23.990533,61.381216],[23.970811,61.423899],[24.004368,61.436556],[24.074427,61.418306],[24.155671,61.464815],[24.152139,61.479239],[24.27224,61.545471],[24.345831,61.562839],[24.367908,61.589037],[24.340532,61.6014],[24.348186,61.608759],[24.296672,61.608465],[24.324636,61.648204],[24.356428,61.647615],[24.374678,61.636135],[24.37144,61.621123],[24.40382,61.61288],[24.478295,61.629659],[24.48948,61.639962],[24.477706,61.656741],[24.511852,61.67087],[24.457395,61.690887],[24.575435,61.679701],[24.60075,61.697657],[24.587504,61.705016],[24.62636,61.722384],[24.780018,61.732392],[24.765888,61.711198],[24.690237,61.710904],[24.664627,61.694419],[24.676402,61.67087],[24.662861,61.663511],[24.704366,61.64997]]]},"properties":{"name":null,"nameZh":null,"rank":5}},{"type":"Feature","geometry":{"type":"Polygon","coordinates":[[[23.541334,61.45363],[23.501594,61.420072],[23.490114,61.397995],[23.500123,61.382099],[23.584605,61.332351],[23.723545,61.32823],[23.703528,61.299677],[23.73061,61.279955],[23.718246,61.246986],[23.703234,61.239038],[23.683217,61.259349],[23.694697,61.273184],[23.686161,61.286725],[23.652603,61.300855],[23.531914,61.307331],[23.553108,61.287314],[23.497768,61.293495],[23.511897,61.307331],[23.463621,61.348247],[23.475985,61.360316],[23.418878,61.385926],[23.37649,61.369736],[23.326448,61.375623],[23.359711,61.382982],[23.375312,61.41654],[23.446254,61.414479],[23.559878,61.485421],[23.6423,61.498962],[23.708238,61.493957],[23.716775,61.516329],[23.641712,61.539878],[23.631703,61.58786],[23.614336,61.595219],[23.641712,61.608759],[23.558407,61.636724],[23.556346,61.653208],[23.576657,61.657329],[23.631115,61.638196],[23.656136,61.642317],[23.614336,61.656741],[23.649071,61.67087],[23.539273,61.705016],[23.636413,61.702073],[23.692048,61.717968],[23.692931,61.734453],[23.677035,61.747994],[23.649071,61.752115],[23.709121,61.782434],[23.710004,61.803923],[23.669676,61.820996],[23.711182,61.836597],[23.764462,61.83542],[23.74209,61.857791],[23.647599,61.886639],[23.63553,61.903124],[23.675858,61.903124],[23.842762,61.856908],[23.874259,61.886345],[23.871021,61.896648],[23.847178,61.896942],[23.835109,61.917253],[23.909289,61.91843],[23.943435,61.930499],[23.970222,61.960525],[24.072955,61.971416],[23.998775,61.992316],[24.025268,62.007328],[24.021441,62.025873],[24.004957,62.034116],[24.022325,62.050894],[24.020264,62.066496],[23.971988,62.102997],[23.950205,62.109178],[23.963746,62.094755],[23.953738,62.091517],[23.796547,62.103291],[23.785067,62.088573],[23.657019,62.112416],[23.652603,62.122719],[23.703234,62.12949],[23.649071,62.143325],[23.65849,62.162753],[23.621401,62.211617],[23.684689,62.234578],[23.710004,62.225747],[23.67262,62.208085],[23.699407,62.175116],[23.683217,62.163636],[23.696169,62.151567],[23.739146,62.143325],[23.757691,62.150095],[23.764462,62.17806],[23.786539,62.18012],[23.803023,62.148034],[23.874554,62.133022],[23.922829,62.157454],[23.905168,62.179531],[23.922829,62.204552],[23.904285,62.218682],[23.950205,62.218388],[23.958153,62.238404],[23.974049,62.241054],[24.019087,62.231928],[23.992888,62.200137],[23.956976,62.204552],[23.944024,62.190423],[23.938725,62.164225],[23.954621,62.141264],[23.998775,62.17806],[24.019087,62.148034],[24.053233,62.12949],[24.069717,62.147446],[24.106807,62.144502],[24.203653,62.169229],[24.167446,62.140381],[24.080609,62.12949],[24.095032,62.116538],[24.163031,62.122719],[24.087379,62.075032],[24.101803,62.060314],[24.21425,62.034116],[24.257816,62.062375],[24.286075,62.109178],[24.277244,62.120659],[24.306386,62.122719],[24.357605,62.098581],[24.318749,62.087984],[24.278421,62.047656],[24.323753,62.040297],[24.340532,62.019692],[24.39234,62.036765],[24.474173,62.019103],[24.57308,62.019103],[24.594568,62.026462],[24.565132,62.037648],[24.529808,62.091222],[24.498311,62.109178],[24.426486,62.088573],[24.361138,62.116538],[24.388513,62.12949],[24.278421,62.17806],[24.332584,62.175116],[24.401466,62.144502],[24.427664,62.149212],[24.505082,62.12949],[24.587504,62.067967],[24.608109,62.075032],[24.60075,62.094755],[24.628715,62.122719],[24.580733,62.151567],[24.573963,62.170701],[24.594568,62.184241],[24.587504,62.211617],[24.61488,62.191012],[24.621944,62.228985],[24.594568,62.259893],[24.69789,62.275789],[24.697596,62.252534],[24.658445,62.206907],[24.662861,62.191012],[24.681995,62.183653],[24.745283,62.204552],[24.738512,62.218388],[24.780018,62.218388],[24.757057,62.193661],[24.684349,62.155394],[24.693769,62.126252],[24.731742,62.105646],[24.686999,62.105646],[24.64932,62.086512],[24.635191,62.027051],[24.580145,62.00674],[24.670809,61.974654],[24.690531,61.930499],[24.729682,61.918725],[24.731742,61.889288],[24.649614,61.951399],[24.594568,61.96494],[24.582794,61.982602],[24.532458,61.984957],[24.560422,61.999381],[24.528631,62.008506],[24.395873,61.999381],[24.430608,61.984957],[24.412946,61.980247],[24.326697,62.002913],[24.278421,61.984957],[24.235739,62.01145],[24.072955,62.040297],[24.067951,62.015571],[24.094149,62.00674],[24.092383,61.990844],[24.105335,61.982307],[24.167152,61.981719],[24.197177,61.958464],[24.019087,61.94404],[24.080609,61.909894],[24.004957,61.916664],[23.943435,61.903124],[23.970811,61.896942],[23.963452,61.878397],[23.906639,61.848961],[23.88103,61.85161],[23.796842,61.820996],[23.73061,61.773309],[23.757691,61.745933],[23.819213,61.732392],[23.764462,61.725622],[23.778885,61.717968],[23.764462,61.705016],[23.768877,61.682056],[23.744739,61.663511],[23.718246,61.666749],[23.731493,61.650853],[23.776236,61.635841],[23.936665,61.656741],[23.893393,61.63849],[23.750921,61.622595],[23.773292,61.601106],[23.819213,61.62024],[23.826572,61.608759],[23.778885,61.589037],[23.81156,61.535168],[23.766228,61.521039],[23.710004,61.479239],[23.590492,61.472174],[23.541334,61.45363]]]},"properties":{"name":"Pyhäjärvi","nameZh":"皮海湖","rank":5}},{"type":"Feature","geometry":{"type":"Polygon","coordinates":[[[23.22342,61.445387],[23.264337,61.402705],[23.120982,61.410358],[23.062109,61.369736],[23.059459,61.389164],[23.030906,61.405059],[22.960259,61.341182],[22.80454,61.323521],[22.692682,61.279955],[22.644112,61.235506],[22.64735,61.201065],[22.579057,61.211073],[22.626744,61.211073],[22.617325,61.230796],[22.626744,61.245808],[22.738603,61.322637],[22.808956,61.348247],[22.877837,61.344715],[22.947601,61.358256],[23.02443,61.439794],[23.045919,61.44421],[23.060048,61.423016],[23.080654,61.423899],[23.146591,61.441266],[23.168963,61.464815],[23.38797,61.464815],[23.372663,61.452746],[23.22342,61.445387]]]},"properties":{"name":null,"nameZh":null,"rank":5}},{"type":"Feature","geometry":{"type":"Polygon","coordinates":[[[97.317226,35.034155],[97.48678,34.983818],[97.486191,34.96704],[97.472062,34.956148],[97.452045,34.965274],[97.445863,34.93672],[97.396116,34.90905],[97.378748,34.872843],[97.304274,34.829277],[97.248345,34.836048],[97.069371,34.935248],[97.055831,34.997948],[97.085856,35.009723],[97.095864,34.986173],[97.122946,35.027973],[97.162979,35.012961],[97.250111,35.013549],[97.317226,35.034155]]]},"properties":{"name":"Gyaring Hu","nameZh":"扎陵湖","rank":5}},{"type":"Feature","geometry":{"type":"Polygon","coordinates":[[[26.650996,63.170361],[26.623032,63.123263],[26.635689,63.095887],[26.588885,63.08058],[26.533839,63.082052],[26.62362,63.023179],[26.637455,62.982557],[26.663948,62.965778],[26.629508,62.938402],[26.451417,63.020235],[26.485564,63.033187],[26.455244,63.048494],[26.472023,63.075576],[26.418743,63.14063],[26.293638,63.19391],[26.197675,63.27486],[26.28098,63.260437],[26.300703,63.246896],[26.293932,63.225702],[26.32072,63.196854],[26.451417,63.150639],[26.458482,63.164768],[26.49204,63.157409],[26.502342,63.191555],[26.560921,63.184785],[26.579171,63.208923],[26.615967,63.185962],[26.643343,63.191555],[26.591535,63.243069],[26.558566,63.252783],[26.549441,63.273389],[26.472023,63.281042],[26.383419,63.349334],[26.487035,63.380243],[26.50558,63.375827],[26.521476,63.334028],[26.567691,63.301353],[26.629213,63.327552],[26.732829,63.32137],[26.70722,63.298115],[26.635689,63.301353],[26.661005,63.276627],[26.753141,63.267207],[26.718994,63.253077],[26.766976,63.198326],[26.711635,63.198326],[26.650996,63.170361]]]},"properties":{"name":null,"nameZh":null,"rank":5}},{"type":"Feature","geometry":{"type":"Polygon","coordinates":[[[26.555622,61.629365],[26.581232,61.622595],[26.543553,61.6014],[26.485564,61.61553],[26.45024,61.596102],[26.438465,61.611409],[26.396371,61.61553],[26.40373,61.636135],[26.260964,61.692064],[26.204446,61.759768],[26.166767,61.706488],[26.121729,61.730921],[26.070804,61.72886],[26.065506,61.719146],[26.081696,61.705016],[26.057264,61.668221],[26.067272,61.656741],[26.122024,61.642317],[26.108189,61.656741],[26.132327,61.679407],[26.159997,61.678818],[26.175598,61.663511],[26.163529,61.642317],[26.197675,61.628776],[26.150283,61.577557],[26.145279,61.552536],[26.1703,61.539878],[26.163529,61.526926],[26.012226,61.561072],[25.985439,61.624949],[25.94099,61.612292],[25.922445,61.63378],[25.868871,61.64997],[25.848854,61.677052],[25.883,61.663511],[25.903606,61.683234],[25.930982,61.681173],[25.950704,61.697657],[25.950704,61.725622],[25.978669,61.763889],[25.930098,61.773309],[25.935691,61.813637],[25.958946,61.80981],[25.976608,61.78891],[26.046961,61.773309],[26.073159,61.749465],[26.146162,61.742401],[26.158231,61.744461],[26.188844,61.836303],[26.211216,61.855731],[26.25125,61.836303],[26.258903,61.822173],[26.238886,61.814814],[26.293932,61.752115],[26.265968,61.745933],[26.300408,61.703545],[26.373411,61.686472],[26.341619,61.732392],[26.358987,61.735336],[26.420803,61.718263],[26.458482,61.690887],[26.466136,61.708549],[26.410795,61.732392],[26.441703,61.749171],[26.48262,61.745639],[26.518238,61.729449],[26.574461,61.663511],[26.555622,61.629365]]]},"properties":{"name":null,"nameZh":null,"rank":5}},{"type":"Feature","geometry":{"type":"Polygon","coordinates":[[[81.312943,30.674328],[81.327955,30.641653],[81.315886,30.618987],[81.235525,30.599854],[81.218158,30.621048],[81.183423,30.614866],[81.143683,30.628996],[81.108654,30.676094],[81.135441,30.68934],[81.159579,30.676094],[81.183717,30.692578],[81.176652,30.709651],[81.203734,30.782654],[81.189899,30.846825],[81.224045,30.857422],[81.296164,30.82151],[81.291749,30.787658],[81.259663,30.784714],[81.240824,30.745858],[81.262606,30.706413],[81.312943,30.674328]]]},"properties":{"name":"Langa Co","nameZh":"拉昂错","rank":5}},{"type":"Feature","geometry":{"type":"Polygon","coordinates":[[[81.57787,30.748507],[81.602891,30.722603],[81.60348,30.690223],[81.574338,30.655783],[81.451294,30.566296],[81.445407,30.565413],[81.424212,30.566296],[81.362102,30.614277],[81.378586,30.641359],[81.375642,30.764403],[81.406551,30.788541],[81.450411,30.787658],[81.57787,30.748507]]]},"properties":{"name":"Mapam Yumco","nameZh":"玛旁雍错","rank":5}},{"type":"Feature","geometry":{"type":"Polygon","coordinates":[[[37.251048,60.135173],[37.22014,60.173146],[37.221612,60.193751],[37.246927,60.220538],[37.364379,60.293246],[37.431494,60.31915],[37.50273,60.335635],[37.815639,60.34005],[37.885109,60.318561],[38.008153,60.225837],[38.023165,60.186392],[37.978128,60.108974],[38.032585,60.073945],[37.956639,60.06011],[37.397642,60.08101],[37.251048,60.135173]]]},"properties":{"name":"Lake Beloye","nameZh":"白湖","rank":5}},{"type":"Feature","geometry":{"type":"Polygon","coordinates":[[[35.7389,-3.761271],[35.747142,-3.652651],[35.7389,-3.594367],[35.76657,-3.566696],[35.784526,-3.473677],[35.811313,-3.427756],[35.862238,-3.404207],[35.87784,-3.412155],[35.894913,-3.458959],[35.859,-3.600548],[35.865182,-3.680027],[35.855762,-3.700043],[35.838984,-3.69445],[35.78276,-3.764215],[35.7389,-3.761271]]]},"properties":{"name":"Lake Manyara","nameZh":"马尼亚拉湖","rank":5}},{"type":"Feature","geometry":{"type":"Polygon","coordinates":[[[17.86982,46.863766],[17.563092,46.764565],[17.474489,46.717173],[17.309939,46.724826],[17.275204,46.716584],[17.247828,46.731596],[17.262841,46.767803],[17.345263,46.758089],[17.422975,46.800478],[17.495683,46.786348],[17.575456,46.823144],[17.639627,46.833152],[17.682604,46.869948],[17.82125,46.906154],[17.837734,46.919989],[17.89278,46.895557],[17.89543,46.920284],[17.86511,46.943833],[17.995513,46.999173],[18.046733,47.060401],[18.112082,47.04686],[18.168599,47.013597],[18.118852,46.943833],[17.919567,46.895557],[17.86982,46.863766]]]},"properties":{"name":"Lake Balaton","nameZh":"巴拉顿湖","rank":5}},{"type":"Feature","geometry":{"type":"Polygon","coordinates":[[[-72.250052,-40.237107],[-72.322466,-40.26154],[-72.250052,-40.2845],[-72.251818,-40.304811],[-72.273307,-40.313348],[-72.369564,-40.287738],[-72.463024,-40.2845],[-72.522339,-40.298924],[-72.550892,-40.286266],[-72.565463,-40.216796],[-72.545005,-40.169404],[-72.505707,-40.141439],[-72.429614,-40.122011],[-72.371183,-40.128781],[-72.337625,-40.100228],[-72.318933,-40.117007],[-72.321877,-40.152036],[-72.292588,-40.143205],[-72.26374,-40.168815],[-72.272129,-40.207082],[-72.250052,-40.237107]]]},"properties":{"name":"Lago Ranco","nameZh":"蘭科湖","rank":5}},{"type":"Feature","geometry":{"type":"Polygon","coordinates":[[[-72.118177,-49.7748],[-72.254762,-49.788635],[-72.534702,-49.679426],[-72.561048,-49.648812],[-72.751207,-49.617609],[-72.77505,-49.617903],[-72.782851,-49.638509],[-72.756947,-49.650872],[-72.764453,-49.66559],[-72.854382,-49.65205],[-72.986993,-49.672066],[-73.027026,-49.692083],[-73.04719,-49.686785],[-73.054108,-49.671478],[-73.036151,-49.65205],[-72.905307,-49.63115],[-73.014368,-49.539308],[-73.028351,-49.496625],[-72.949167,-49.468661],[-72.904718,-49.396836],[-72.891913,-49.410966],[-72.892796,-49.445995],[-72.87116,-49.463657],[-72.686447,-49.524001],[-72.579445,-49.550494],[-72.51498,-49.549022],[-72.426082,-49.578164],[-72.391788,-49.569628],[-72.371183,-49.591705],[-72.202954,-49.61702],[-72.118177,-49.66559],[-72.090507,-49.723286],[-72.094775,-49.755077],[-72.118177,-49.7748]]]},"properties":{"name":"Lago Viedma","nameZh":"别德马湖","rank":5}},{"type":"Feature","geometry":{"type":"Polygon","coordinates":[[[18.077347,-0.941557],[18.033486,-0.976881],[18.016413,-0.972465],[18.022595,-0.929194],[18.011409,-0.927722],[18.009348,-0.896225],[17.961073,-0.887688],[17.912797,-0.819396],[17.914269,-0.791726],[17.947532,-0.79879],[17.940173,-0.72255],[17.926338,-0.702533],[17.912797,-0.723139],[17.80977,-0.716369],[17.817129,-0.709598],[17.798584,-0.662794],[17.80977,-0.648076],[17.831847,-0.676629],[17.872764,-0.674863],[17.97167,-0.636596],[18.025833,-0.633947],[18.042023,-0.656907],[18.077347,-0.661617],[18.118852,-0.695763],[18.108844,-0.722256],[18.125034,-0.746982],[18.112082,-0.756402],[18.091476,-0.750515],[18.095008,-0.788488],[18.131804,-0.826166],[18.129743,-0.840296],[18.105311,-0.846772],[18.098541,-0.884156],[18.162712,-0.983945],[18.131804,-1.003668],[18.114436,-0.987184],[18.072931,-0.997192],[18.084706,-0.952743],[18.077347,-0.941557]]]},"properties":{"name":"Lac Tumba","nameZh":"通巴湖","rank":5}},{"type":"Feature","geometry":{"type":"Polygon","coordinates":[[[30.666123,63.822083],[30.78799,63.824438],[30.810067,63.835918],[30.787695,63.840334],[30.802413,63.892142],[30.782102,63.924522],[30.823608,63.924522],[30.8919,63.910981],[30.900437,63.896557],[30.861286,63.880367],[30.851867,63.865355],[30.85952,63.859468],[30.916332,63.856524],[30.938704,63.836801],[31.173018,63.812369],[31.220999,63.774396],[31.138872,63.767626],[31.193623,63.787348],[31.141815,63.805893],[31.049679,63.809131],[31.042615,63.795002],[30.987568,63.801772],[31.002287,63.776457],[31.107669,63.752613],[31.173312,63.705515],[31.130629,63.719056],[31.117972,63.712285],[31.145642,63.696979],[31.131218,63.676079],[31.06322,63.68491],[31.173018,63.630158],[31.152118,63.609847],[31.158888,63.595717],[30.992278,63.676079],[30.888957,63.685498],[30.871589,63.699333],[30.940176,63.712874],[30.939587,63.732891],[30.903675,63.76321],[30.9337,63.774396],[30.865407,63.804127],[30.666123,63.822083]]]},"properties":{"name":null,"nameZh":null,"rank":5}},{"type":"Feature","geometry":{"type":"Polygon","coordinates":[[[116.444124,30.101201],[116.454721,30.117391],[116.445596,30.124161],[116.393199,30.093547],[116.398497,30.10856],[116.384074,30.112975],[116.40674,30.134464],[116.365823,30.154775],[116.393199,30.154775],[116.384662,30.168021],[116.319608,30.177441],[116.321668,30.214531],[116.296942,30.223656],[116.325789,30.240729],[116.344629,30.223656],[116.344629,30.250443],[116.359053,30.244262],[116.372593,30.271343],[116.369061,30.223656],[116.39732,30.210704],[116.40674,30.223656],[116.418809,30.181268],[116.434704,30.17538],[116.427345,30.209527],[116.475621,30.209527],[116.485629,30.188921],[116.543325,30.236608],[116.530961,30.16861],[116.543325,30.154775],[116.503585,30.137407],[116.506529,30.125044],[116.549801,30.111209],[116.551272,30.095902],[116.482391,30.066171],[116.503585,30.099435],[116.444124,30.101201]]]},"properties":{"name":"Po Hu","nameZh":"鄱湖","rank":5}},{"type":"Feature","geometry":{"type":"Polygon","coordinates":[[[117.571833,47.656489],[117.592438,47.697405],[117.530328,47.718305],[117.50354,47.759516],[117.512371,47.785714],[117.685163,47.954679],[117.739326,47.977345],[117.798788,47.970869],[117.831756,47.91023],[117.872967,47.889036],[117.882093,47.83399],[117.868846,47.809558],[117.802614,47.747447],[117.673388,47.677094],[117.604802,47.654722],[117.571833,47.656489]]]},"properties":{"name":"Buyr Nuur","nameZh":"贝尔湖","rank":5}},{"type":"Feature","geometry":{"type":"Polygon","coordinates":[[[83.348176,31.436142],[83.260161,31.471466],[83.253097,31.459102],[83.178328,31.463812],[83.144182,31.449683],[83.080894,31.518858],[83.042921,31.53652],[83.027908,31.518564],[82.979632,31.525334],[82.958733,31.501491],[82.939599,31.499725],[82.832745,31.545351],[82.823325,31.57361],[82.939599,31.581264],[82.972273,31.573021],[82.941659,31.617765],[82.917522,31.621003],[82.928413,31.634838],[82.979632,31.641314],[83.034679,31.619825],[83.072652,31.65456],[83.115923,31.655738],[83.120339,31.631894],[83.089136,31.605696],[83.130641,31.615115],[83.14065,31.586856],[83.19128,31.578026],[83.21689,31.553299],[83.261633,31.537109],[83.37673,31.436436],[83.348176,31.436142]]]},"properties":{"name":"Ngangla Ringeo","nameZh":"昂拉仁错","rank":5}},{"type":"Feature","geometry":{"type":"Polygon","coordinates":[[[86.768982,31.223611],[86.796063,31.141778],[86.773986,31.122939],[86.659184,31.113519],[86.614146,31.078784],[86.597368,31.052291],[86.606787,31.001955],[86.521716,30.88156],[86.524954,30.824159],[86.47344,30.780887],[86.429874,30.770585],[86.412507,30.784714],[86.376006,30.871257],[86.416039,30.878028],[86.426636,30.89304],[86.454012,30.999894],[86.570875,31.08997],[86.615029,31.211248],[86.631514,31.29573],[86.625627,31.339885],[86.647704,31.368733],[86.689798,31.368438],[86.734247,31.34695],[86.761917,31.313098],[86.768982,31.223611]]]},"properties":{"name":"Tangra Yumco","nameZh":"当惹雍错","rank":5}},{"type":"Feature","geometry":{"type":"Polygon","coordinates":[[[79.766059,53.028928],[79.820222,53.001258],[79.808742,52.97241],[79.745454,52.97506],[79.710424,52.960047],[79.720138,52.944151],[79.703654,52.888811],[79.712485,52.860846],[79.730147,52.85437],[79.743393,52.864379],[79.738389,52.884984],[79.763116,52.878508],[79.764587,52.85702],[79.734562,52.823462],[79.594445,52.830527],[79.489063,52.864379],[79.401342,52.930611],[79.377204,52.987128],[79.400459,53.060425],[79.487591,53.123713],[79.542048,53.131073],[79.662737,53.104874],[79.651257,53.125774],[79.573839,53.138432],[79.5968,53.146968],[79.665975,53.138432],[79.713957,53.092216],[79.77283,53.074849],[79.766059,53.028928]]]},"properties":{"name":"Ozero Kulundinskoye","nameZh":"庫倫達湖","rank":5}},{"type":"Feature","geometry":{"type":"Polygon","coordinates":[[[73.379535,53.099576],[73.432521,53.068079],[73.412798,53.056304],[73.376297,53.055715],[73.297113,53.128129],[73.296819,53.151972],[73.090764,53.26177],[73.059856,53.336244],[73.039545,53.336244],[72.984499,53.292973],[72.974784,53.242048],[72.952707,53.258827],[72.922093,53.254117],[72.912674,53.289146],[72.931513,53.286202],[72.988325,53.337716],[73.008931,53.330063],[72.988325,53.351846],[72.95359,53.346547],[72.95359,53.358027],[72.994801,53.364209],[73.014229,53.388936],[73.044254,53.396],[73.264439,53.402182],[73.405439,53.366858],[73.435759,53.340954],[73.440174,53.296505],[73.412798,53.238515],[73.4075,53.17405],[73.433404,53.111056],[73.41221,53.118121],[73.379535,53.099576]]]},"properties":{"name":"Siletitengiz Kli","nameZh":"谢列特田吉兹湖","rank":5}},{"type":"Feature","geometry":{"type":"Polygon","coordinates":[[[80.26118,55.579593],[80.313577,55.564581],[80.340952,55.529846],[80.317698,55.502176],[80.231155,55.462142],[80.173754,55.420048],[79.906177,55.372655],[79.820222,55.400031],[79.803149,55.465086],[79.810214,55.475683],[79.858195,55.489518],[79.941206,55.485102],[79.957985,55.4957],[79.967993,55.526313],[80.00891,55.541915],[80.26118,55.579593]]]},"properties":{"name":"Ubinskoye Lake","nameZh":"乌宾斯科耶湖","rank":5}},{"type":"Feature","geometry":{"type":"Polygon","coordinates":[[[38.646629,61.304976],[38.636032,61.329408],[38.669883,61.361788],[38.667234,61.393874],[38.683719,61.41389],[38.770262,61.455396],[38.964836,61.485421],[38.860337,61.366498],[38.851506,61.306153],[38.895955,61.272007],[38.902726,61.211073],[38.820009,61.197238],[38.755543,61.205186],[38.738176,61.179871],[38.699909,61.183698],[38.645746,61.223437],[38.646629,61.304976]]]},"properties":{"name":null,"nameZh":null,"rank":5}},{"type":"Feature","geometry":{"type":"Polygon","coordinates":[[[28.740981,66.342429],[28.830468,66.337719],[28.91083,66.282379],[28.97294,66.295625],[28.932024,66.309166],[28.950274,66.322707],[29.172225,66.295625],[29.034757,66.295625],[29.062133,66.268249],[28.986187,66.282673],[28.96617,66.268249],[29.090097,66.248527],[29.067137,66.232042],[28.94321,66.238813],[28.937617,66.204372],[28.794556,66.172581],[28.686818,66.110764],[28.428955,66.100756],[28.343296,66.076029],[28.567601,66.083094],[28.661503,66.102228],[28.706541,66.090159],[28.610284,66.049242],[28.50549,66.048065],[28.47311,66.042472],[28.479292,66.02952],[28.322101,66.042472],[28.072186,66.028931],[28.041867,66.035702],[28.023027,66.055718],[28.029209,66.070142],[28.076013,66.076029],[28.021261,66.103994],[28.047754,66.121656],[27.849353,66.166105],[27.916762,66.182884],[27.95238,66.166694],[28.027443,66.166105],[28.104861,66.147266],[28.140773,66.114297],[28.109865,66.090159],[28.143128,66.060428],[28.363312,66.097518],[28.476348,66.138729],[28.617349,66.144911],[28.527862,66.179646],[28.613522,66.192892],[28.610284,66.207021],[28.740098,66.207021],[28.787785,66.227333],[28.849896,66.227333],[28.821932,66.234103],[28.849896,66.248527],[28.821932,66.268249],[28.836355,66.282673],[28.706541,66.33036],[28.740981,66.342429]]]},"properties":{"name":null,"nameZh":null,"rank":5}},{"type":"Feature","geometry":{"type":"Polygon","coordinates":[[[142.135342,72.601493],[142.214231,72.552187],[142.111204,72.548802],[142.017007,72.491107],[141.820078,72.456666],[141.778867,72.470207],[141.657883,72.460934],[141.622559,72.479627],[141.693501,72.510535],[141.639044,72.521426],[141.521593,72.573234],[141.588119,72.594134],[141.669069,72.559841],[141.704981,72.585892],[141.888665,72.627397],[142.135342,72.601493]]]},"properties":{"name":"Ozero Bustakh","nameZh":"布斯塔赫湖","rank":5}},{"type":"Feature","geometry":{"type":"Polygon","coordinates":[[[35.639699,32.849973],[35.634106,32.752244],[35.599371,32.717803],[35.577,32.720158],[35.566402,32.756954],[35.517244,32.820831],[35.52372,32.852033],[35.591718,32.897954],[35.63028,32.882647],[35.639699,32.849973]]]},"properties":{"name":"Sea of Galilee","nameZh":"加利利海","rank":5}},{"type":"Feature","geometry":{"type":"Polygon","coordinates":[[[91.017539,28.870759],[90.915101,28.93964],[90.899205,28.935813],[90.893906,28.952886],[90.85299,28.911675],[90.85976,28.93964],[90.811484,28.926099],[90.805303,28.952886],[90.757616,28.922567],[90.749962,28.936402],[90.763503,28.956419],[90.729357,28.974375],[90.722586,28.952886],[90.764386,28.896957],[90.766152,28.87223],[90.729357,28.857218],[90.733772,28.874291],[90.702275,28.905788],[90.656649,28.905788],[90.647524,28.891953],[90.682259,28.88842],[90.680198,28.878706],[90.604252,28.8216],[90.593066,28.785687],[90.507406,28.782155],[90.496809,28.792163],[90.50358,28.823072],[90.456187,28.846032],[90.437348,28.893719],[90.490333,28.884299],[90.496809,28.851036],[90.529189,28.867815],[90.524774,28.813063],[90.551855,28.809531],[90.544496,28.823072],[90.56569,28.836612],[90.553621,28.845443],[90.551855,28.891953],[90.641342,28.919623],[90.599248,28.93964],[90.600425,28.959068],[90.694622,28.982028],[90.690501,29.022062],[90.647524,29.076225],[90.665774,29.086822],[90.656649,29.139807],[90.628684,29.169244],[90.572461,29.186317],[90.435876,29.130977],[90.39437,29.097419],[90.396725,29.078874],[90.361107,29.111548],[90.366406,29.124795],[90.380535,29.111843],[90.423512,29.147461],[90.548323,29.199858],[90.661064,29.179252],[90.741131,29.142162],[90.722586,29.130977],[90.73701,29.11096],[90.715816,29.11096],[90.719937,29.056797],[90.753789,29.028538],[90.791468,29.035308],[90.773806,29.016469],[90.743192,29.015586],[90.759088,28.99969],[90.832384,28.967016],[90.818255,28.980851],[90.846219,29.028538],[90.861821,29.019118],[90.94542,29.024417],[90.953662,29.001751],[91.022838,28.957302],[91.004882,28.944644],[90.969852,28.960245],[90.951896,28.94435],[91.041972,28.874585],[91.017539,28.870759]]]},"properties":{"name":"Yamzho Yumco","nameZh":"羊卓雍错","rank":5}},{"type":"Feature","geometry":{"type":"Polygon","coordinates":[[[71.974241,56.21748],[72.008387,56.208944],[72.019867,56.172737],[71.951869,56.079718],[71.926259,56.07177],[71.802038,56.136825],[71.774956,56.106505],[71.774956,56.064705],[71.693123,56.045866],[71.679582,56.060879],[71.665747,56.126816],[71.644553,56.132998],[71.610995,56.171265],[71.619532,56.192165],[71.640726,56.200996],[71.795856,56.20129],[71.867681,56.174798],[71.879456,56.183923],[71.85679,56.19452],[71.880927,56.210416],[71.974241,56.21748]]]},"properties":{"name":"Ozero Tenis","nameZh":"捷尼斯湖","rank":5}},{"type":"Feature","geometry":{"type":"Polygon","coordinates":[[[67.663573,55.822149],[67.698308,55.790358],[67.580856,55.790358],[67.622362,55.776817],[67.591159,55.761216],[67.58851,55.736489],[67.516096,55.739727],[67.480184,55.697928],[67.376862,55.719711],[67.282371,55.751502],[67.270302,55.766809],[67.30386,55.81479],[67.36862,55.838339],[67.333296,55.865715],[67.355079,55.873663],[67.409242,55.872191],[67.425138,55.82892],[67.5002,55.779467],[67.543766,55.79389],[67.569965,55.825976],[67.663573,55.822149]]]},"properties":{"name":"Ozero Chërnoye","nameZh":"切尔诺耶湖","rank":5}},{"type":"Feature","geometry":{"type":"Polygon","coordinates":[[[32.762879,65.857022],[32.903585,65.864382],[32.872676,65.871152],[32.884745,65.884693],[32.865023,65.894112],[32.817336,65.905298],[32.865317,65.925609],[32.83382,65.934146],[32.728438,65.925609],[32.746394,65.954163],[32.749043,65.993902],[32.799968,66.018923],[32.859136,66.02952],[32.776419,66.035702],[32.806739,66.046593],[32.952743,66.04571],[32.96128,66.035702],[32.847067,66.005088],[32.855309,65.977712],[32.872382,65.972413],[32.958925,65.976534],[32.913593,65.946804],[32.931844,65.938856],[33.018387,65.947098],[33.120825,65.933852],[33.099042,65.910008],[33.105224,65.891463],[33.057537,65.857022],[33.105224,65.837006],[33.099042,65.824348],[33.030161,65.822582],[33.043113,65.80963],[32.989245,65.796089],[32.913593,65.796089],[32.831171,65.755172],[32.714897,65.768713],[32.710187,65.784903],[32.78319,65.796089],[32.69282,65.812868],[32.714897,65.837006],[32.692526,65.840832],[32.680751,65.857022],[32.693997,65.865559],[32.762879,65.857022]],[[32.953921,65.852607],[32.823812,65.847897],[32.762879,65.830235],[32.787016,65.814634],[32.947739,65.815812],[32.844712,65.822582],[32.869733,65.837594],[32.982474,65.837006],[32.953921,65.852607]]]},"properties":{"name":null,"nameZh":null,"rank":5}},{"type":"Feature","geometry":{"type":"Polygon","coordinates":[[[158.922339,70.123242],[158.948243,70.112939],[158.954719,70.092922],[158.879951,70.092334],[158.888782,70.061131],[158.869648,70.037582],[158.797823,70.0105],[158.831969,69.983124],[158.80165,69.972527],[158.744543,70.001375],[158.621205,70.025807],[158.571457,70.048179],[158.540843,70.074083],[158.52377,70.120298],[158.529952,70.134133],[158.617967,70.148557],[158.684199,70.148557],[158.814602,70.123536],[158.922339,70.123242]]]},"properties":{"name":"Ozero Bol'šoe Morskoe","nameZh":"大莫尔斯科湖","rank":5}},{"type":"Feature","geometry":{"type":"Polygon","coordinates":[[[160.072126,69.43443],[159.996474,69.461806],[160.068888,69.475935],[160.141007,69.468576],[160.045044,69.52009],[160.031209,69.536868],[160.038862,69.548937],[160.237853,69.525388],[160.365901,69.475935],[160.385918,69.458862],[160.373849,69.4412],[160.455976,69.4412],[160.437137,69.419417],[160.442141,69.407643],[160.220191,69.43443],[160.134236,69.428248],[160.152487,69.409997],[160.286717,69.378501],[160.287011,69.357012],[160.25051,69.344943],[160.120401,69.362311],[160.053581,69.385565],[160.017668,69.420889],[160.072126,69.43443]]]},"properties":{"name":"Ozero Chukochye","nameZh":"丘科奇耶湖","rank":5}},{"type":"Feature","geometry":{"type":"Polygon","coordinates":[[[118.82288,31.401996],[118.764302,31.484418],[118.794916,31.400818],[118.773427,31.39287],[118.777843,31.408766],[118.751056,31.434376],[118.732216,31.488539],[118.736043,31.504729],[118.757237,31.504729],[118.688356,31.538875],[118.722502,31.559481],[118.801981,31.532105],[118.82288,31.54594],[118.903242,31.547706],[118.939154,31.565662],[118.975361,31.494132],[118.965941,31.459691],[118.945925,31.443501],[118.907952,31.439969],[118.894411,31.40229],[118.857615,31.381685],[118.82288,31.401996]]]},"properties":{"name":"Shijiu Hu","nameZh":"石臼湖","rank":5}},{"type":"Feature","geometry":{"type":"Polygon","coordinates":[[[113.436311,29.949014],[113.453384,29.956079],[113.466336,29.931353],[113.461921,29.899856],[113.445731,29.872185],[113.39039,29.851286],[113.392157,29.803304],[113.320037,29.736484],[113.279415,29.760621],[113.269995,29.799772],[113.246152,29.810663],[113.22172,29.861294],[113.227018,29.907803],[113.271173,29.91634],[113.295311,29.906626],[113.305614,29.87454],[113.35124,29.846281],[113.357127,29.866887],[113.337699,29.880722],[113.353301,29.943127],[113.381559,29.963144],[113.436311,29.949014]]]},"properties":{"name":"Hong Hu","nameZh":"洪湖","rank":5}},{"type":"Feature","geometry":{"type":"Polygon","coordinates":[[[26.066683,58.411082],[26.149105,58.364572],[26.153521,58.338963],[26.141746,58.243589],[26.129677,58.216802],[26.074337,58.168526],[26.093471,58.125843],[26.071688,58.102],[26.033126,58.189426],[25.99633,58.209737],[25.992209,58.244766],[25.938929,58.283622],[25.910376,58.329837],[25.977197,58.408727],[26.066683,58.411082]]]},"properties":{"name":"Võrtsjärv","nameZh":"沃尔茨湖","rank":5}},{"type":"Feature","geometry":{"type":"Polygon","coordinates":[[[117.936256,31.548295],[117.955389,31.497958],[117.925659,31.524157],[117.928602,31.538875],[117.84618,31.583324],[117.768174,31.591272],[117.749923,31.559481],[117.647484,31.46234],[117.612749,31.443501],[117.547989,31.438497],[117.442018,31.484123],[117.383734,31.542996],[117.304256,31.573021],[117.288066,31.611583],[117.288949,31.661036],[117.306316,31.704308],[117.338991,31.72403],[117.360479,31.720498],[117.438192,31.690178],[117.427594,31.635132],[117.434954,31.611583],[117.474693,31.588917],[117.563296,31.583324],[117.622758,31.642786],[117.678098,31.663097],[117.84618,31.607756],[117.880621,31.571844],[117.936256,31.548295]]]},"properties":{"name":"Chao Hu","nameZh":"巢湖","rank":5}},{"type":"Feature","geometry":{"type":"Polygon","coordinates":[[[12.941576,63.598955],[12.856504,63.671369],[12.911256,63.671369],[13.064031,63.732008],[13.27303,63.726121],[13.3216,63.67755],[13.234468,63.706398],[13.023703,63.705221],[12.979549,63.691974],[13.062559,63.666953],[13.088758,63.636928],[13.177361,63.609847],[13.016344,63.586886],[13.061382,63.534195],[13.175301,63.486214],[13.323955,63.46237],[13.373997,63.433817],[13.353685,63.411151],[13.293341,63.447063],[13.158816,63.474439],[13.005158,63.530957],[12.949524,63.573051],[12.941576,63.598955]]]},"properties":{"name":null,"nameZh":null,"rank":5}},{"type":"Feature","geometry":{"type":"Polygon","coordinates":[[[45.038746,40.496375],[44.993708,40.49873],[44.960445,40.51963],[44.966627,40.536998],[45.012547,40.558192],[44.977518,40.590572],[44.978107,40.623835],[45.090848,40.602052],[45.22184,40.533465],[45.296903,40.479302],[45.303085,40.457519],[45.350772,40.447805],[45.357836,40.488722],[45.406112,40.468117],[45.490889,40.385695],[45.583614,40.345367],[45.649257,40.275014],[45.66633,40.224677],[45.66162,40.201128],[45.630123,40.170809],[45.563008,40.171692],[45.508551,40.146082],[45.444085,40.166099],[45.380502,40.139312],[45.286012,40.147554],[45.23332,40.199656],[45.220663,40.241751],[45.22655,40.371859],[45.207122,40.399824],[45.165911,40.386283],[45.128527,40.399824],[45.121462,40.449572],[45.090848,40.453987],[45.038746,40.496375]]]},"properties":{"name":"Lake Sevan","nameZh":"塞凡湖","rank":5}},{"type":"Feature","geometry":{"type":"Polygon","coordinates":[[[114.821883,30.345817],[114.859267,30.301074],[114.838368,30.291654],[114.837779,30.271343],[114.796568,30.298719],[114.785088,30.292537],[114.796568,30.264867],[114.781555,30.258097],[114.773019,30.278702],[114.720916,30.313143],[114.739756,30.27988],[114.734751,30.244262],[114.789209,30.223656],[114.775668,30.209527],[114.761833,30.223656],[114.755063,30.209527],[114.748881,30.223656],[114.727687,30.195692],[114.650269,30.241024],[114.649091,30.253681],[114.700605,30.264867],[114.673229,30.271343],[114.68677,30.29136],[114.662338,30.29136],[114.668814,30.313143],[114.717384,30.322563],[114.748881,30.360241],[114.783027,30.332277],[114.785088,30.352882],[114.809814,30.339636],[114.821883,30.345817]]]},"properties":{"name":null,"nameZh":null,"rank":5}},{"type":"Feature","geometry":{"type":"Polygon","coordinates":[[[114.570202,30.668735],[114.604642,30.664319],[114.611118,30.634],[114.673229,30.627818],[114.628192,30.717305],[114.673229,30.730257],[114.697367,30.709651],[114.707376,30.724075],[114.697956,30.73585],[114.720916,30.743798],[114.709142,30.767641],[114.720916,30.784714],[114.730042,30.743798],[114.773019,30.714656],[114.783616,30.670207],[114.803633,30.655783],[114.748881,30.648129],[114.717678,30.621636],[114.675584,30.609273],[114.631724,30.6131],[114.570202,30.668735]]]},"properties":{"name":null,"nameZh":null,"rank":5}},{"type":"Feature","geometry":{"type":"Polygon","coordinates":[[[117.327511,34.627344],[117.340463,34.579951],[117.306316,34.559051],[117.260101,34.499589],[117.201817,34.472508],[117.195047,34.527554],[117.169143,34.536091],[117.129109,34.637352],[117.134113,34.723601],[117.117923,34.738024],[117.134996,34.755981],[117.147654,34.734492],[117.234197,34.69858],[117.327511,34.627344]]]},"properties":{"name":"Weishan Hu","nameZh":"微山湖","rank":5}},{"type":"Feature","geometry":{"type":"Polygon","coordinates":[[[114.673229,30.360241],[114.63349,30.333748],[114.617889,30.339636],[114.624659,30.3467],[114.586098,30.348761],[114.557544,30.361713],[114.55725,30.385851],[114.515744,30.419114],[114.467469,30.422352],[114.501909,30.449728],[114.52222,30.435893],[114.52222,30.449728],[114.558427,30.42088],[114.563726,30.435893],[114.588158,30.405279],[114.590513,30.360241],[114.613473,30.387911],[114.611118,30.428534],[114.638789,30.412344],[114.658805,30.435893],[114.645265,30.428534],[114.652624,30.456498],[114.601993,30.473866],[114.604348,30.51125],[114.673229,30.463269],[114.69354,30.490644],[114.666459,30.500358],[114.652624,30.524202],[114.68677,30.524202],[114.700311,30.503891],[114.743582,30.509778],[114.753296,30.49506],[114.741522,30.477104],[114.778612,30.476809],[114.727687,30.449728],[114.755063,30.449728],[114.756534,30.415582],[114.727392,30.417936],[114.707376,30.449728],[114.665576,30.387617],[114.673229,30.360241]]]},"properties":{"name":null,"nameZh":null,"rank":5}},{"type":"Feature","geometry":{"type":"Polygon","coordinates":[[[114.294088,30.033791],[114.309984,30.038207],[114.30969,30.024666],[114.28879,29.989342],[114.241691,29.983455],[114.244929,29.968442],[114.201364,29.951958],[114.275838,29.921933],[114.25641,29.893968],[114.220792,29.893968],[114.162802,29.92105],[114.137192,30.008182],[114.138075,30.032025],[114.15191,30.044977],[114.15191,30.113858],[114.158681,30.099435],[114.201658,30.144767],[114.229623,30.154481],[114.261708,30.140645],[114.22403,30.102673],[114.227562,30.079712],[114.243163,30.075297],[114.261708,30.024372],[114.289673,30.058812],[114.294088,30.033791]]]},"properties":{"name":"Huangtang Hu","nameZh":"黄塘湖","rank":5}},{"type":"Feature","geometry":{"type":"Polygon","coordinates":[[[114.131305,29.926937],[114.157798,29.886904],[114.160741,29.85158],[114.138075,29.873657],[114.117764,29.846281],[114.115998,29.905743],[114.075081,29.969914],[114.056242,29.976685],[114.070077,29.934296],[114.039758,29.89544],[113.967933,29.866887],[113.953803,29.901622],[114.015031,29.928998],[113.992071,29.976685],[113.947033,29.94872],[113.953803,29.969914],[113.932904,29.976979],[113.926427,29.99729],[113.985006,29.983455],[114.006495,30.005827],[114.028277,29.989637],[114.058597,30.019662],[114.098042,30.035852],[114.090388,30.024372],[114.12424,29.976685],[114.131305,29.926937]]]},"properties":{"name":null,"nameZh":null,"rank":5}},{"type":"Feature","geometry":{"type":"Polygon","coordinates":[[[91.283056,35.630242],[91.338985,35.579906],[91.270692,35.565482],[91.300129,35.528686],[91.274519,35.524565],[91.160012,35.551353],[91.072291,35.557534],[91.003704,35.599923],[90.941888,35.614641],[90.932174,35.63142],[90.935412,35.647904],[90.956606,35.654969],[91.011946,35.628182],[91.028136,35.648787],[91.094368,35.646726],[91.149709,35.62671],[91.223005,35.634658],[91.223005,35.662328],[91.283056,35.630242]]]},"properties":{"name":"Hoh Xil Hu","nameZh":"可可西里湖","rank":5}},{"type":"Feature","geometry":{"type":"Polygon","coordinates":[[[85.880591,30.984293],[85.902963,30.933957],[85.885889,30.913646],[85.873232,30.926009],[85.878236,30.936312],[85.841735,30.931308],[85.856453,30.91394],[85.861752,30.85595],[85.843501,30.777355],[85.815536,30.747624],[85.761373,30.758221],[85.788749,30.771762],[85.771676,30.782065],[85.772854,30.795606],[85.809944,30.819449],[85.761962,30.830929],[85.733998,30.874201],[85.718985,30.868019],[85.675419,30.88156],[85.610659,30.86066],[85.598001,30.871257],[85.574452,30.819744],[85.522055,30.846825],[85.377817,30.888625],[85.331307,30.957212],[85.353973,31.008137],[85.405193,31.045521],[85.3996,31.070247],[85.411963,31.081139],[85.629204,30.999011],[85.638035,31.004604],[85.627732,31.02727],[85.651576,31.03875],[85.67483,31.019028],[85.685133,31.037573],[85.747244,31.02727],[85.802879,30.996951],[85.880591,30.984293]]]},"properties":{"name":null,"nameZh":null,"rank":5}},{"type":"Feature","geometry":{"type":"Polygon","coordinates":[[[90.241007,28.620549],[90.457659,28.619666],[90.527423,28.572273],[90.534193,28.531062],[90.472377,28.519288],[90.446179,28.53224],[90.414976,28.513401],[90.389955,28.521054],[90.396137,28.535184],[90.369938,28.546369],[90.354631,28.53695],[90.341679,28.553434],[90.311654,28.532534],[90.282512,28.543426],[90.233353,28.594056],[90.241007,28.620549]]]},"properties":{"name":"Puma Yumco","nameZh":"普莫雍错","rank":5}},{"type":"Feature","geometry":{"type":"Polygon","coordinates":[[[18.095008,59.326849],[17.969609,59.333913],[17.899551,59.296235],[17.878062,59.22441],[17.86511,59.230592],[17.867465,59.258262],[17.828903,59.270036],[17.741477,59.271508],[17.782982,59.258262],[17.730586,59.239128],[17.713513,59.244721],[17.741477,59.25208],[17.693496,59.265327],[17.700561,59.278867],[17.605481,59.291819],[17.576928,59.278867],[17.599888,59.260617],[17.597533,59.22441],[17.575456,59.259734],[17.47184,59.30536],[17.350856,59.326554],[17.364985,59.282988],[17.399426,59.25208],[17.213977,59.258262],[17.282269,59.278867],[17.241647,59.319784],[17.306113,59.329498],[17.316121,59.337151],[17.306701,59.353636],[17.09888,59.377185],[17.04354,59.361584],[17.035886,59.381306],[16.971715,59.407799],[16.926383,59.456958],[16.840723,59.49081],[16.821295,59.493459],[16.823944,59.477563],[16.714735,59.484922],[16.694424,59.472853],[16.83984,59.412509],[16.884878,59.408682],[16.891942,59.39102],[16.808343,59.392198],[16.665871,59.478446],[16.590219,59.450187],[16.528697,59.463434],[16.508091,59.450187],[16.165452,59.444006],[16.080969,59.455191],[16.042407,59.47197],[16.021508,59.497874],[16.123946,59.477563],[16.233744,59.477563],[16.213139,59.491104],[16.267302,59.502878],[16.282314,59.470498],[16.318815,59.458724],[16.336772,59.463434],[16.330296,59.481095],[16.383575,59.509649],[16.468647,59.498463],[16.494551,59.511709],[16.445981,59.525839],[16.53429,59.535847],[16.549008,59.552626],[16.498083,59.600902],[16.524576,59.607966],[16.560194,59.612676],[16.631724,59.580591],[16.674702,59.537908],[16.726804,59.529077],[16.785971,59.559985],[16.806282,59.59472],[16.898713,59.587361],[16.953759,59.547327],[17.069738,59.546444],[17.007922,59.59472],[17.055609,59.609733],[17.083868,59.574998],[17.129494,59.551154],[17.209267,59.545267],[17.34438,59.477563],[17.364102,59.477857],[17.353211,59.499346],[17.361159,59.504939],[17.412378,59.474031],[17.392067,59.525839],[17.407079,59.541735],[17.336726,59.623862],[17.385885,59.655653],[17.379998,59.606495],[17.486558,59.547916],[17.54808,59.553803],[17.515405,59.51848],[17.532184,59.499935],[17.556616,59.491104],[17.569568,59.504939],[17.65199,59.497874],[17.668475,59.49287],[17.697028,59.453425],[17.73088,59.448127],[17.727642,59.477563],[17.789164,59.539674],[17.740005,59.59472],[17.610779,59.632693],[17.563976,59.660952],[17.563387,59.676553],[17.617844,59.697159],[17.603715,59.710405],[17.61755,59.730422],[17.536011,59.73837],[17.556616,59.731305],[17.514228,59.709522],[17.514228,59.658303],[17.501865,59.649472],[17.529241,59.612971],[17.536011,59.573231],[17.474489,59.642113],[17.480671,59.660363],[17.447407,59.679791],[17.495094,59.734249],[17.371461,59.75191],[17.54808,59.75662],[17.597533,59.813433],[17.631679,59.786645],[17.625203,59.764274],[17.686725,59.731305],[17.657289,59.721591],[17.642571,59.67361],[17.590763,59.662424],[17.719989,59.625334],[17.709391,59.693921],[17.727642,59.70334],[17.758845,59.618858],[17.819484,59.590599],[17.815363,59.564106],[17.843916,59.53202],[17.793285,59.50906],[17.760022,59.421045],[17.790342,59.387488],[17.89278,59.347749],[17.995513,59.35393],[18.095008,59.338623],[18.095008,59.326849]]]},"properties":{"name":"Mälaren","nameZh":"梅拉伦湖","rank":2}},{"type":"Feature","geometry":{"type":"Polygon","coordinates":[[[84.481184,47.95674],[84.543883,47.946143],[84.562134,47.930836],[84.456457,47.901399],[84.437912,47.853418],[84.384044,47.834579],[84.37433,47.818978],[84.390814,47.773057],[84.344599,47.759222],[84.26983,47.77865],[84.233918,47.773057],[84.260705,47.759516],[84.278073,47.73214],[84.363733,47.73214],[84.256584,47.718011],[84.220672,47.729196],[84.096156,47.820744],[83.836232,47.882855],[83.788251,47.951147],[83.698764,47.979112],[83.649605,48.019439],[83.530976,48.02621],[83.410876,48.061239],[83.352592,48.046815],[83.306671,48.05388],[83.211886,48.099507],[83.157134,48.147782],[83.085015,48.155436],[83.012013,48.209599],[82.999944,48.239918],[83.023493,48.266705],[83.107386,48.2252],[83.161255,48.259052],[83.256923,48.273476],[83.436191,48.258463],[83.479168,48.273476],[83.507133,48.335292],[83.595737,48.36885],[83.431481,48.427428],[83.384089,48.505729],[83.390565,48.526629],[83.369371,48.560775],[83.425005,48.58874],[83.449438,48.651439],[83.414997,48.732978],[83.448849,48.865442],[83.572187,48.968764],[83.626939,48.975534],[83.764996,49.046476],[83.968402,49.073852],[84.1565,49.134785],[84.181521,49.161572],[84.156795,49.23222],[84.109991,49.256946],[84.02021,49.342901],[83.967813,49.372631],[83.921598,49.37999],[83.89746,49.411193],[83.835643,49.436803],[83.702296,49.45211],[83.683457,49.44946],[83.657553,49.417375],[83.62429,49.485078],[83.582196,49.520991],[83.539219,49.53512],[83.526267,49.557786],[83.479168,49.527173],[83.470043,49.539536],[83.431481,49.540713],[83.431481,49.58163],[83.363778,49.643741],[83.445022,49.62343],[83.46916,49.596054],[83.613398,49.616659],[83.671094,49.598703],[83.736737,49.596054],[83.753516,49.630789],[83.831522,49.660519],[83.851833,49.701436],[83.872439,49.715271],[84.006963,49.746768],[84.014322,49.732639],[83.968107,49.696432],[83.882447,49.680831],[83.801203,49.626962],[83.788251,49.59988],[83.808856,49.561907],[83.705829,49.568089],[83.723491,49.527761],[83.691405,49.527173],[83.672271,49.510394],[83.829462,49.480074],[83.815627,49.46565],[83.905113,49.45888],[83.928074,49.41031],[83.993128,49.393237],[84.088796,49.314936],[84.290436,49.202195],[84.341655,49.190126],[84.37904,49.204549],[84.4438,49.203372],[84.480301,49.184533],[84.387576,49.170698],[84.316046,49.123011],[83.996661,49.054718],[83.931606,49.000261],[83.796493,48.988486],[83.582196,48.924315],[83.476225,48.804509],[83.451793,48.73445],[83.460918,48.703836],[83.528327,48.63937],[83.534509,48.615821],[83.520674,48.574905],[83.535098,48.547823],[83.528033,48.520447],[83.538041,48.498076],[83.601329,48.430372],[83.712893,48.390338],[83.767351,48.396814],[83.815627,48.42419],[83.870967,48.409766],[83.949562,48.409178],[83.965752,48.396814],[83.930723,48.37091],[83.801203,48.355309],[83.691405,48.376503],[83.54334,48.305561],[83.503895,48.276419],[83.510665,48.265234],[83.553937,48.243745],[83.717015,48.214309],[83.969285,48.130415],[84.07349,48.082139],[84.08968,48.039751],[84.156795,48.068893],[84.218022,48.043283],[84.34872,48.033275],[84.481184,47.95674]]]},"properties":{"name":"Lake Zaysan","nameZh":"斋桑泊","rank":3}},{"type":"Feature","geometry":{"type":"Polygon","coordinates":[[[43.299937,33.722763],[43.274622,33.732477],[43.261081,33.718347],[43.222813,33.75161],[43.200736,33.781635],[43.213099,33.786345],[43.207801,33.794882],[43.136859,33.861408],[43.078281,33.946774],[43.088583,33.972972],[43.069155,33.999465],[43.08299,34.011828],[43.079164,34.054511],[43.089761,34.075116],[43.067684,34.085419],[43.075337,34.176672],[43.051199,34.253501],[43.080341,34.295006],[43.076514,34.342988],[43.086523,34.348875],[43.110072,34.307958],[43.114782,34.345931],[43.151872,34.31414],[43.156876,34.282937],[43.145101,34.252618],[43.168945,34.239077],[43.219575,34.143409],[43.240475,34.136639],[43.257548,34.112206],[43.295227,34.101904],[43.295227,34.067463],[43.322603,34.094839],[43.329373,34.047152],[43.357338,34.041559],[43.363519,34.012417],[43.394722,34.036849],[43.412384,34.035966],[43.439171,34.012417],[43.44653,33.965319],[43.503342,33.924402],[43.507464,33.875832],[43.453006,33.875832],[43.514823,33.847867],[43.472729,33.847867],[43.469491,33.801652],[43.494512,33.776631],[43.466547,33.704512],[43.44182,33.693032],[43.308768,33.732477],[43.299937,33.722763]]]},"properties":{"name":"Buhayrat ath Tharthar","nameZh":"塞尔萨尔湖","rank":3}},{"type":"Feature","geometry":{"type":"Polygon","coordinates":[[[33.536467,49.002321],[33.585626,49.008209],[33.795214,48.936972],[33.860268,48.929319],[33.99597,48.865442],[34.098703,48.881632],[34.123724,48.930496],[34.139914,48.916367],[34.109889,48.853373],[34.113716,48.836889],[34.176121,48.863381],[34.219098,48.861321],[34.181419,48.845425],[34.244119,48.833062],[34.267668,48.756527],[34.468719,48.66027],[34.56056,48.593744],[34.570274,48.562247],[34.522587,48.524863],[34.49109,48.531927],[34.469013,48.548412],[34.474017,48.580792],[34.436633,48.598454],[34.382764,48.597276],[34.365102,48.612583],[34.365102,48.655855],[34.297104,48.665863],[34.279443,48.70207],[34.241764,48.706191],[34.192016,48.749168],[34.067795,48.772717],[34.014809,48.800388],[33.972126,48.785964],[33.924734,48.843953],[33.729276,48.91519],[33.703961,48.898411],[33.665693,48.930791],[33.568259,48.970824],[33.536467,49.002321]]]},"properties":{"name":null,"nameZh":null,"rank":4}},{"type":"Feature","geometry":{"type":"Polygon","coordinates":[[[32.125875,66.508156],[32.137944,66.525818],[32.125875,66.547895],[32.09791,66.556137],[32.070828,66.590872],[31.96839,66.618542],[31.922469,66.644152],[31.948079,66.672705],[31.914227,66.710678],[31.873016,66.713622],[31.822974,66.692722],[31.741141,66.725102],[31.611032,66.74924],[31.564522,66.740704],[31.513008,66.709207],[31.398501,66.683891],[31.332858,66.640914],[31.275457,66.620309],[31.266626,66.60353],[31.282227,66.59411],[31.106197,66.55967],[31.058805,66.527878],[31.086769,66.568795],[31.180377,66.64739],[31.331975,66.677121],[31.49623,66.740115],[31.522134,66.760426],[31.515952,66.806641],[31.58866,66.830779],[31.612504,66.821359],[31.738197,66.838727],[31.778231,66.861687],[31.754976,66.873462],[31.67903,66.851385],[31.590721,66.850501],[31.479157,66.863748],[31.665783,66.937339],[31.673731,66.930274],[31.642234,66.898777],[31.690804,66.898483],[31.698458,66.921149],[31.759097,66.91114],[31.970745,66.928508],[32.084369,66.972074],[32.137355,66.935278],[32.119399,66.896128],[32.133822,66.872284],[32.112334,66.8558],[32.201526,66.848147],[32.243326,66.868752],[32.327514,66.88141],[32.338994,66.87199],[32.331929,66.848735],[32.348414,66.821359],[32.341349,66.803109],[32.298078,66.79781],[32.27865,66.732167],[32.289247,66.713916],[32.439372,66.705674],[32.471458,66.68448],[32.448792,66.668879],[32.391097,66.662403],[32.30838,66.617365],[32.248624,66.604413],[32.241854,66.590578],[32.309852,66.580275],[32.464393,66.606179],[32.510608,66.593522],[32.417884,66.562025],[32.459389,66.541125],[32.393452,66.528467],[32.37785,66.49226],[32.447615,66.466062],[32.439667,66.441924],[32.401399,66.427206],[32.218305,66.460175],[32.097027,66.467239],[31.944546,66.433387],[31.906573,66.452815],[31.847112,66.453699],[31.757036,66.494615],[31.805018,66.508745],[31.862419,66.566146],[31.887145,66.571739],[31.99135,66.531411],[32.125875,66.508156]],[[31.971333,66.876111],[32.017549,66.889946],[32.013133,66.904959],[31.892149,66.897305],[31.971333,66.876111]]]},"properties":{"name":"Lake Kovdozero","nameZh":"科夫多澤羅湖","rank":4}},{"type":"Feature","geometry":{"type":"Polygon","coordinates":[[[30.412381,62.780034],[30.686434,62.869521],[30.553087,62.921623],[30.514525,62.951354],[30.631977,62.976081],[30.649638,62.95783],[30.679664,62.958713],[30.714399,62.999924],[30.690261,63.035837],[30.729411,63.055265],[30.846568,63.062918],[30.870412,63.053204],[30.858048,63.030244],[30.853338,62.945467],[30.823608,62.917797],[30.810656,62.873936],[30.727351,62.867755],[30.624618,62.829193],[30.679664,62.807999],[30.651993,62.786805],[30.683196,62.773264],[30.693204,62.763256],[30.686434,62.753247],[30.610782,62.773853],[30.629622,62.797402],[30.604012,62.807999],[30.570455,62.775913],[30.53101,62.785922],[30.412381,62.780034]]]},"properties":{"name":"Koitere","nameZh":"科伊泰雷湖","rank":4}},{"type":"Feature","geometry":{"type":"Polygon","coordinates":[[[29.451282,62.903667],[29.453343,62.87688],[29.479835,62.863339],[29.487195,62.841556],[29.531349,62.820362],[29.554604,62.813297],[29.569322,62.814769],[29.576093,62.835375],[29.527817,62.848915],[29.631433,62.835375],[29.535176,62.951354],[29.604646,62.914559],[29.637615,62.917797],[29.586101,62.948999],[29.506623,62.97402],[29.493965,62.994331],[29.479835,63.040841],[29.520752,63.04143],[29.56314,63.014054],[29.611122,62.959008],[29.767724,62.884828],[29.843081,62.773853],[29.83631,62.746182],[29.802459,62.739118],[29.830129,62.719395],[29.685596,62.67995],[29.658809,62.692019],[29.623191,62.730875],[29.617892,62.745888],[29.644974,62.739118],[29.625251,62.753541],[29.58404,62.761489],[29.589633,62.739118],[29.576387,62.742356],[29.552543,62.77032],[29.510744,62.781506],[29.473654,62.825661],[29.425378,62.848915],[29.432148,62.863339],[29.411249,62.869227],[29.404773,62.889832],[29.432148,62.88365],[29.438919,62.911026],[29.451282,62.903667]]]},"properties":{"name":"Rikkavesi","nameZh":"里卡韦西水库","rank":4}},{"type":"Feature","geometry":{"type":"Polygon","coordinates":[[[31.649299,58.219745],[31.590721,58.216802],[31.515069,58.242411],[31.444716,58.215918],[31.429409,58.206204],[31.440595,58.189426],[31.385549,58.175885],[31.416751,58.15057],[31.427054,58.113185],[31.384666,58.142622],[31.337567,58.14792],[31.336684,58.165877],[31.23454,58.151747],[31.074406,58.178829],[30.932817,58.230342],[30.883658,58.216507],[30.837737,58.2221],[30.983742,58.291276],[31.014944,58.332781],[31.064103,58.32189],[31.17655,58.34956],[31.263093,58.416969],[31.303421,58.518525],[31.323144,58.452587],[31.366415,58.418441],[31.416751,58.428449],[31.464144,58.408433],[31.502411,58.407255],[31.528904,58.388121],[31.501528,58.388121],[31.510359,58.371931],[31.550393,58.358096],[31.625161,58.408433],[31.628694,58.383706],[31.666372,58.375758],[31.652243,58.339551],[31.628105,58.360157],[31.61162,58.350737],[31.656364,58.255069],[31.728189,58.155279],[31.708761,58.146743],[31.680502,58.196196],[31.649299,58.219745]]]},"properties":{"name":"Lake Il'Men'","nameZh":"伊尔门湖","rank":4}},{"type":"Feature","geometry":{"type":"Polygon","coordinates":[[[26.779633,64.363713],[26.801122,64.390795],[26.755201,64.401098],[26.737834,64.419348],[26.780516,64.424941],[26.881483,64.404041],[26.911508,64.411106],[26.807892,64.438482],[26.796118,64.473217],[26.854991,64.493233],[26.811425,64.524436],[26.812896,64.553578],[26.801122,64.562115],[26.842038,64.541509],[26.955663,64.524436],[27.007471,64.502359],[27.020718,64.521198],[27.007177,64.527968],[27.023367,64.533267],[27.117269,64.510012],[27.136108,64.515016],[27.124039,64.530029],[27.163484,64.542392],[27.252971,64.515016],[27.213526,64.504419],[27.184678,64.480281],[27.25356,64.449079],[27.164073,64.418171],[27.184973,64.395505],[27.286823,64.370189],[27.280641,64.336632],[27.314493,64.352527],[27.383374,64.333099],[27.38043,64.303369],[27.411339,64.304546],[27.424879,64.329273],[27.453433,64.341047],[27.486696,64.342813],[27.509951,64.329567],[27.572062,64.349878],[27.582659,64.356649],[27.540859,64.370189],[27.60974,64.390795],[27.575594,64.405219],[27.590312,64.411106],[27.654189,64.402569],[27.678033,64.384024],[27.7372,64.401392],[27.978284,64.38373],[28.013902,64.356649],[27.862893,64.373427],[27.835812,64.349878],[27.91529,64.31897],[27.98947,64.317792],[27.964155,64.292183],[27.801077,64.324857],[27.76016,64.322502],[27.636527,64.274227],[27.66302,64.267456],[27.663903,64.246851],[27.769285,64.222124],[27.812557,64.226834],[27.843465,64.259508],[27.883499,64.260391],[27.879083,64.220358],[27.900572,64.188567],[28.076013,64.182091],[28.098679,64.167961],[28.177863,64.157953],[28.196997,64.140585],[28.170798,64.129988],[28.212304,64.123807],[28.061883,64.104673],[27.95709,64.151182],[27.794012,64.164723],[27.767519,64.178558],[27.739555,64.171788],[27.761338,64.189744],[27.824332,64.185034],[27.841993,64.198869],[27.773701,64.198869],[27.76016,64.213293],[27.597966,64.227717],[27.572356,64.24479],[27.582659,64.281586],[27.552339,64.287179],[27.458731,64.267751],[27.499942,64.260391],[27.465796,64.213293],[27.441658,64.233899],[27.374838,64.239492],[27.334804,64.219475],[27.342163,64.205934],[27.232365,64.185329],[27.261213,64.174143],[27.321852,64.117036],[27.274165,64.103495],[27.164073,64.157364],[27.19086,64.178558],[27.18615,64.195631],[27.198219,64.213293],[27.026899,64.178558],[27.020718,64.198869],[26.903561,64.25421],[26.935941,64.266867],[26.932114,64.293949],[26.907093,64.323091],[26.876773,64.336632],[26.811719,64.328095],[26.779633,64.363713]]]},"properties":{"name":"Oulujärvi","nameZh":"奧盧湖","rank":4}},{"type":"Feature","geometry":{"type":"Polygon","coordinates":[[[34.216743,67.850456],[34.16729,67.87901],[34.186129,67.891373],[34.242647,67.876655],[34.307407,67.894905],[34.33861,67.87901],[34.331251,67.858404],[34.3548,67.77922],[34.441048,67.726235],[34.542604,67.683846],[34.5585,67.666773],[34.562915,67.612905],[34.606187,67.590533],[34.471957,67.524007],[34.450174,67.544906],[34.379526,67.529599],[34.304463,67.54314],[34.295633,67.556681],[34.325069,67.584351],[34.305347,67.592005],[34.315649,67.622619],[34.307407,67.6497],[34.331251,67.687084],[34.308879,67.702391],[34.297693,67.738598],[34.210856,67.749784],[34.195254,67.769212],[34.260898,67.755965],[34.270906,67.765679],[34.216743,67.850456]]]},"properties":{"name":"Umbozero Lake","nameZh":"温博泽罗湖","rank":5}},{"type":"Feature","geometry":{"type":"Polygon","coordinates":[[[18.414688,67.427161],[18.294293,67.473082],[18.18685,67.484562],[18.152409,67.529305],[17.803294,67.597892],[17.740005,67.599952],[17.706742,67.617909],[17.639038,67.618497],[17.549552,67.653821],[17.515405,67.659414],[17.40914,67.636159],[17.261369,67.664124],[17.17983,67.700331],[17.372639,67.675604],[17.323774,67.70769],[17.239881,67.73065],[17.17983,67.769212],[17.073859,67.78393],[17.056197,67.796588],[17.175415,67.798648],[17.255776,67.758026],[17.614606,67.670011],[17.851275,67.625268],[17.984033,67.584057],[18.155942,67.561685],[18.424696,67.448061],[18.414688,67.427161]]]},"properties":{"name":"Akkajaure","nameZh":"阿卡湖","rank":5}},{"type":"Feature","geometry":{"type":"Polygon","coordinates":[[[-97.986602,57.366972],[-98.147914,57.332237],[-98.164692,57.291321],[-98.152182,57.236569],[-98.24108,57.154736],[-98.217383,57.137368],[-98.213704,57.124711],[-98.22695,57.114997],[-98.289061,57.105871],[-98.300836,57.088798],[-98.329389,57.080262],[-98.390617,57.079084],[-98.425352,57.09969],[-98.5247,57.079084],[-98.585486,57.082028],[-98.602853,57.06466],[-98.596819,57.042289],[-98.645095,57.004021],[-98.648333,56.979589],[-98.746061,56.953096],[-98.768727,56.921894],[-98.760927,56.899522],[-98.809644,56.863315],[-98.791835,56.835939],[-98.799047,56.832113],[-98.863807,56.845948],[-98.925624,56.818278],[-98.946082,56.822104],[-98.990236,56.846831],[-98.980375,56.860077],[-99.001128,56.873029],[-99.060295,56.881566],[-99.091056,56.860372],[-99.107835,56.792668],[-99.138743,56.795612],[-99.205858,56.765881],[-99.210421,56.731735],[-99.245892,56.713484],[-99.304912,56.737033],[-99.362901,56.74292],[-99.384979,56.722021],[-99.460778,56.744098],[-99.576757,56.736444],[-99.563069,56.702298],[-99.507876,56.702298],[-99.576757,56.674922],[-99.528334,56.654022],[-99.560567,56.632828],[-99.634011,56.646075],[-99.624591,56.698766],[-99.634894,56.70848],[-99.68523,56.707008],[-99.741307,56.736444],[-99.734831,56.758816],[-99.638279,56.736444],[-99.572489,56.759993],[-99.569398,56.777361],[-99.50714,56.781776],[-99.487417,56.805326],[-99.525243,56.825931],[-99.53584,56.860077],[-99.481236,56.832113],[-99.447237,56.830347],[-99.391896,56.908647],[-99.383065,56.932785],[-99.397931,56.963105],[-99.325517,57.004316],[-99.265173,56.979],[-99.234853,56.93043],[-99.156552,56.918361],[-99.165236,56.952213],[-99.134916,57.000489],[-99.062797,57.065249],[-99.01511,57.065249],[-99.034833,57.09969],[-98.983466,57.088504],[-98.973311,57.074669],[-99.028651,56.982827],[-99.060737,56.952802],[-99.065594,56.938673],[-99.0522,56.918361],[-99.016141,56.928075],[-98.952999,56.907764],[-98.918853,56.921894],[-98.860275,56.918361],[-98.845851,56.944265],[-98.886179,56.958101],[-98.897659,56.976645],[-98.86366,57.010203],[-98.887798,57.04847],[-98.915615,57.0626],[-98.912966,57.084677],[-98.740027,57.059656],[-98.706028,57.086443],[-98.69234,57.147965],[-98.64274,57.175047],[-98.637735,57.19889],[-98.668055,57.223911],[-98.632143,57.234214],[-98.625078,57.253053],[-98.682626,57.27101],[-98.767992,57.257175],[-98.884118,57.27778],[-98.603442,57.27778],[-98.540742,57.26159],[-98.507479,57.274248],[-98.478484,57.310454],[-98.479956,57.325467],[-98.499384,57.327528],[-98.535738,57.314281],[-98.535297,57.339891],[-98.514691,57.366972],[-98.53824,57.40524],[-98.52102,57.462641],[-98.575036,57.516215],[-98.624195,57.529756],[-98.602706,57.56714],[-98.603442,57.593044],[-98.552664,57.625718],[-98.531323,57.628956],[-98.514691,57.599814],[-98.559435,57.58804],[-98.576213,57.558898],[-98.562378,57.543591],[-98.509834,57.547712],[-98.514691,57.517981],[-98.464355,57.56037],[-98.397681,57.569495],[-98.356618,57.64132],[-98.329683,57.656921],[-98.146,57.680176],[-98.117005,57.668107],[-98.185887,57.633961],[-98.260361,57.621009],[-98.199427,57.608351],[-98.192657,57.589512],[-98.250499,57.52063],[-98.315554,57.517981],[-98.390617,57.490017],[-98.365154,57.475298],[-98.254768,57.482952],[-98.288178,57.462641],[-98.243582,57.438503],[-98.234162,57.422018],[-98.247261,57.401119],[-98.20973,57.387578],[-98.079327,57.380807],[-98.031051,57.409949],[-97.993814,57.410833],[-97.986602,57.366972]],[[-98.473186,57.133542],[-98.328947,57.149732],[-98.332921,57.164744],[-98.418581,57.181523],[-98.500415,57.174753],[-98.579304,57.195652],[-98.617866,57.184761],[-98.623753,57.167393],[-98.528232,57.11588],[-98.473186,57.133542]]]},"properties":{"name":"Southern Indian Lake","nameZh":"南印第安湖","rank":4}},{"type":"Feature","geometry":{"type":"Polygon","coordinates":[[[-100.285586,53.630314],[-100.195363,53.592341],[-100.173139,53.598228],[-100.193597,53.61118],[-100.153858,53.615596],[-100.070406,53.573796],[-100.054804,53.553191],[-100.017273,53.560844],[-99.960313,53.501971],[-99.964582,53.459583],[-99.980772,53.447514],[-99.886722,53.41484],[-99.915864,53.36833],[-99.97827,53.361265],[-99.986953,53.348019],[-99.976798,53.333889],[-99.90512,53.309752],[-99.9297,53.286202],[-99.918072,53.26177],[-99.886428,53.24087],[-99.850516,53.228213],[-99.792673,53.229979],[-99.761029,53.282964],[-99.769271,53.299449],[-99.743956,53.31505],[-99.67743,53.295033],[-99.525243,53.309752],[-99.455185,53.353612],[-99.392779,53.367153],[-99.371291,53.348019],[-99.405437,53.302687],[-99.39116,53.296505],[-99.410736,53.270601],[-99.397931,53.228213],[-99.418389,53.207313],[-99.412207,53.193478],[-99.364815,53.193772],[-99.330374,53.159331],[-99.436492,53.148734],[-99.44709,53.130484],[-99.384832,53.111056],[-99.375706,53.095454],[-99.39852,53.057482],[-99.422216,53.050122],[-99.545849,53.047767],[-99.563069,53.066901],[-99.559242,53.080442],[-99.512438,53.08574],[-99.507876,53.104874],[-99.591034,53.104874],[-99.569251,53.131956],[-99.609137,53.194655],[-99.63195,53.201131],[-99.654911,53.196127],[-99.665361,53.176699],[-99.617674,53.151972],[-99.694355,53.141081],[-99.727913,53.123419],[-99.732476,53.148734],[-99.768388,53.159331],[-99.862732,53.092216],[-99.940444,53.08368],[-100.313256,53.169046],[-100.378605,53.228213],[-100.381696,53.272073],[-100.409513,53.287674],[-100.418491,53.310046],[-100.498558,53.276194],[-100.523138,53.276783],[-100.609386,53.335067],[-100.6113,53.351846],[-100.689748,53.355967],[-100.931274,53.451635],[-100.914053,53.478422],[-100.80661,53.529347],[-100.733019,53.524932],[-100.673411,53.481366],[-100.64471,53.501088],[-100.625576,53.473712],[-100.601144,53.467825],[-100.585249,53.483721],[-100.58363,53.537884],[-100.616304,53.536118],[-100.665463,53.557901],[-100.676796,53.573796],[-100.66458,53.583216],[-100.589075,53.593519],[-100.512982,53.552308],[-100.477953,53.567615],[-100.453668,53.60441],[-100.405981,53.618245],[-100.386406,53.606765],[-100.354173,53.614124],[-100.310312,53.590869],[-100.285586,53.630314]],[[-100.098517,53.379221],[-100.169606,53.385403],[-100.210523,53.354789],[-100.282495,53.351846],[-100.32974,53.323881],[-100.262184,53.323587],[-100.190359,53.345664],[-100.135166,53.337716],[-100.098517,53.379221]]]},"properties":{"name":"Cedar Lake","nameZh":"錫達湖","rank":4}},{"type":"Feature","geometry":{"type":"Polygon","coordinates":[[[-76.721443,47.590551],[-76.592659,47.632939],[-76.594278,47.650601],[-76.503908,47.718305],[-76.507588,47.69505],[-76.530695,47.677388],[-76.503908,47.670618],[-76.515241,47.656489],[-76.571612,47.650012],[-76.557924,47.629113],[-76.58265,47.613806],[-76.702604,47.579954],[-76.730863,47.546691],[-76.729685,47.521375],[-76.716145,47.51225],[-76.68141,47.546396],[-76.640493,47.56082],[-76.640493,47.581131],[-76.620035,47.581131],[-76.60826,47.567002],[-76.592659,47.574361],[-76.642259,47.514016],[-76.625775,47.488701],[-76.512445,47.508718],[-76.475943,47.491939],[-76.452983,47.504302],[-76.442533,47.478104],[-76.456074,47.450434],[-76.414568,47.437187],[-76.356579,47.444841],[-76.339653,47.434244],[-76.43488,47.408634],[-76.453866,47.388912],[-76.48345,47.341813],[-76.475943,47.293243],[-76.50435,47.273226],[-76.478004,47.229072],[-76.487276,47.210821],[-76.544972,47.196986],[-76.500523,47.145767],[-76.456074,47.128694],[-76.456957,47.107794],[-76.422516,47.105733],[-76.369825,47.132226],[-76.304623,47.081595],[-76.353635,47.084833],[-76.393816,47.033025],[-76.417365,47.058635],[-76.572789,47.131932],[-76.585888,47.149299],[-76.571612,47.142529],[-76.58633,47.224656],[-76.609585,47.272343],[-76.637402,47.293243],[-76.69024,47.262629],[-76.620035,47.176675],[-76.64535,47.170788],[-76.68141,47.21818],[-76.722326,47.245556],[-76.732335,47.257036],[-76.716145,47.273521],[-76.716145,47.320619],[-76.695686,47.355354],[-76.702309,47.381552],[-76.718647,47.383907],[-76.733806,47.368306],[-76.73675,47.341813],[-76.805631,47.361536],[-76.779138,47.391855],[-76.791502,47.408045],[-76.764715,47.416876],[-76.776931,47.453966],[-76.771338,47.483402],[-76.73675,47.481931],[-76.751321,47.50548],[-76.813726,47.504597],[-76.825501,47.526674],[-76.786645,47.519315],[-76.721443,47.590551]],[[-76.530695,47.491939],[-76.606347,47.464563],[-76.553067,47.461914],[-76.530548,47.448962],[-76.5722,47.449551],[-76.569846,47.423941],[-76.54718,47.411872],[-76.551595,47.375665],[-76.504497,47.396859],[-76.469173,47.437187],[-76.493752,47.477809],[-76.530695,47.491939]],[[-76.690976,47.48458],[-76.747641,47.452789],[-76.732923,47.413932],[-76.709374,47.416876],[-76.656683,47.389206],[-76.647263,47.402452],[-76.664631,47.407162],[-76.667869,47.425118],[-76.657566,47.443663],[-76.634311,47.451022],[-76.661834,47.462208],[-76.688916,47.451022],[-76.68141,47.471333],[-76.690976,47.48458]]]},"properties":{"name":"Cabonga Reservoir","nameZh":"卡邦加水库","rank":5}},{"type":"Feature","geometry":{"type":"Polygon","coordinates":[[[-80.1761,48.78773],[-80.19023,48.820699],[-80.147989,48.826292],[-80.115167,48.849252],[-80.136509,48.876922],[-80.12753,48.910774],[-80.098536,48.932851],[-80.059827,48.923726],[-80.047022,48.904004],[-80.025386,48.906359],[-79.895424,48.959344],[-79.878498,48.944037],[-79.909112,48.907536],[-79.902783,48.887225],[-79.84759,48.896645],[-79.829487,48.886047],[-79.829192,48.871035],[-79.845382,48.809218],[-79.895424,48.780371],[-79.865399,48.731212],[-79.810059,48.698538],[-79.75148,48.700304],[-79.69246,48.731212],[-79.644332,48.728857],[-79.628289,48.742103],[-79.633882,48.765064],[-79.577069,48.816578],[-79.556758,48.821287],[-79.484492,48.739454],[-79.464034,48.746225],[-79.444311,48.722087],[-79.396183,48.701776],[-79.247087,48.722675],[-79.230603,48.712078],[-79.255182,48.660859],[-79.281528,48.644375],[-79.262983,48.572255],[-79.279026,48.533988],[-79.202638,48.479825],[-79.230603,48.478942],[-79.224421,48.459808],[-79.25842,48.443913],[-79.34673,48.451566],[-79.279026,48.499253],[-79.289476,48.511911],[-79.340401,48.499253],[-79.305666,48.523096],[-79.286826,48.598454],[-79.296099,48.633189],[-79.314791,48.645846],[-79.451376,48.641725],[-79.501124,48.652911],[-79.50495,48.643197],[-79.470804,48.619648],[-79.509366,48.607873],[-79.589727,48.608756],[-79.647717,48.633777],[-79.69614,48.62583],[-79.711005,48.636427],[-79.701586,48.655266],[-79.726754,48.664097],[-79.750744,48.660859],[-79.738381,48.643197],[-79.76561,48.628479],[-79.893511,48.630834],[-79.916471,48.643197],[-79.912645,48.694711],[-79.891892,48.72974],[-79.902636,48.747696],[-79.924419,48.747696],[-79.952678,48.693828],[-79.981673,48.696183],[-79.977993,48.739454],[-80.022442,48.725619],[-80.016702,48.792734],[-79.984764,48.821287],[-80.02568,48.849252],[-80.052468,48.821582],[-80.037602,48.784197],[-80.050554,48.761826],[-80.076753,48.752406],[-80.1761,48.78773]]]},"properties":{"name":"Lake Abitibi","nameZh":"阿伯蒂比湖","rank":5}},{"type":"Feature","geometry":{"type":"Polygon","coordinates":[[[-71.939792,48.432432],[-72.028837,48.437731],[-72.131865,48.486301],[-72.118177,48.458336],[-72.165275,48.472466],[-72.213109,48.520447],[-72.219144,48.581675],[-72.31702,48.615527],[-72.371624,48.664686],[-72.303038,48.657621],[-72.330413,48.73651],[-72.320405,48.748285],[-72.245048,48.739454],[-72.117441,48.752995],[-72.066958,48.778605],[-72.039287,48.72974],[-72.006907,48.70413],[-71.96496,48.689412],[-71.863699,48.684997],[-71.807034,48.658798],[-71.761849,48.615821],[-71.784957,48.588445],[-71.74875,48.576671],[-71.789225,48.554593],[-71.771857,48.522802],[-71.789225,48.472466],[-71.939792,48.432432]]]},"properties":{"name":"Lac Saint-Jean","nameZh":"圣让湖","rank":4}},{"type":"Feature","geometry":{"type":"Polygon","coordinates":[[[-76.139485,53.715091],[-76.454602,53.637968],[-76.509354,53.606176],[-76.440767,53.610592],[-76.344804,53.640322],[-76.241777,53.633846],[-76.286079,53.602055],[-76.760152,53.516984],[-76.773104,53.503149],[-76.770749,53.477245],[-76.803571,53.528758],[-77.019634,53.474007],[-77.044066,53.496673],[-77.11648,53.508742],[-77.152687,53.48166],[-77.215386,53.473418],[-77.219654,53.485487],[-77.199785,53.499616],[-77.200079,53.515512],[-77.276908,53.553779],[-77.298985,53.507564],[-77.326656,53.494612],[-77.339166,53.496673],[-77.355798,53.527875],[-77.46015,53.51669],[-77.443813,53.544065],[-77.51917,53.57203],[-77.527559,53.609414],[-77.42409,53.619128],[-77.400688,53.624427],[-77.397009,53.637379],[-77.478842,53.66711],[-77.538009,53.668287],[-77.562147,53.632963],[-77.584519,53.631786],[-77.612483,53.667404],[-77.664733,53.683005],[-77.6821,53.660634],[-77.691373,53.677118],[-77.675036,53.701845],[-77.589081,53.723333],[-77.547134,53.753358],[-77.507984,53.75012],[-77.405104,53.805166],[-77.334162,53.811348],[-77.314292,53.791037],[-77.170496,53.776907],[-77.135025,53.806344],[-77.067615,53.834308],[-77.04907,53.831365],[-77.065408,53.804578],[-77.047157,53.804872],[-76.901005,53.839901],[-76.758386,53.904073],[-76.742637,53.935275],[-76.717322,53.938219],[-76.64638,53.991205],[-76.755737,53.99562],[-76.873041,54.019463],[-76.993583,54.080691],[-76.991081,54.093938],[-76.887906,54.056553],[-76.862443,54.064207],[-76.871422,54.106007],[-76.858764,54.10424],[-76.78061,54.079514],[-76.777814,54.05361],[-76.709374,54.043307],[-76.67302,54.015931],[-76.625775,54.011516],[-76.609143,54.028589],[-76.629454,54.063324],[-76.541439,54.064207],[-76.544825,54.043013],[-76.530106,54.031238],[-76.472411,54.040658],[-76.435468,54.064501],[-76.484186,54.074804],[-76.469615,54.101885],[-76.484186,54.115721],[-76.603697,54.148689],[-76.680821,54.152222],[-76.66831,54.163702],[-76.609732,54.169295],[-76.534522,54.14133],[-76.4939,54.158992],[-76.492133,54.182247],[-76.296823,54.204913],[-76.281369,54.203735],[-76.387781,54.159875],[-76.242954,54.123668],[-76.182021,54.135737],[-76.176869,54.148984],[-76.201007,54.159286],[-76.179519,54.156637],[-76.041168,54.097764],[-76.159355,54.111894],[-76.198947,54.109245],[-76.162151,54.086873],[-76.176281,54.083046],[-76.303446,54.088639],[-76.306684,54.070683],[-76.238392,54.033593],[-76.250019,54.019169],[-76.330969,54.006806],[-76.330675,53.995031],[-76.256642,53.953232],[-76.37218,53.949405],[-76.39514,53.931449],[-76.363938,53.922618],[-76.372916,53.90525],[-76.519656,53.888177],[-76.623714,53.856974],[-76.331116,53.846083],[-76.341419,53.836369],[-76.611351,53.806933],[-76.790324,53.729515],[-76.817995,53.702433],[-76.751321,53.679767],[-76.616797,53.71774],[-76.570729,53.712736],[-76.53879,53.69478],[-76.508618,53.720095],[-76.374682,53.745116],[-76.270919,53.720978],[-76.158913,53.734813],[-76.135658,53.728632],[-76.139485,53.715091]],[[-76.465052,54.134854],[-76.40927,54.101297],[-76.359522,54.123668],[-76.407504,54.148395],[-76.464905,54.152222],[-76.465052,54.134854]],[[-76.747053,53.877874],[-76.703193,53.866983],[-76.516713,53.932626],[-76.620329,53.948227],[-76.747053,53.877874]],[[-77.281324,53.585276],[-77.202287,53.605882],[-77.214209,53.61383],[-77.269549,53.615596],[-77.383468,53.591164],[-77.291185,53.566143],[-77.281324,53.585276]],[[-76.988726,53.746588],[-76.973419,53.743939],[-76.855967,53.748648],[-76.894088,53.774847],[-76.988726,53.746588]],[[-77.091164,53.786621],[-77.120306,53.760129],[-77.083364,53.758362],[-77.017426,53.773669],[-76.996821,53.791331],[-77.091164,53.786621]],[[-76.835215,53.553485],[-76.839925,53.566143],[-76.877603,53.568498],[-76.934563,53.549364],[-76.950017,53.582038],[-77.042889,53.554663],[-77.056135,53.590281],[-77.183006,53.553191],[-77.15563,53.534646],[-76.962822,53.510214],[-76.835215,53.553485]],[[-76.70805,53.622955],[-76.754706,53.63679],[-76.824618,53.628254],[-76.838747,53.614124],[-76.825206,53.600878],[-76.857145,53.584393],[-76.778991,53.585865],[-76.70805,53.622955]],[[-76.477268,53.639145],[-76.479181,53.658573],[-76.501112,53.667698],[-76.541881,53.649448],[-76.572053,53.662105],[-76.670077,53.640028],[-76.65477,53.627959],[-76.553067,53.625604],[-76.477268,53.639145]]]},"properties":{"name":"Réservoir de La Grande 2","nameZh":"格朗德二级水库","rank":4}},{"type":"Feature","geometry":{"type":"Polygon","coordinates":[[[-68.190035,51.327504],[-68.164425,51.299245],[-68.175905,51.286293],[-68.246405,51.254501],[-68.252587,51.220355],[-68.326914,51.205637],[-68.337806,51.12557],[-68.384609,51.153534],[-68.39035,51.141171],[-68.4791,51.123509],[-68.646299,51.002231],[-68.671467,50.939237],[-68.658515,50.886546],[-68.736522,50.77616],[-68.732253,50.692854],[-68.749621,50.692854],[-68.760218,50.774688],[-68.749915,50.834738],[-68.698843,50.918043],[-68.751387,50.954544],[-68.794806,51.013417],[-68.794364,51.048446],[-68.893712,51.127336],[-68.999978,51.176495],[-69.0824,51.254501],[-69.119637,51.267453],[-69.126407,51.305721],[-69.144805,51.306604],[-69.173358,51.283055],[-69.175419,51.408748],[-69.145982,51.435241],[-69.164233,51.439656],[-69.144363,51.514719],[-69.10904,51.542684],[-69.116546,51.576536],[-69.185427,51.623928],[-69.280359,51.719891],[-69.352332,51.761691],[-69.363517,51.802607],[-69.330843,51.774054],[-69.294636,51.768461],[-69.26049,51.823801],[-69.25372,51.806728],[-69.26726,51.751094],[-69.252101,51.719302],[-69.165116,51.648655],[-69.126113,51.63217],[-69.09594,51.644828],[-69.088581,51.716947],[-69.104183,51.765223],[-69.089612,51.841758],[-69.110806,51.897392],[-69.088581,51.933011],[-69.054435,51.867073],[-69.068123,51.795837],[-69.060617,51.68339],[-69.006601,51.616863],[-68.967892,51.615686],[-68.870163,51.678386],[-68.855886,51.754626],[-68.845878,51.701935],[-68.808641,51.672204],[-68.749621,51.685745],[-68.712384,51.672204],[-68.692514,51.693693],[-68.629373,51.687805],[-68.602586,51.700169],[-68.593461,51.720185],[-68.616863,51.788183],[-68.570206,51.735492],[-68.544155,51.726956],[-68.499117,51.800841],[-68.492788,51.905635],[-68.521636,51.971867],[-68.506918,51.994238],[-68.459084,51.898276],[-68.462027,51.843524],[-68.448781,51.845584],[-68.426556,51.891211],[-68.39035,51.911816],[-68.450989,51.815559],[-68.473507,51.743146],[-68.554163,51.678386],[-68.485282,51.665434],[-68.438037,51.692809],[-68.404479,51.687511],[-68.357528,51.642179],[-68.31043,51.634525],[-68.259799,51.658074],[-68.215497,51.69958],[-68.184442,51.753743],[-68.197835,51.795837],[-68.170607,51.775231],[-68.164572,51.744912],[-68.185031,51.685156],[-68.31514,51.603911],[-68.238899,51.562995],[-68.300863,51.562995],[-68.286439,51.53503],[-68.284084,51.481162],[-68.231982,51.473508],[-68.259946,51.445544],[-68.246405,51.408454],[-68.260535,51.381961],[-68.231982,51.343105],[-68.190035,51.327504]],[[-68.592872,51.082887],[-68.588898,51.109968],[-68.638057,51.117916],[-68.691337,51.078766],[-68.725777,51.02107],[-68.718566,50.972795],[-68.693986,50.964258],[-68.683683,51.008118],[-68.592872,51.082887]],[[-68.372982,51.266276],[-68.369744,51.289236],[-68.389319,51.30366],[-68.504857,51.330153],[-68.564466,51.43789],[-68.595521,51.44937],[-68.56844,51.467326],[-68.564613,51.490581],[-68.524727,51.49117],[-68.496468,51.45879],[-68.480719,51.379606],[-68.436859,51.353702],[-68.386523,51.349581],[-68.380194,51.398445],[-68.408011,51.437007],[-68.431266,51.445544],[-68.381666,51.474391],[-68.376662,51.497646],[-68.39241,51.533853],[-68.451577,51.585661],[-68.65042,51.659252],[-68.915348,51.592431],[-69.006601,51.522078],[-69.111542,51.401389],[-69.10904,51.377545],[-69.061647,51.33604],[-69.026912,51.254501],[-69.006601,51.247731],[-69.00454,51.267748],[-68.962593,51.247731],[-68.919028,51.258917],[-68.915054,51.231246],[-68.863246,51.213585],[-68.866336,51.179438],[-68.855886,51.172079],[-68.833515,51.209169],[-68.773317,51.151474],[-68.704878,51.164426],[-68.656896,51.152063],[-68.602586,51.155889],[-68.56844,51.172079],[-68.573002,51.20858],[-68.502061,51.186209],[-68.46291,51.190035],[-68.43995,51.206226],[-68.444365,51.220355],[-68.372982,51.266276]]]},"properties":{"name":"Réservoir Manicouagan","nameZh":"曼尼古根陨石坑","rank":2}},{"type":"Feature","geometry":{"type":"Polygon","coordinates":[[[-76.135658,53.728632],[-76.057652,53.721567],[-76.000104,53.752475],[-75.894574,53.776319],[-75.874263,53.788976],[-75.964927,53.809876],[-75.844827,53.841962],[-75.858809,53.873459],[-75.731202,53.894947],[-75.666148,53.896419],[-75.64201,53.874931],[-75.543398,53.902307],[-75.500126,53.892887],[-75.387679,53.898774],[-75.352944,53.887],[-75.265518,53.912609],[-75.286124,53.896419],[-75.285241,53.874342],[-75.236965,53.850498],[-75.229753,53.807227],[-75.20429,53.794864],[-75.08993,53.841373],[-75.032823,53.832248],[-74.930385,53.859329],[-74.952756,53.885822],[-74.851348,53.874931],[-74.6815,53.922618],[-74.711525,53.890532],[-74.604082,53.861096],[-74.700928,53.845789],[-74.771281,53.855208],[-74.85488,53.826361],[-74.978955,53.816352],[-74.954964,53.801928],[-74.772017,53.792509],[-75.034589,53.775436],[-75.053282,53.765427],[-75.042832,53.74541],[-75.07374,53.724216],[-75.314383,53.718329],[-75.377229,53.675646],[-75.307023,53.655629],[-75.224749,53.663872],[-75.133937,53.690953],[-75.059316,53.695074],[-74.999119,53.679767],[-74.922731,53.686243],[-74.792475,53.624132],[-74.575529,53.681239],[-74.429966,53.6833],[-74.704607,53.606471],[-74.840162,53.595285],[-74.909779,53.603527],[-74.946427,53.572324],[-75.026936,53.553779],[-75.073151,53.529053],[-75.086103,53.537884],[-75.05387,53.572324],[-74.982045,53.616773],[-74.926116,53.630903],[-74.950843,53.644444],[-75.013248,53.640028],[-75.033706,53.650625],[-75.14218,53.625016],[-75.160872,53.592047],[-75.206351,53.640028],[-75.440959,53.617362],[-75.533684,53.640911],[-75.730908,53.627076],[-75.754457,53.581155],[-75.580488,53.615596],[-75.53913,53.593813],[-75.632149,53.587337],[-75.652754,53.531702],[-75.61169,53.523166],[-75.633179,53.511391],[-75.750336,53.49785],[-75.837615,53.461643],[-75.921509,53.461349],[-75.986416,53.443687],[-76.005991,53.459289],[-76.131832,53.461938],[-76.156558,53.533468],[-76.121382,53.555546],[-76.052795,53.561727],[-75.995541,53.619423],[-75.867198,53.64621],[-75.864549,53.667993],[-75.883977,53.68536],[-75.910764,53.681828],[-75.960512,53.702139],[-75.994805,53.670642],[-76.121971,53.645915],[-76.110343,53.677118],[-76.127711,53.686243],[-76.114906,53.702728],[-76.139485,53.715091],[-76.135658,53.728632]],[[-75.725315,53.547598],[-75.835113,53.562316],[-75.935932,53.536706],[-75.860428,53.533468],[-75.881181,53.518161],[-75.86867,53.507564],[-75.790811,53.505209],[-75.707653,53.536412],[-75.725315,53.547598]],[[-75.775798,53.655335],[-75.714718,53.677412],[-75.718839,53.69478],[-75.795815,53.705083],[-75.811122,53.696546],[-75.805088,53.672997],[-75.827459,53.654452],[-75.7992,53.630903],[-75.755782,53.650331],[-75.775798,53.655335]],[[-75.677039,53.64621],[-75.609188,53.712736],[-75.631118,53.714502],[-75.693671,53.70155],[-75.707359,53.685655],[-75.677039,53.64621]],[[-75.416674,53.706554],[-75.381645,53.705671],[-75.355594,53.721861],[-75.42315,53.732458],[-75.535156,53.720095],[-75.546489,53.716857],[-75.540013,53.698312],[-75.561943,53.670053],[-75.500273,53.652097],[-75.416674,53.706554]]]},"properties":{"name":"Réservoir de La Grande 3","nameZh":"格朗德三级水库","rank":4}},{"type":"Feature","geometry":{"type":"Polygon","coordinates":[[[-113.690045,35.906061],[-113.637501,35.858669],[-113.635588,35.830704],[-113.678712,35.849543],[-113.665613,35.870149],[-113.709767,35.888105],[-113.720512,35.941091],[-113.755541,35.963757],[-113.788657,36.036465],[-113.871373,36.063252],[-113.932601,36.130955],[-113.974254,36.123302],[-113.995153,36.196599],[-114.056823,36.181586],[-114.116137,36.026456],[-114.217546,36.013504],[-114.330434,36.051772],[-114.329404,36.099164],[-114.35781,36.137137],[-114.378857,36.10358],[-114.406233,36.116532],[-114.393723,36.087684],[-114.446267,36.05501],[-114.460838,36.062074],[-114.451418,36.077676],[-114.488213,36.096221],[-114.530602,36.153622],[-114.644668,36.128306],[-114.704129,36.081797],[-114.717229,36.025279],[-114.741367,36.013504],[-114.72709,36.04088],[-114.769331,36.027045],[-114.816282,36.052066],[-114.803477,36.081797],[-114.858671,36.137137],[-114.743869,36.130072],[-114.713991,36.137137],[-114.721203,36.153916],[-114.690147,36.144496],[-114.645109,36.165102],[-114.457011,36.171872],[-114.414622,36.262242],[-114.431401,36.351434],[-114.370468,36.437683],[-114.406233,36.473595],[-114.41212,36.505975],[-114.399315,36.514512],[-114.352659,36.481249],[-114.337352,36.589575],[-114.324253,36.568969],[-114.324253,36.493318],[-114.336322,36.478011],[-114.318512,36.416783],[-114.363992,36.352612],[-114.388424,36.216321],[-114.376061,36.185707],[-114.289518,36.10358],[-114.287751,36.079736],[-114.253311,36.063546],[-114.261553,36.05501],[-114.232117,36.037053],[-114.151314,36.045001],[-114.117903,36.146851],[-114.022677,36.223091],[-114.01885,36.249879],[-114.001482,36.26754],[-113.9588,36.160098],[-113.910818,36.136843],[-113.864897,36.083563],[-113.767757,36.045296],[-113.754952,36.023218],[-113.76187,35.999963],[-113.716096,35.963757],[-113.690045,35.906061]]]},"properties":{"name":"Lake Mead","nameZh":"米德湖","rank":4}},{"type":"Feature","geometry":{"type":"Polygon","coordinates":[[[-110.41024,37.910681],[-110.362995,37.905088],[-110.391989,37.865643],[-110.382423,37.800883],[-110.438205,37.809125],[-110.410829,37.764676],[-110.417599,37.713457],[-110.459693,37.700799],[-110.445416,37.665181],[-110.520479,37.630152],[-110.644259,37.521826],[-110.630424,37.501809],[-110.638372,37.488857],[-110.700189,37.474433],[-110.650441,37.43911],[-110.705046,37.398193],[-110.726093,37.336082],[-110.809103,37.30017],[-110.836038,37.254249],[-110.828531,37.247479],[-110.862678,37.206562],[-110.808073,37.185368],[-110.690033,37.195376],[-110.6578,37.227756],[-110.641757,37.213332],[-110.658242,37.179186],[-110.896382,37.171827],[-110.971004,37.115898],[-111.076533,37.104123],[-111.092576,37.082929],[-111.109796,37.095881],[-111.166756,37.087639],[-111.171171,37.065856],[-111.132904,37.020229],[-111.143795,37.014048],[-111.199136,37.042012],[-111.216945,37.02229],[-111.212088,36.993442],[-111.248736,37.013459],[-111.256684,37.041129],[-111.292891,37.01081],[-111.385468,37.000213],[-111.393122,36.995503],[-111.374724,36.988144],[-111.375607,36.964889],[-111.473483,36.932215],[-111.507629,36.997858],[-111.555464,37.048783],[-111.441839,37.035242],[-111.426679,37.04525],[-111.459207,37.110305],[-111.350881,37.022879],[-111.305696,37.039952],[-111.327331,37.102063],[-111.314232,37.118253],[-111.276554,37.112071],[-111.265073,37.130322],[-111.273021,37.153282],[-111.308345,37.172416],[-111.251533,37.161524],[-111.212088,37.089699],[-111.167786,37.133854],[-111.184859,37.185368],[-111.115978,37.155343],[-111.11274,37.123846],[-110.994406,37.12885],[-110.949074,37.150927],[-110.900798,37.202735],[-110.862678,37.26779],[-110.897413,37.329312],[-110.839129,37.306057],[-110.830739,37.321953],[-110.862678,37.346679],[-110.848695,37.353744],[-110.754057,37.343736],[-110.738014,37.362575],[-110.734335,37.403197],[-110.705046,37.428513],[-110.780697,37.521826],[-110.773927,37.528008],[-110.739781,37.507991],[-110.761269,37.564803],[-110.749789,37.571279],[-110.698864,37.507991],[-110.671783,37.502987],[-110.603196,37.604248],[-110.549769,37.645753],[-110.506497,37.657528],[-110.486627,37.713457],[-110.449538,37.751136],[-110.444975,37.771152],[-110.47294,37.791464],[-110.478974,37.812952],[-110.472351,37.829731],[-110.420101,37.863288],[-110.416274,37.890075],[-110.431287,37.898612],[-110.41024,37.910681]]]},"properties":{"name":"Lake Powell","nameZh":"鲍威尔湖","rank":4}},{"type":"Feature","geometry":{"type":"Polygon","coordinates":[[[-122.337286,56.085017],[-122.496684,56.100323],[-122.559825,56.129171],[-122.66506,56.103561],[-122.7335,56.07177],[-122.731439,56.043806],[-122.79929,56.071181],[-122.882154,56.077363],[-123.040522,56.057935],[-123.033751,56.043806],[-123.105135,55.993175],[-123.157384,55.975807],[-123.278662,55.980517],[-123.444684,56.017018],[-123.734191,56.037624],[-123.759948,56.030559],[-123.783497,55.993175],[-123.80734,55.9814],[-123.804838,55.954613],[-123.779817,55.920761],[-123.79483,55.907515],[-123.752441,55.866304],[-123.766865,55.85188],[-123.744641,55.846287],[-123.725213,55.859534],[-123.684296,55.825387],[-123.702546,55.81273],[-123.696365,55.792713],[-123.644115,55.732368],[-123.591718,55.72913],[-123.584948,55.704992],[-123.511504,55.658189],[-123.486483,55.627869],[-123.396261,55.612856],[-123.408035,55.597255],[-123.390962,55.546625],[-123.349162,55.537205],[-123.355197,55.530435],[-123.325466,55.491873],[-123.255996,55.440948],[-123.211841,55.427407],[-123.234213,55.416516],[-123.234655,55.39385],[-123.204482,55.352344],[-123.192266,55.402975],[-123.177548,55.418871],[-123.157237,55.413866],[-123.177695,55.401503],[-123.17902,55.380014],[-123.157237,55.331739],[-123.190794,55.331739],[-123.177107,55.286995],[-123.149878,55.256087],[-123.171072,55.208989],[-123.115732,55.160419],[-123.190794,55.198097],[-123.199037,55.241369],[-123.26468,55.37295],[-123.468969,55.601376],[-123.629544,55.689391],[-123.718442,55.701166],[-123.865771,55.85659],[-123.916991,55.873663],[-123.841781,55.768575],[-123.83501,55.72913],[-123.985872,55.907221],[-124.050043,55.903983],[-124.034295,55.920761],[-124.067852,55.920761],[-124.02149,55.957263],[-124.012218,55.981695],[-124.026789,56.010248],[-124.056519,56.024378],[-124.157192,56.002889],[-124.225484,56.010248],[-124.260219,55.996707],[-124.416674,56.068238],[-124.468924,56.107388],[-124.520879,56.106505],[-124.491442,56.130937],[-124.275821,56.034386],[-124.22622,56.026438],[-124.178386,56.037624],[-124.13011,56.084722],[-124.192957,56.105328],[-124.341169,56.220718],[-124.383705,56.216303],[-124.390623,56.25722],[-124.414319,56.267228],[-124.479373,56.339053],[-124.554436,56.483291],[-124.651871,56.583669],[-124.723843,56.630179],[-124.750336,56.67816],[-124.802585,56.69906],[-124.841883,56.749985],[-124.835554,56.75705],[-124.805823,56.727613],[-124.701913,56.68287],[-124.63362,56.602214],[-124.569154,56.584552],[-124.492325,56.539809],[-124.47275,56.490945],[-124.426094,56.452677],[-124.411081,56.393805],[-124.370164,56.393805],[-124.364277,56.38203],[-124.383705,56.356126],[-124.380026,56.342585],[-124.339403,56.343763],[-124.340728,56.322568],[-124.215476,56.235437],[-124.17088,56.222485],[-124.119219,56.229549],[-124.092873,56.239558],[-124.047541,56.287833],[-123.99956,56.298136],[-124.09567,56.168027],[-124.082129,56.130643],[-124.046069,56.093847],[-123.965414,56.043806],[-123.903744,56.033208],[-123.814258,56.048515],[-123.665751,56.052048],[-123.231858,55.985227],[-123.148259,56.000534],[-123.105135,56.027616],[-123.101896,56.047927],[-123.127653,56.087371],[-123.115732,56.098852],[-123.067309,56.084722],[-122.882301,56.106505],[-122.827108,56.095908],[-122.804,56.106505],[-122.794139,56.126816],[-122.719665,56.104445],[-122.627234,56.155958],[-122.544518,56.162434],[-122.473282,56.130054],[-122.382618,56.126816],[-122.289893,56.106211],[-122.171559,56.043511],[-122.168026,56.031442],[-122.179948,56.013486],[-122.197168,56.011426],[-122.337286,56.085017]]]},"properties":{"name":"Williston Lake","nameZh":"威利斯顿湖","rank":5}},{"type":"Feature","geometry":{"type":"Polygon","coordinates":[[[-106.22556,47.617044],[-106.201863,47.578188],[-106.26471,47.521964],[-106.306215,47.506068],[-106.285021,47.546396],[-106.244104,47.574361],[-106.239836,47.589079],[-106.257792,47.609096],[-106.237923,47.650012],[-106.246018,47.668263],[-106.298709,47.697405],[-106.282077,47.716833],[-106.309012,47.74362],[-106.333591,47.74627],[-106.308717,47.774823],[-106.360378,47.795134],[-106.354049,47.820744],[-106.415866,47.860188],[-106.429701,47.875495],[-106.416307,47.893746],[-106.44648,47.91023],[-106.467968,47.90346],[-106.490487,47.834579],[-106.542295,47.82457],[-106.556278,47.798372],[-106.545828,47.718305],[-106.600432,47.759516],[-106.597489,47.776589],[-106.63605,47.789247],[-106.711113,47.731846],[-106.70346,47.704175],[-106.734515,47.708885],[-106.739814,47.691223],[-106.758064,47.704175],[-106.768514,47.73891],[-106.844313,47.733023],[-106.836807,47.66061],[-106.87478,47.609096],[-106.863447,47.673267],[-106.87478,47.68357],[-106.970301,47.663848],[-106.969712,47.645891],[-107.033,47.616161],[-107.039182,47.622342],[-107.005183,47.650012],[-107.017105,47.673267],[-107.052723,47.659432],[-107.240969,47.670618],[-107.371225,47.699171],[-107.392125,47.689163],[-107.419648,47.62558],[-107.47749,47.629113],[-107.525324,47.650012],[-107.649104,47.632645],[-107.724167,47.567002],[-107.806442,47.53786],[-107.821602,47.52167],[-107.831021,47.474866],[-107.878267,47.444546],[-107.888717,47.400097],[-107.950386,47.355354],[-107.920508,47.39215],[-107.91624,47.464563],[-107.900491,47.501064],[-107.929928,47.571123],[-107.967459,47.595555],[-108.204275,47.601737],[-108.009406,47.616161],[-107.940231,47.598499],[-107.895782,47.56082],[-107.875323,47.477221],[-107.85825,47.471333],[-107.847947,47.476632],[-107.854865,47.509306],[-107.838233,47.548457],[-107.726817,47.590257],[-107.656169,47.670618],[-107.700765,47.673267],[-107.73815,47.691223],[-107.722695,47.697405],[-107.683545,47.68357],[-107.554761,47.677388],[-107.484113,47.647363],[-107.439812,47.642653],[-107.422886,47.691223],[-107.333399,47.752451],[-107.34429,47.717716],[-107.212562,47.681509],[-107.126019,47.696228],[-106.919523,47.700643],[-106.899653,47.722132],[-106.915696,47.74627],[-106.998265,47.759516],[-106.962647,47.777178],[-106.879489,47.766286],[-106.882139,47.793662],[-106.852555,47.780121],[-106.803249,47.788069],[-106.758064,47.773057],[-106.772194,47.798078],[-106.70346,47.813973],[-106.714793,47.832224],[-106.641349,47.834579],[-106.648119,47.841938],[-106.621479,47.84812],[-106.620596,47.8596],[-106.573056,47.869314],[-106.586744,47.889625],[-106.563637,47.895218],[-106.549802,47.914351],[-106.554806,47.934663],[-106.639877,47.949086],[-106.638258,47.96145],[-106.525369,47.992064],[-106.490487,47.985293],[-106.346543,48.033863],[-106.341833,47.991181],[-106.285021,47.951147],[-106.363911,47.964982],[-106.372889,47.955857],[-106.346543,47.862543],[-106.319903,47.855184],[-106.312986,47.834579],[-106.216729,47.828397],[-106.278987,47.807203],[-106.257057,47.760105],[-106.230417,47.759516],[-106.230417,47.73891],[-106.251611,47.74627],[-106.253818,47.729785],[-106.211283,47.65325],[-106.22556,47.617044]]]},"properties":{"name":"Fort Peck Lake","nameZh":"佩克堡湖","rank":5}},{"type":"Feature","geometry":{"type":"Polygon","coordinates":[[[-102.100193,47.544336],[-102.091068,47.56082],[-102.192182,47.572006],[-102.241635,47.597321],[-102.305218,47.604975],[-102.32391,47.595555],[-102.317581,47.581131],[-102.396913,47.586135],[-102.423847,47.564058],[-102.434591,47.530501],[-102.441214,47.588196],[-102.41325,47.595555],[-102.426938,47.616161],[-102.30198,47.630584],[-102.278284,47.716833],[-102.305954,47.759516],[-102.326854,47.767464],[-102.418401,47.761282],[-102.60076,47.798078],[-102.64359,47.817506],[-102.657719,47.855184],[-102.646828,47.949381],[-102.57147,47.998834],[-102.632993,48.012669],[-102.752357,48.096857],[-102.818,48.122467],[-103.043189,48.147194],[-103.131793,48.142778],[-103.17477,48.129826],[-103.250863,48.049465],[-103.388478,48.038279],[-103.438373,48.007371],[-103.482675,47.998834],[-103.547876,48.050348],[-103.578343,48.129826],[-103.77071,48.02621],[-103.775273,48.050053],[-103.811627,48.085377],[-103.707569,48.117757],[-103.643839,48.160146],[-103.566274,48.162206],[-103.523886,48.12806],[-103.510639,48.0633],[-103.448528,48.046815],[-103.334904,48.088909],[-103.270438,48.08155],[-103.24056,48.099212],[-103.201998,48.158379],[-103.16432,48.171037],[-102.996091,48.190759],[-102.711146,48.133653],[-102.594284,48.048876],[-102.533939,48.032686],[-102.543653,48.005899],[-102.605028,47.938195],[-102.605028,47.89669],[-102.632993,47.862543],[-102.607236,47.831635],[-102.572059,47.819566],[-102.410895,47.792485],[-102.392939,47.816623],[-102.366887,47.826631],[-102.413397,47.879322],[-102.426496,47.969398],[-102.376013,47.971752],[-102.332005,47.943199],[-102.282994,47.98235],[-102.24193,47.979112],[-102.284171,47.945554],[-102.269306,47.938195],[-102.275046,47.927304],[-102.310811,47.917001],[-102.297565,47.911113],[-102.290353,47.872257],[-102.245315,47.800138],[-102.253116,47.751274],[-102.24193,47.73891],[-102.226329,47.751274],[-102.187325,47.73891],[-102.105345,47.73891],[-102.125214,47.724192],[-102.213965,47.724781],[-102.199836,47.678566],[-102.235307,47.638532],[-102.220294,47.630584],[-102.126981,47.61881],[-101.970379,47.559054],[-101.862053,47.55405],[-101.811128,47.567591],[-101.645254,47.549929],[-101.589325,47.577893],[-101.611991,47.609096],[-101.47938,47.592317],[-101.41771,47.609096],[-101.392248,47.601737],[-101.334111,47.62352],[-101.265966,47.622342],[-101.181041,47.665025],[-101.152635,47.656489],[-101.166323,47.646186],[-101.105243,47.577599],[-101.155285,47.56553],[-101.252278,47.583192],[-101.249923,47.55405],[-101.345297,47.536682],[-101.382092,47.496649],[-101.488358,47.546396],[-101.673365,47.491939],[-101.734888,47.499298],[-101.800384,47.474866],[-101.898113,47.479576],[-101.893108,47.451022],[-101.939471,47.466918],[-101.952864,47.484874],[-101.947713,47.506068],[-102.051918,47.543158],[-102.088566,47.534327],[-102.100193,47.544336]]]},"properties":{"name":"Lake Sakakawea","nameZh":"沙卡卡威亞湖","rank":5}},{"type":"Feature","geometry":{"type":"Polygon","coordinates":[[[-100.247613,45.073149],[-100.296036,44.998086],[-100.365359,45.023401],[-100.388613,45.014865],[-100.408777,44.95923],[-100.378605,44.881224],[-100.456611,44.803511],[-100.52196,44.757885],[-100.586868,44.744344],[-100.642355,44.784378],[-100.68651,44.798802],[-100.595404,44.722267],[-100.624988,44.634252],[-100.605854,44.598634],[-100.544921,44.572436],[-100.474862,44.613647],[-100.491788,44.580678],[-100.467356,44.559778],[-100.473832,44.548003],[-100.550661,44.489425],[-100.479866,44.486187],[-100.420257,44.504437],[-100.384934,44.469702],[-100.399505,44.436734],[-100.459113,44.453218],[-100.556106,44.435556],[-100.611888,44.463815],[-100.659134,44.518861],[-100.6113,44.518861],[-100.570383,44.545354],[-100.622633,44.550064],[-100.685774,44.589803],[-100.674588,44.610114],[-100.68077,44.687238],[-100.667376,44.714908],[-100.707998,44.740517],[-100.769079,44.72992],[-100.773347,44.760534],[-100.866661,44.770248],[-100.932893,44.74405],[-100.961887,44.752881],[-101.021791,44.723444],[-101.132324,44.739929],[-101.221517,44.703133],[-101.187076,44.743167],[-101.138653,44.768188],[-101.039747,44.759357],[-100.973662,44.781728],[-100.97587,44.816463],[-100.925828,44.828238],[-100.899188,44.807632],[-100.850912,44.806161],[-100.878288,44.857969],[-100.820151,44.820585],[-100.759512,44.815286],[-100.748621,44.833537],[-100.789537,44.881224],[-100.76275,44.895059],[-100.700198,44.881224],[-100.666935,44.855025],[-100.633524,44.862384],[-100.584071,44.79262],[-100.557725,44.782906],[-100.536973,44.820585],[-100.546098,44.891526],[-100.534029,44.895942],[-100.508272,44.867683],[-100.49326,44.875925],[-100.461174,44.854731],[-100.426439,44.887994],[-100.446014,44.920668],[-100.453668,44.991021],[-100.474862,45.028406],[-100.471035,45.052543],[-100.423348,45.039003],[-100.388613,45.053132],[-100.3371,45.053132],[-100.351082,45.110828],[-100.322823,45.192366],[-100.3371,45.202964],[-100.3031,45.23917],[-100.310018,45.28097],[-100.337394,45.310995],[-100.364917,45.312761],[-100.40289,45.357505],[-100.484723,45.367219],[-100.595257,45.336605],[-100.714327,45.326302],[-100.680622,45.351617],[-100.450283,45.405486],[-100.347991,45.366041],[-100.326944,45.366041],[-100.302953,45.389002],[-100.387583,45.489674],[-100.470741,45.511163],[-100.520783,45.56562],[-100.535648,45.566503],[-100.537267,45.589464],[-100.570236,45.598589],[-100.621602,45.65805],[-100.666051,45.655401],[-100.646771,45.673357],[-100.587162,45.676301],[-100.559786,45.645687],[-100.491788,45.605065],[-100.462499,45.615368],[-100.426439,45.686898],[-100.352995,45.690136],[-100.3371,45.703677],[-100.419227,45.862634],[-100.431443,45.876763],[-100.491052,45.883239],[-100.498264,45.902373],[-100.543154,45.928277],[-100.577595,46.005989],[-100.607473,46.020707],[-100.631316,46.080463],[-100.662078,46.097242],[-100.653983,46.130505],[-100.68651,46.16995],[-100.576712,46.231177],[-100.590253,46.282691],[-100.567734,46.32037],[-100.56582,46.369823],[-100.574504,46.394549],[-100.622633,46.420748],[-100.597612,46.457249],[-100.6113,46.512295],[-100.59246,46.534372],[-100.593049,46.558805],[-100.624988,46.601193],[-100.806022,46.680966],[-100.816766,46.700983],[-100.806169,46.719822],[-100.728015,46.683909],[-100.707557,46.691269],[-100.655307,46.675079],[-100.621602,46.638872],[-100.56376,46.624448],[-100.549336,46.607375],[-100.549042,46.489335],[-100.570383,46.443414],[-100.540505,46.394255],[-100.535648,46.330672],[-100.55905,46.280042],[-100.549336,46.220875],[-100.598495,46.170833],[-100.604529,46.149344],[-100.556106,46.12138],[-100.586868,46.089588],[-100.508419,45.980674],[-100.468533,45.961245],[-100.405686,45.893836],[-100.326061,45.916208],[-100.310312,45.909732],[-100.348138,45.879412],[-100.371835,45.837318],[-100.301629,45.726343],[-100.304278,45.696023],[-100.328563,45.671002],[-100.413781,45.630675],[-100.451754,45.555906],[-100.376397,45.508513],[-100.313403,45.494678],[-100.302953,45.450524],[-100.26189,45.401954],[-100.258357,45.383409],[-100.295889,45.332484],[-100.250409,45.260659],[-100.26189,45.216504],[-100.255119,45.18589],[-100.310312,45.083746],[-100.285144,45.065201],[-100.247613,45.073149]]]},"properties":{"name":"Lake Oahe","nameZh":"欧河湖","rank":5}},{"type":"Feature","geometry":{"type":"Polygon","coordinates":[[[-74.112494,48.36885],[-74.057153,48.348539],[-74.081438,48.340296],[-74.149731,48.36885],[-74.229798,48.371793],[-74.248932,48.362668],[-74.242161,48.327933],[-74.254525,48.307033],[-74.285727,48.370616],[-74.338418,48.396814],[-74.349015,48.427134],[-74.464701,48.48895],[-74.514006,48.494838],[-74.539911,48.463635],[-74.530049,48.421541],[-74.468674,48.376503],[-74.44071,48.321751],[-74.49399,48.268766],[-74.502821,48.283778],[-74.481774,48.324695],[-74.485306,48.346184],[-74.551391,48.397697],[-74.569347,48.435965],[-74.590836,48.436553],[-74.604376,48.423013],[-74.591571,48.403585],[-74.598489,48.396814],[-74.639994,48.441263],[-74.664132,48.429194],[-74.668106,48.363551],[-74.695482,48.348244],[-74.701516,48.365906],[-74.687093,48.400347],[-74.719031,48.486007],[-74.734191,48.479531],[-74.721975,48.461869],[-74.721975,48.376503],[-74.735663,48.381213],[-74.777021,48.500136],[-74.862681,48.533105],[-74.870776,48.598159],[-74.95467,48.554593],[-74.927441,48.595216],[-74.941718,48.601692],[-74.988816,48.524568],[-74.962617,48.479236],[-74.935242,48.48424],[-74.92803,48.499253],[-74.913753,48.492483],[-74.939951,48.464224],[-75.017369,48.480414],[-75.030321,48.428311],[-75.000885,48.418892],[-74.975717,48.390633],[-74.948046,48.394165],[-74.939657,48.372971],[-74.947899,48.341768],[-74.986608,48.358547],[-74.996175,48.383274],[-75.023698,48.387983],[-75.029732,48.335292],[-75.060346,48.346772],[-75.052987,48.433315],[-75.064615,48.465107],[-75.094051,48.421541],[-75.079774,48.378858],[-75.127314,48.261407],[-75.149244,48.296142],[-75.130258,48.339413],[-75.11289,48.348539],[-75.12599,48.376503],[-75.105384,48.400935],[-75.119808,48.486301],[-75.057697,48.492483],[-75.036061,48.529867],[-74.996469,48.559598],[-74.976453,48.619059],[-74.981457,48.644963],[-75.042979,48.5908],[-75.090371,48.582558],[-75.097583,48.60228],[-75.109505,48.598454],[-75.113332,48.578143],[-75.085073,48.568134],[-75.100674,48.551944],[-75.180594,48.560775],[-75.151452,48.499842],[-75.215476,48.451566],[-75.212091,48.434787],[-75.166906,48.437731],[-75.154837,48.426251],[-75.159253,48.402996],[-75.174412,48.396814],[-75.187364,48.41742],[-75.26022,48.395931],[-75.308937,48.409766],[-75.325274,48.403585],[-75.331456,48.409766],[-75.286124,48.467462],[-75.304816,48.486301],[-75.372961,48.376503],[-75.382381,48.385628],[-75.352503,48.472466],[-75.418146,48.424485],[-75.421531,48.454804],[-75.35839,48.514266],[-75.35942,48.54017],[-75.325274,48.526629],[-75.232402,48.53752],[-75.222247,48.554593],[-75.333958,48.562836],[-75.316737,48.580203],[-75.277881,48.58403],[-75.259042,48.616999],[-75.23932,48.585207],[-75.211208,48.582558],[-75.171763,48.599042],[-75.140413,48.624063],[-75.148067,48.664686],[-75.116275,48.660859],[-75.078891,48.682936],[-75.069619,48.692062],[-75.085073,48.698538],[-75.073593,48.712373],[-75.029732,48.739454],[-75.023551,48.733272],[-75.051515,48.691178],[-75.023551,48.698538],[-75.003092,48.670573],[-74.951137,48.715905],[-74.92803,48.718849],[-74.961587,48.6744],[-74.939215,48.663214],[-74.913753,48.670573],[-74.902714,48.712667],[-74.879018,48.712078],[-74.837954,48.770951],[-74.804544,48.752995],[-74.776138,48.753289],[-74.755974,48.763592],[-74.743169,48.793617],[-74.728745,48.788024],[-74.735663,48.774189],[-74.71962,48.775367],[-74.694599,48.794206],[-74.567728,48.820699],[-74.551096,48.814223],[-74.571407,48.78979],[-74.509591,48.774189],[-74.48825,48.748579],[-74.559191,48.702953],[-74.586714,48.668512],[-74.596281,48.632011],[-74.577884,48.601692],[-74.588186,48.560775],[-74.564343,48.59551],[-74.475445,48.59551],[-74.517097,48.574905],[-74.506059,48.538698],[-74.480155,48.534577],[-74.44071,48.58874],[-74.410832,48.593155],[-74.384339,48.579026],[-74.400676,48.544879],[-74.431732,48.536343],[-74.434528,48.519858],[-74.356375,48.474526],[-74.319579,48.44038],[-74.310454,48.409766],[-74.292056,48.407411],[-74.201686,48.469228],[-74.19315,48.463635],[-74.208015,48.444796],[-74.248932,48.41742],[-74.236863,48.407117],[-74.248932,48.390633],[-74.104399,48.39858],[-74.112494,48.36885]],[[-74.629544,48.696771],[-74.605259,48.746225],[-74.625423,48.735922],[-74.772017,48.620531],[-74.777168,48.598454],[-74.763922,48.569017],[-74.670461,48.478942],[-74.66266,48.482474],[-74.678114,48.522802],[-74.742433,48.58874],[-74.701516,48.58874],[-74.653094,48.609051],[-74.667959,48.611111],[-74.660011,48.626124],[-74.627337,48.633483],[-74.650886,48.687352],[-74.629544,48.696771]],[[-74.844872,48.698538],[-74.591571,48.774189],[-74.653094,48.777427],[-74.735663,48.739454],[-74.798068,48.735333],[-74.844872,48.698538]]]},"properties":{"name":"Réservoir Gouin","nameZh":"古安水庫","rank":5}},{"type":"Feature","geometry":{"type":"Polygon","coordinates":[[[-118.082105,49.47978],[-117.907106,49.341723],[-118.078278,49.405895],[-118.171739,49.558081],[-118.1607,49.596054],[-118.169973,49.622547],[-118.143038,49.726163],[-118.092408,49.80152],[-118.124935,49.612244],[-118.082105,49.47978]]]},"properties":{"name":"Lower Arrow Lake","nameZh":"下阿罗湖","rank":5}},{"type":"Feature","geometry":{"type":"Polygon","coordinates":[[[-100.954675,29.514239],[-100.906253,29.503642],[-100.942607,29.47656],[-101.010752,29.484802],[-101.060205,29.449184],[-101.098031,29.449184],[-101.142774,29.475383],[-101.193699,29.469495],[-101.184132,29.497754],[-101.195171,29.521892],[-101.265818,29.487157],[-101.300995,29.512767],[-101.259195,29.533372],[-101.227845,29.599899],[-101.239178,29.616677],[-101.26052,29.613439],[-101.295255,29.570168],[-101.323661,29.603137],[-101.303497,29.634045],[-101.303497,29.60608],[-101.239473,29.642581],[-101.214157,29.634045],[-101.20356,29.612851],[-101.213716,29.56222],[-101.20047,29.544558],[-101.194877,29.563692],[-101.1806,29.571934],[-101.138506,29.513356],[-101.097736,29.49275],[-101.05211,29.491278],[-101.022674,29.546324],[-100.995739,29.552212],[-100.996181,29.522481],[-100.974545,29.524247],[-100.976164,29.593423],[-100.919352,29.646997],[-100.961004,29.581942],[-100.954675,29.514239]]]},"properties":{"name":"Amistad Reservoir","nameZh":"阿米斯塔德水庫","rank":5}},{"type":"Feature","geometry":{"type":"Polygon","coordinates":[[[-75.754898,46.877895],[-75.67542,46.916457],[-75.688372,46.854346],[-75.70883,46.821083],[-75.70206,46.786348],[-75.770205,46.738956],[-75.73547,46.683909],[-75.762405,46.686853],[-75.783746,46.721882],[-75.837468,46.71364],[-75.876765,46.796945],[-75.921214,46.787526],[-75.9742,46.738661],[-76.025566,46.74131],[-76.044553,46.765743],[-76.003047,46.793707],[-75.989065,46.781638],[-75.976555,46.788703],[-75.982589,46.821083],[-75.945794,46.844044],[-75.945646,46.868181],[-75.975672,46.895557],[-75.859692,46.868181],[-75.868817,46.84787],[-75.860134,46.837273],[-75.82481,46.840806],[-75.800231,46.871419],[-75.780655,46.952664],[-75.70883,47.03332],[-75.770205,46.895557],[-75.754898,46.877895]]]},"properties":{"name":"Réservoir Baskatong","nameZh":"巴斯卡通水库","rank":5}},{"type":"Feature","geometry":{"type":"Polygon","coordinates":[[[-120.026527,47.873141],[-119.981195,47.834873],[-120.182393,47.89404],[-120.196375,47.968809],[-120.244062,48.015613],[-120.463216,48.078312],[-120.568452,48.206655],[-120.614814,48.223434],[-120.634831,48.280835],[-120.662207,48.314392],[-120.656908,48.330877],[-120.625558,48.310566],[-120.589499,48.244922],[-120.529448,48.208421],[-120.451736,48.10245],[-120.419062,48.083316],[-120.226253,48.033863],[-120.179449,48.006193],[-120.157372,47.971752],[-120.16635,47.92642],[-120.151043,47.91023],[-120.026527,47.873141]]]},"properties":{"name":"Lake Chelan","nameZh":"奇蘭湖","rank":5}},{"type":"Feature","geometry":{"type":"Polygon","coordinates":[[[-119.698017,37.000507],[-119.600877,37.062618],[-119.608236,37.028766],[-119.647975,37.007866],[-119.698017,37.000507]]]},"properties":{"name":"Millerton Lake","nameZh":"米勒顿湖","rank":5}},{"type":"Feature","geometry":{"type":"Polygon","coordinates":[[[-70.076026,49.45211],[-70.027603,49.396769],[-70.090597,49.442101],[-70.103402,49.46565],[-70.144318,49.480074],[-70.149764,49.532177],[-70.123124,49.545423],[-70.158595,49.575448],[-70.161097,49.6093],[-70.209814,49.637265],[-70.274722,49.648745],[-70.325941,49.634027],[-70.370243,49.578686],[-70.339776,49.519225],[-70.30195,49.493615],[-70.335802,49.485962],[-70.39232,49.525406],[-70.425583,49.513632],[-70.43618,49.547778],[-70.472681,49.555137],[-70.459582,49.513043],[-70.513598,49.486256],[-70.500352,49.439158],[-70.521104,49.389999],[-70.536264,49.457997],[-70.577917,49.483018],[-70.671966,49.45211],[-70.695957,49.465356],[-70.70935,49.457703],[-70.709203,49.440335],[-70.692424,49.424734],[-70.717592,49.423556],[-70.753652,49.487139],[-70.747617,49.520991],[-70.740258,49.513632],[-70.751591,49.546012],[-70.768959,49.555726],[-70.827685,49.530999],[-70.836957,49.540713],[-70.807668,49.540419],[-70.809875,49.556315],[-70.850056,49.575448],[-70.859034,49.536003],[-70.843286,49.499797],[-70.909812,49.45211],[-70.939837,49.420024],[-70.969126,49.354675],[-70.993412,49.349082],[-70.986641,49.38735],[-70.949551,49.440629],[-70.933508,49.490966],[-70.891709,49.527173],[-70.82268,49.657576],[-70.833277,49.596054],[-70.775729,49.599586],[-70.744379,49.573093],[-70.733488,49.540713],[-70.703904,49.512749],[-70.712883,49.493615],[-70.645179,49.523935],[-70.610444,49.568089],[-70.627223,49.517164],[-70.656806,49.492438],[-70.643118,49.470949],[-70.57306,49.567795],[-70.555692,49.614599],[-70.477686,49.650511],[-70.465322,49.671117],[-70.486958,49.68554],[-70.448102,49.694371],[-70.397619,49.68554],[-70.418666,49.67406],[-70.422934,49.65787],[-70.411306,49.646684],[-70.384667,49.649922],[-70.377896,49.673177],[-70.29518,49.664346],[-70.312253,49.71115],[-70.287821,49.712622],[-70.342867,49.822714],[-70.421904,49.897188],[-70.425583,49.918088],[-70.342867,49.863631],[-70.345075,49.887474],[-70.325058,49.906019],[-70.308132,49.857449],[-70.314461,49.834194],[-70.261034,49.787685],[-70.267215,49.746768],[-70.246757,49.726457],[-70.229684,49.674943],[-70.146673,49.680536],[-70.112233,49.728518],[-70.116501,49.753833],[-70.086328,49.69496],[-70.085298,49.638737],[-70.040113,49.625196],[-69.973881,49.551899],[-69.92119,49.558375],[-69.887044,49.54454],[-69.808596,49.376164],[-69.733533,49.342901],[-69.762822,49.328182],[-69.869971,49.322295],[-69.857019,49.37999],[-69.923398,49.438275],[-69.923987,49.452698],[-69.889252,49.462707],[-69.921926,49.524818],[-70.004937,49.51687],[-70.064104,49.48184],[-70.076026,49.45211]],[[-70.535381,49.527173],[-70.486958,49.540713],[-70.507269,49.601352],[-70.541563,49.568089],[-70.555839,49.513632],[-70.534939,49.510688],[-70.527875,49.493615],[-70.513598,49.520991],[-70.535381,49.527173]],[[-70.099722,49.486256],[-70.040113,49.522757],[-70.020685,49.552488],[-70.054979,49.603413],[-70.087947,49.614304],[-70.108259,49.570738],[-70.113263,49.514221],[-70.099722,49.486256]]]},"properties":{"name":"Réservoir Pipmuacan","nameZh":"皮普馬康水庫","rank":5}},{"type":"Feature","geometry":{"type":"Polygon","coordinates":[[[38.70403,58.113185],[38.679597,58.108181],[38.633382,58.129964],[38.573038,58.091108],[38.493265,58.130553],[38.388177,58.144977],[38.344022,58.117012],[38.330776,58.085515],[38.437041,58.021344],[38.424678,58.015751],[38.334603,58.044893],[38.251592,58.038711],[38.258362,58.052252],[38.237757,58.058434],[38.249826,58.073741],[38.233047,58.142327],[38.271903,58.182067],[38.2616,58.228282],[38.243939,58.244766],[38.151803,58.263311],[38.128548,58.257718],[38.142383,58.250948],[38.087631,58.250948],[38.094402,58.264489],[37.936328,58.313059],[37.906892,58.310704],[37.909835,58.268021],[37.850374,58.331604],[37.765008,58.381351],[37.747935,58.4049],[37.70643,58.411671],[37.689651,58.436397],[37.635194,58.436397],[37.648146,58.449644],[37.537465,58.530888],[37.49125,58.524706],[37.498609,58.579753],[37.324051,58.649222],[37.247222,58.695143],[37.15538,58.68278],[37.086499,58.689845],[37.209837,58.710156],[37.136541,58.794638],[37.139779,58.808473],[37.175102,58.82643],[37.122117,58.866169],[37.120645,58.881476],[37.198063,58.842325],[37.248693,58.771972],[37.326406,58.768146],[37.347011,58.730761],[37.411771,58.723697],[37.477414,58.744302],[37.424134,58.703974],[37.360846,58.68278],[37.463874,58.613899],[37.48654,58.613016],[37.518331,58.637742],[37.573671,58.613899],[37.544529,58.569744],[37.565429,58.545901],[37.60458,58.552082],[37.64844,58.535598],[37.694361,58.575337],[37.693183,58.589761],[37.673461,58.59712],[37.636665,58.593293],[37.621358,58.613899],[37.641964,58.620964],[37.604874,58.631266],[37.601047,58.644807],[37.624302,58.652755],[37.654916,58.648045],[37.716438,58.609189],[37.744403,58.607128],[37.730862,58.628323],[37.754117,58.633621],[37.93103,58.555026],[37.956639,58.559441],[37.998145,58.538836],[38.084393,58.529711],[38.094402,58.546489],[38.086748,58.561502],[38.046126,58.600358],[38.058784,58.615665],[38.115596,58.606834],[38.128548,58.617431],[38.120011,58.628911],[38.025815,58.673066],[37.943687,58.669239],[38.026109,58.689845],[37.916311,58.716337],[37.950458,58.723697],[37.923376,58.751072],[37.930146,58.764908],[38.014335,58.713394],[38.046126,58.710156],[38.052896,58.729584],[38.04171,58.754605],[37.991374,58.812595],[38.009919,58.829962],[38.009919,58.872645],[37.998145,58.881476],[37.916017,58.837616],[37.895706,58.867346],[37.916311,58.874117],[37.850374,58.899138],[37.8542,58.915622],[37.728507,58.944175],[37.65521,58.923864],[37.621947,58.938877],[37.538937,58.910323],[37.525101,58.888246],[37.546296,58.840265],[37.531872,58.824663],[37.436498,58.867346],[37.490955,58.915916],[37.476237,58.951534],[37.53511,58.958599],[37.587212,58.989802],[37.642847,58.977438],[37.723797,59.008052],[37.709668,59.030424],[37.682292,59.038666],[37.702897,59.046025],[37.67611,59.093712],[37.699071,59.101071],[37.700248,59.115201],[37.538937,59.189381],[37.739398,59.136395],[37.776488,59.156706],[37.855084,59.132863],[37.951341,59.167009],[37.984604,59.203804],[38.060255,59.209986],[37.950458,59.142282],[37.969591,59.123737],[38.163283,59.083115],[38.187715,59.101954],[38.180062,59.16642],[38.15769,59.189381],[38.094402,59.203804],[38.110003,59.216168],[38.199784,59.212635],[38.183888,59.189381],[38.276613,59.146109],[38.330776,59.139633],[38.374636,59.148464],[38.419674,59.194385],[38.477958,59.216757],[38.36816,59.101366],[38.340784,59.086942],[38.299279,59.086942],[38.316647,59.076639],[38.305755,59.06457],[38.262778,59.076639],[38.19684,59.073401],[38.217151,59.059566],[38.162694,59.052796],[38.066437,59.093712],[37.953401,59.117261],[37.818582,59.107842],[37.772367,59.086942],[37.904242,59.045142],[37.943687,59.046025],[38.019044,58.987741],[38.07409,59.005109],[38.155629,58.917094],[38.691078,58.565623],[38.902726,58.497919],[39.074634,58.50469],[38.991623,58.480257],[38.955417,58.45612],[38.97455,58.39813],[39.080816,58.332781],[38.953062,58.360157],[38.879765,58.361334],[38.807057,58.274203],[38.806468,58.182067],[38.845325,58.119956],[38.844147,58.103471],[38.814711,58.099056],[38.777915,58.11819],[38.779093,58.14792],[38.736115,58.192075],[38.589522,58.254775],[38.568033,58.237113],[38.70403,58.113185]]]},"properties":{"name":"Rybinsk Reservoir","nameZh":"雷賓斯克水庫","rank":2}},{"type":"Feature","geometry":{"type":"Polygon","coordinates":[[[4.633148,10.481243],[4.69467,10.364086],[4.680835,10.336121],[4.663762,10.350545],[4.657286,10.340831],[4.652871,10.295793],[4.619019,10.213372],[4.632559,10.220142],[4.633737,10.206601],[4.608422,10.188645],[4.598413,10.199831],[4.56309,10.148023],[4.543073,10.14449],[4.567505,10.089739],[4.591643,10.117703],[4.622257,10.117409],[4.620196,10.107695],[4.605184,10.110344],[4.608127,10.084734],[4.596353,10.070311],[4.625789,10.042052],[4.606067,10.005845],[4.625789,9.960218],[4.608127,9.951093],[4.606361,9.922834],[4.621668,9.910176],[4.63933,9.919007],[4.643451,9.900757],[4.619019,9.861606],[4.571037,9.842767],[4.590171,9.88074],[4.577219,9.898108],[4.557497,9.891043],[4.562501,9.933431],[4.556025,9.946972],[4.543073,9.939024],[4.539246,9.955803],[4.564267,9.977292],[4.568682,10.003784],[4.540718,10.034398],[4.522762,10.021446],[4.515991,10.0291],[4.536597,10.070016],[4.502745,10.083557],[4.467421,10.042052],[4.47478,10.069427],[4.447404,10.055592],[4.493914,10.095332],[4.495386,10.110344],[4.450348,10.127712],[4.433275,10.117703],[4.439751,10.138603],[4.462417,10.143902],[4.508927,10.124474],[4.522762,10.14449],[4.522762,10.185407],[4.455352,10.17952],[4.447404,10.199831],[4.483317,10.190705],[4.5051,10.204835],[4.510104,10.228384],[4.481845,10.306096],[4.444166,10.364086],[4.392947,10.405297],[4.348792,10.380865],[4.330836,10.384691],[4.388532,10.422076],[4.46124,10.398232],[4.440634,10.453573],[4.46124,10.446214],[4.47478,10.494489],[4.433275,10.529224],[4.447993,10.532757],[4.497741,10.598105],[4.458296,10.62136],[4.45388,10.6402],[4.467421,10.665809],[4.488615,10.631074],[4.515991,10.665809],[4.524822,10.623126],[4.563678,10.590158],[4.581929,10.595456],[4.587522,10.568375],[4.654637,10.613412],[4.621374,10.543648],[4.631676,10.521865],[4.659935,10.529224],[4.633148,10.481243]]]},"properties":{"name":"Kainji Reservoir","nameZh":"卡因吉大坝","rank":4}},{"type":"Feature","geometry":{"type":"Polygon","coordinates":[[[35.322375,47.551106],[35.324435,47.506068],[35.277926,47.474866],[35.282341,47.435127],[35.235243,47.45691],[35.178136,47.444841],[35.099541,47.451022],[35.058624,47.42188],[34.968549,47.396271],[34.892603,47.408634],[34.781039,47.474866],[34.753663,47.506068],[34.615901,47.541392],[34.468424,47.495766],[34.383942,47.49135],[34.35215,47.478104],[34.313294,47.429828],[34.293866,47.423646],[34.05131,47.416876],[34.029822,47.39215],[34.030116,47.347995],[34.137853,47.356237],[34.183185,47.379786],[34.191428,47.368895],[34.16729,47.347995],[34.21586,47.307078],[34.092227,47.336515],[34.036003,47.31797],[34.013043,47.288533],[33.998619,47.237903],[33.921201,47.175792],[33.905306,47.148416],[33.845255,47.115153],[33.823472,47.061579],[33.788738,47.048921],[33.699545,46.977979],[33.691597,46.933825],[33.789915,46.916457],[33.684238,46.905271],[33.640378,46.868181],[33.706904,46.863472],[33.69513,46.84787],[33.674524,46.854641],[33.633019,46.834624],[33.54,46.831386],[33.558839,46.836684],[33.578267,46.87554],[33.598873,46.889376],[33.613297,46.945894],[33.644499,46.988282],[33.640378,46.999173],[33.586215,46.999762],[33.585626,47.01713],[33.640378,47.026255],[33.633019,47.03332],[33.660395,47.074236],[33.660395,47.026255],[33.686299,47.040973],[33.786088,47.134581],[33.786677,47.165489],[33.748998,47.184034],[33.84555,47.20199],[33.957997,47.297364],[33.972421,47.333277],[33.948283,47.361536],[33.989199,47.379492],[33.922968,47.464563],[33.955053,47.464563],[33.923556,47.503714],[33.927677,47.56082],[33.965062,47.540509],[34.077803,47.581131],[34.146979,47.530501],[34.219098,47.526674],[34.257365,47.56082],[34.224985,47.599971],[34.236465,47.609096],[34.260014,47.612334],[34.277088,47.567591],[34.302992,47.579659],[34.388946,47.53992],[34.45871,47.569945],[34.448702,47.595555],[34.59088,47.611156],[34.669181,47.579071],[34.897018,47.546691],[34.985916,47.556993],[35.078347,47.629113],[35.118969,47.689752],[35.131332,47.73008],[35.126917,47.765698],[35.086,47.824276],[35.113376,47.84812],[35.13928,47.802787],[35.167833,47.783654],[35.209339,47.68357],[35.25732,47.642653],[35.284402,47.581131],[35.322375,47.551106]]]},"properties":{"name":"Kakhovka Reservoir","nameZh":"卡霍夫卡水库","rank":4}},{"type":"Feature","geometry":{"type":"Polygon","coordinates":[[[33.204425,49.102699],[33.153205,49.020572],[33.187352,48.972296],[33.122297,49.009092],[32.982474,48.979067],[33.091683,49.018806],[33.098748,49.069142],[33.012794,49.095635],[32.939497,49.070319],[32.872088,49.095046],[32.789077,49.081211],[32.769649,49.088276],[32.733442,49.139201],[32.666621,49.191892],[32.523266,49.260184],[32.45203,49.274314],[32.379028,49.322295],[32.208002,49.369982],[32.122342,49.427089],[32.044336,49.44946],[31.988995,49.50539],[31.885673,49.555137],[31.945429,49.567795],[31.961914,49.598997],[31.978987,49.602235],[32.016077,49.589283],[32.111745,49.520991],[32.182981,49.506273],[32.255689,49.520991],[32.333107,49.488316],[32.444377,49.41708],[32.544166,49.385878],[32.591559,49.383817],[32.615696,49.362623],[32.701062,49.348788],[32.735503,49.35497],[32.749043,49.369982],[32.68811,49.399713],[32.673392,49.411193],[32.673686,49.428561],[32.61187,49.46565],[32.635713,49.489788],[32.66515,49.55602],[32.716958,49.57015],[32.749043,49.540713],[32.700768,49.480074],[32.865317,49.438275],[32.83853,49.400007],[32.900641,49.393237],[32.940969,49.328182],[33.000725,49.307871],[33.030161,49.253414],[33.094921,49.217207],[33.147024,49.150975],[33.180876,49.136846],[33.204425,49.102699]]]},"properties":{"name":"Kremenchuk Reservoir","nameZh":"克列缅丘格水库","rank":4}},{"type":"Feature","geometry":{"type":"Polygon","coordinates":[[[48.444539,54.136326],[48.373008,54.16694],[48.358584,54.201969],[48.422167,54.353861],[48.392142,54.436872],[48.411864,54.582288],[48.485161,54.637334],[48.531376,54.651758],[48.828684,54.656173],[48.82368,54.691791],[48.791594,54.735946],[48.820736,54.80365],[48.847523,54.816602],[48.89315,54.871942],[48.865774,54.896374],[48.848112,54.936113],[48.859592,55.016475],[49.296134,55.170722],[49.278178,55.2084],[49.212829,55.241075],[49.185748,55.29406],[49.021198,55.411806],[49.010012,55.427407],[49.030912,55.455372],[49.077127,55.442125],[49.058877,55.482748],[49.104209,55.460376],[49.142182,55.403564],[49.209297,55.38649],[49.195167,55.348223],[49.284948,55.256087],[49.29584,55.273749],[49.278178,55.290233],[49.366781,55.270511],[49.402105,55.283757],[49.407109,55.321142],[49.395335,55.333505],[49.315857,55.355288],[49.308497,55.372067],[49.318506,55.383547],[49.359128,55.393261],[49.322038,55.428879],[49.336168,55.454194],[49.31409,55.465086],[49.305259,55.489518],[49.344115,55.540149],[49.407109,55.564581],[49.343527,55.506297],[49.347059,55.475683],[49.433308,55.379131],[49.606394,55.380309],[49.685283,55.421225],[49.740035,55.412689],[49.877503,55.352344],[49.983769,55.380309],[50.007907,55.409451],[50.017915,55.451545],[50.120354,55.475683],[50.099748,55.447718],[50.199538,55.447718],[50.33259,55.427113],[50.346425,55.402681],[50.458872,55.452722],[50.490958,55.489518],[50.527459,55.464791],[50.597518,55.458021],[50.634902,55.413866],[50.833598,55.516894],[51.033471,55.470973],[51.138559,55.4957],[51.161814,55.516894],[51.254539,55.527197],[51.38141,55.489518],[51.306347,55.489518],[51.330779,55.479804],[51.419383,55.475683],[51.476489,55.513361],[51.485614,55.546036],[51.461182,55.608147],[51.396717,55.683798],[51.390241,55.705581],[51.417322,55.723832],[51.384942,55.773285],[51.386708,55.788298],[51.464126,55.797423],[51.477667,55.866304],[51.501805,55.800955],[51.422621,55.770047],[51.435867,55.751502],[51.484437,55.742671],[51.433806,55.682915],[51.45971,55.640527],[51.502688,55.608147],[51.646632,55.630224],[51.744066,55.715295],[51.783511,55.723243],[51.878296,55.688214],[51.969843,55.727364],[51.997808,55.722949],[51.87182,55.662604],[51.840912,55.663781],[51.792636,55.694984],[51.742006,55.68321],[51.717279,55.639644],[51.73759,55.619921],[51.734352,55.609324],[51.696085,55.57194],[51.70992,55.550157],[51.621022,55.578122],[51.535362,55.574589],[51.518878,55.564581],[51.560383,55.523664],[51.44823,55.452134],[51.406431,55.448601],[51.296044,55.470384],[51.22157,55.499821],[51.182419,55.489518],[51.237466,55.475683],[51.120897,55.468324],[51.217743,55.441242],[51.237466,55.413866],[51.234522,55.385902],[51.182419,55.331739],[51.135027,55.352344],[51.202731,55.38649],[51.204791,55.415044],[51.182419,55.434766],[51.144446,55.448601],[51.011688,55.447718],[50.826533,55.482748],[50.773253,55.46538],[50.709965,55.413866],[50.792387,55.447718],[50.759418,55.405919],[50.62666,55.368534],[50.436206,55.372655],[50.311396,55.344691],[50.276367,55.362647],[50.230446,55.365885],[50.13154,55.315843],[49.953744,55.295826],[49.893988,55.318198],[49.863668,55.270511],[49.826284,55.242546],[49.741507,55.211638],[49.696469,55.171605],[49.613164,55.188383],[49.634358,55.160419],[49.579018,55.140108],[49.600212,55.105373],[49.554291,55.11597],[49.540751,55.127156],[49.544872,55.146878],[49.448615,55.125684],[49.400928,55.05798],[49.472753,55.085945],[49.447437,55.0465],[49.384443,54.991748],[49.352946,55.016475],[49.188102,55.03031],[49.168086,55.016475],[49.215773,54.995575],[48.989407,54.995575],[48.945546,54.984095],[48.932594,54.968493],[48.927001,54.916391],[48.959676,54.78952],[49.000298,54.811009],[49.021198,54.803355],[49.031206,54.816896],[49.099205,54.811009],[49.161315,54.762733],[49.041215,54.790109],[49.037977,54.759495],[49.020609,54.739184],[48.907573,54.68767],[48.975866,54.693852],[48.959382,54.665593],[49.009718,54.643221],[49.154545,54.639689],[49.088607,54.610841],[48.999121,54.61349],[48.945252,54.629386],[48.924647,54.649991],[48.900509,54.646459],[48.908162,54.627325],[48.880492,54.562271],[48.893738,54.550496],[48.920525,54.554912],[48.913755,54.526064],[48.832511,54.504576],[48.873427,54.468369],[48.886674,54.416266],[48.877254,54.407435],[48.847818,54.442465],[48.798364,54.447469],[48.7913,54.468369],[48.604084,54.44482],[48.537558,54.406258],[48.525783,54.381826],[48.462789,54.368285],[48.546094,54.219042],[48.590543,54.17371],[48.642351,54.155754],[48.712999,54.143685],[48.805135,54.153105],[48.770694,54.139564],[48.845463,54.090994],[48.833982,54.078336],[48.7913,54.084812],[48.773638,54.073038],[48.830744,54.048311],[48.907573,53.981785],[48.997649,53.944401],[49.312618,54.098942],[49.374435,54.099825],[49.416235,54.139858],[49.483055,54.139564],[49.584611,54.203735],[49.660851,54.200203],[49.718252,54.24318],[49.744156,54.234938],[49.702651,54.187251],[49.819219,54.153105],[49.750338,54.145746],[49.65467,54.175182],[49.591676,54.171944],[49.551642,54.12514],[49.473636,54.106595],[49.451853,54.084518],[49.551642,54.090994],[49.545166,54.081869],[49.366781,54.015931],[49.428304,53.989144],[49.400928,53.981785],[49.3397,53.995326],[49.315857,53.985612],[49.288186,53.94705],[49.263754,53.975014],[49.203409,53.932626],[49.201054,53.897597],[49.271408,53.784561],[49.288186,53.776319],[49.311735,53.805166],[49.335285,53.805461],[49.339406,53.769548],[49.388564,53.735991],[49.394157,53.711264],[49.370314,53.680356],[49.346765,53.682711],[49.342349,53.725099],[49.314385,53.747471],[49.303199,53.748648],[49.284654,53.71097],[49.265815,53.711853],[49.271113,53.741584],[49.205176,53.784561],[49.183098,53.828127],[49.122165,53.831659],[49.079482,53.807521],[49.083603,53.72922],[49.043275,53.628254],[49.041215,53.587337],[49.05505,53.551719],[49.085664,53.522577],[49.134528,53.503738],[49.860136,53.474595],[49.942263,53.439861],[49.456268,53.447514],[49.282005,53.406009],[49.24462,53.349785],[49.259339,53.302981],[49.195462,53.275311],[49.088902,53.285025],[48.893738,53.268541],[48.808078,53.275311],[48.654715,53.371568],[48.701813,53.366564],[48.85606,53.286202],[48.919642,53.276488],[48.969979,53.293856],[49.153956,53.298271],[49.204881,53.311518],[49.216067,53.33595],[49.18928,53.351846],[49.186336,53.366564],[49.215773,53.371568],[49.23108,53.401299],[49.177505,53.414545],[49.080365,53.398355],[49.057405,53.421021],[48.927885,53.453696],[49.031501,53.453401],[49.044747,53.478128],[49.005891,53.51875],[48.889617,53.575857],[48.857826,53.634141],[48.847818,53.692131],[48.859592,53.708026],[48.856354,53.746882],[48.907573,53.803695],[48.885202,53.832542],[48.931123,53.83107],[48.934949,53.841373],[48.878431,53.943812],[48.676498,54.050372],[48.630282,54.090994],[48.582301,54.104829],[48.530787,54.084812],[48.523723,54.109539],[48.468971,54.111011],[48.444539,54.136326]]]},"properties":{"name":"Samara Reservoir","nameZh":"古比雪夫水库","rank":4}},{"type":"Feature","geometry":{"type":"Polygon","coordinates":[[[-40.889234,-9.332407],[-40.806959,-9.402171],[-40.810197,-9.431018],[-40.852291,-9.449858],[-40.873191,-9.445442],[-40.879667,-9.428075],[-40.92338,-9.434845],[-40.949431,-9.477528],[-40.953258,-9.453979],[-40.980928,-9.437789],[-41.00536,-9.486948],[-41.02523,-9.48371],[-41.043333,-9.516678],[-41.089696,-9.452801],[-41.1652,-9.579084],[-41.168144,-9.612936],[-41.127669,-9.676224],[-41.130171,-9.696535],[-41.161668,-9.6827],[-41.179624,-9.713608],[-41.200524,-9.723911],[-41.257925,-9.706249],[-41.273526,-9.7245],[-41.29163,-9.685349],[-41.315326,-9.725677],[-41.476049,-9.806333],[-41.515052,-9.801034],[-41.548315,-9.840773],[-41.551259,-9.824289],[-41.528445,-9.799562],[-41.532272,-9.778957],[-41.545224,-9.794264],[-41.569804,-9.781606],[-41.582608,-9.816341],[-41.610279,-9.811043],[-41.6562,-9.832531],[-41.68019,-9.81899],[-41.709774,-9.850487],[-41.743037,-9.829293],[-41.847536,-9.932321],[-41.842385,-9.891404],[-41.861077,-9.890227],[-41.77159,-9.82841],[-41.776153,-9.815164],[-41.819277,-9.796619],[-41.86873,-9.733036],[-41.956598,-9.78455],[-41.958806,-9.845189],[-42.015618,-9.919369],[-41.979411,-9.793381],[-42.042847,-9.773658],[-42.054033,-9.786022],[-42.066837,-9.816635],[-42.077287,-9.942918],[-42.103191,-9.977064],[-42.200479,-10.04153],[-42.206219,-10.071849],[-42.134688,-10.113649],[-42.053591,-10.139553],[-42.040933,-10.136021],[-42.044024,-10.098931],[-42.024743,-10.09481],[-42.000606,-10.155154],[-41.918331,-10.204019],[-41.892868,-10.279965],[-41.853718,-10.307046],[-41.895665,-10.306457],[-41.918625,-10.269662],[-41.936876,-10.315583],[-41.865787,-10.403303],[-41.874029,-10.427147],[-41.950122,-10.326474],[-41.954979,-10.299098],[-41.925837,-10.24052],[-41.949386,-10.205785],[-42.018856,-10.191655],[-42.155,-10.130722],[-42.191206,-10.12454],[-42.216374,-10.136904],[-42.216227,-10.173994],[-42.078171,-10.360915],[-42.051825,-10.441571],[-42.080378,-10.424203],[-42.106871,-10.350318],[-42.147493,-10.344136],[-42.14661,-10.300276],[-42.246988,-10.188417],[-42.254495,-10.073615],[-42.30851,-10.071555],[-42.35502,-10.091572],[-42.376803,-10.136315],[-42.341479,-10.233749],[-42.379452,-10.307046],[-42.326467,-10.357677],[-42.340155,-10.368863],[-42.331029,-10.387702],[-42.284961,-10.43009],[-42.189882,-10.579039],[-42.109226,-10.663227],[-42.176341,-10.644976],[-42.165744,-10.720333],[-42.169276,-10.729459],[-42.201951,-10.727987],[-42.191059,-10.743882],[-42.210193,-10.770081],[-42.199007,-10.805699],[-42.225205,-10.798634],[-42.240807,-10.812469],[-42.234183,-10.841023],[-42.196505,-10.873108],[-42.242573,-10.8631],[-42.256408,-10.873991],[-42.259646,-10.886355],[-42.228591,-10.924916],[-42.278632,-10.911376],[-42.273481,-10.951704],[-42.296442,-10.936102],[-42.311307,-10.967894],[-42.320579,-10.940812],[-42.349427,-11.080929],[-42.363557,-11.013226],[-42.328969,-10.88606],[-42.268918,-10.822772],[-42.275247,-10.795396],[-42.241543,-10.741822],[-42.217552,-10.636145],[-42.243162,-10.545775],[-42.287022,-10.491612],[-42.332795,-10.465414],[-42.359435,-10.504859],[-42.348102,-10.535767],[-42.348544,-10.613185],[-42.340596,-10.629964],[-42.309982,-10.618189],[-42.311454,-10.659989],[-42.329116,-10.659989],[-42.34457,-10.681772],[-42.373712,-10.669114],[-42.371357,-10.537239],[-42.397703,-10.634085],[-42.406828,-10.632613],[-42.390344,-10.501032],[-42.37592,-10.46718],[-42.341332,-10.435683],[-42.404915,-10.333833],[-42.445684,-10.433623],[-42.518245,-10.504564],[-42.601108,-10.645859],[-42.63025,-10.665582],[-42.624805,-10.706498],[-42.65586,-10.753008],[-42.650856,-10.792453],[-42.718118,-10.809526],[-42.734161,-10.84014],[-42.715027,-10.87929],[-42.748438,-10.881351],[-42.771545,-10.901662],[-42.76816,-10.914025],[-42.700309,-10.934925],[-42.755355,-10.959063],[-42.760948,-10.975547],[-42.739607,-11.015286],[-42.728715,-11.130677],[-42.771104,-11.132738],[-42.783173,-11.17336],[-42.795242,-11.162763],[-42.790237,-11.128616],[-42.823648,-11.152166],[-42.827033,-11.239003],[-42.809665,-11.315243],[-42.834981,-11.299053],[-42.858824,-11.221047],[-42.924615,-11.236942],[-42.894001,-11.269911],[-42.894295,-11.296404],[-42.930502,-11.274915],[-42.969652,-11.207506],[-42.979808,-11.128616],[-43.021755,-11.163351],[-43.008803,-11.110955],[-43.016898,-11.111838],[-43.049719,-11.149811],[-43.057078,-11.12479],[-43.0272,-11.089172],[-43.036326,-11.07151],[-43.011894,-11.049138],[-43.00895,-11.028533],[-43.023815,-11.013814],[-43.047806,-11.016169],[-43.087545,-11.046194],[-43.141708,-11.147456],[-43.153483,-11.107717],[-43.238995,-11.13156],[-43.241056,-11.109188],[-43.214269,-11.092115],[-43.219715,-11.080635],[-43.142738,-11.094765],[-43.121691,-11.046783],[-43.072091,-11.00204],[-43.06326,-10.982906],[-43.090783,-10.979668],[-43.069147,-10.957885],[-43.118748,-10.960829],[-43.12331,-10.944639],[-43.032057,-10.914614],[-43.01837,-10.891359],[-43.045304,-10.864572],[-43.006301,-10.868693],[-42.966709,-10.848382],[-42.935506,-10.784799],[-42.886642,-10.795691],[-42.871629,-10.786271],[-42.893854,-10.736523],[-42.969064,-10.724454],[-42.892676,-10.709148],[-42.941688,-10.682066],[-43.001885,-10.694724],[-43.013071,-10.687365],[-43.00527,-10.669408],[-43.019105,-10.638795],[-43.006448,-10.599644],[-42.939774,-10.60612],[-42.953904,-10.575212],[-42.918433,-10.5967],[-42.909013,-10.66411],[-42.836305,-10.767137],[-42.773753,-10.766254],[-42.73578,-10.722983],[-42.733867,-10.663521],[-42.758888,-10.642621],[-42.861768,-10.615245],[-42.827474,-10.59935],[-42.730334,-10.636734],[-42.70443,-10.586398],[-42.761831,-10.550485],[-42.865595,-10.529585],[-42.91961,-10.502504],[-42.894001,-10.494262],[-42.807458,-10.518694],[-42.800099,-10.507802],[-42.871187,-10.451285],[-42.843076,-10.426558],[-42.77184,-10.499266],[-42.706932,-10.545187],[-42.67573,-10.551074],[-42.612883,-10.503976],[-42.603758,-10.475128],[-42.63496,-10.463648],[-42.751087,-10.468946],[-42.731659,-10.447163],[-42.781259,-10.42332],[-42.772134,-10.405952],[-42.623774,-10.445397],[-42.590511,-10.437744],[-42.64909,-10.375927],[-42.76242,-10.310873],[-42.716205,-10.30999],[-42.626424,-10.357971],[-42.665721,-10.293505],[-42.701045,-10.26142],[-42.661747,-10.272017],[-42.545474,-10.398593],[-42.523249,-10.394178],[-42.480272,-10.33766],[-42.472324,-10.284674],[-42.481744,-10.251117],[-42.530903,-10.227568],[-42.538262,-10.18253],[-42.567698,-10.188712],[-42.538703,-10.132783],[-42.583152,-10.152211],[-42.561075,-10.120419],[-42.594338,-10.117476],[-42.615679,-10.100108],[-42.615532,-10.088039],[-42.584624,-10.100403],[-42.598459,-10.070377],[-42.708846,-10.046534],[-42.812609,-9.989427],[-42.828063,-9.968233],[-42.809371,-9.96941],[-42.793917,-9.921135],[-42.749321,-9.969705],[-42.719148,-9.964995],[-42.753,-9.93968],[-42.757269,-9.920546],[-42.737105,-9.883456],[-42.725036,-9.934381],[-42.698837,-9.955281],[-42.706344,-9.974415],[-42.691184,-9.985012],[-42.690301,-9.942035],[-42.676613,-9.92555],[-42.65689,-9.982951],[-42.634666,-9.947039],[-42.633194,-9.999141],[-42.620978,-10.005323],[-42.598901,-9.976475],[-42.5911,-9.983246],[-42.608615,-10.030344],[-42.56549,-10.079797],[-42.528989,-10.093632],[-42.563283,-10.046534],[-42.489839,-10.087156],[-42.451424,-10.048006],[-42.533552,-9.993548],[-42.559014,-9.89788],[-42.543413,-9.89788],[-42.528989,-9.879041],[-42.525751,-9.91878],[-42.512063,-9.936442],[-42.501025,-9.92084],[-42.487189,-9.985012],[-42.467173,-10.005323],[-42.457312,-9.99502],[-42.467614,-9.954398],[-42.454073,-9.954398],[-42.44539,-10.019452],[-42.408741,-9.998847],[-42.331765,-9.986778],[-42.333384,-9.945567],[-42.365323,-9.916425],[-42.320432,-9.913481],[-42.312632,-9.900529],[-42.331618,-9.879924],[-42.324995,-9.871976],[-42.30277,-9.88169],[-42.276425,-9.845778],[-42.297177,-9.836947],[-42.269654,-9.808393],[-42.273481,-9.773364],[-42.37592,-9.703894],[-42.398733,-9.675929],[-42.391963,-9.650908],[-42.371357,-9.680934],[-42.361938,-9.65709],[-42.332354,-9.715374],[-42.300268,-9.733625],[-42.248607,-9.698301],[-42.202687,-9.695357],[-42.178843,-9.660917],[-42.230062,-9.637662],[-42.240512,-9.616468],[-42.194739,-9.626771],[-42.204453,-9.61323],[-42.161476,-9.612347],[-42.141017,-9.597923],[-42.075521,-9.618234],[-42.062864,-9.597629],[-42.083322,-9.536106],[-42.068604,-9.532574],[-42.094949,-9.498134],[-42.02386,-9.536695],[-42.012527,-9.519622],[-42.020622,-9.481355],[-42.005315,-9.477822],[-41.994718,-9.53228],[-41.988978,-9.510791],[-41.979706,-9.515207],[-41.959247,-9.573785],[-41.988389,-9.610875],[-41.961455,-9.628831],[-41.86873,-9.623533],[-41.795728,-9.594685],[-41.78307,-9.602927],[-41.762171,-9.571725],[-41.766292,-9.527276],[-41.74966,-9.576729],[-41.72096,-9.565249],[-41.695644,-9.578201],[-41.671065,-9.565543],[-41.674597,-9.555535],[-41.627057,-9.607343],[-41.599534,-9.585854],[-41.576868,-9.602633],[-41.564211,-9.568192],[-41.508723,-9.607637],[-41.498273,-9.563777],[-41.448084,-9.613819],[-41.434691,-9.594096],[-41.467071,-9.560833],[-41.409817,-9.559656],[-41.405254,-9.569958],[-41.421003,-9.584971],[-41.411141,-9.611758],[-41.332546,-9.640017],[-41.311205,-9.625299],[-41.342702,-9.600867],[-41.322391,-9.58085],[-41.32401,-9.566426],[-41.285154,-9.611169],[-41.266167,-9.586148],[-41.238202,-9.592036],[-41.250124,-9.53434],[-41.212593,-9.501666],[-41.185953,-9.455451],[-41.199346,-9.448386],[-41.204792,-9.410413],[-41.227458,-9.397167],[-41.25189,-9.401876],[-41.251743,-9.373912],[-41.361099,-9.347713],[-41.278972,-9.347419],[-41.285889,-9.328874],[-41.271466,-9.317394],[-41.18507,-9.395989],[-41.157252,-9.401582],[-41.156664,-9.343298],[-41.207589,-9.349774],[-41.178447,-9.311801],[-41.195372,-9.299438],[-41.200082,-9.261759],[-41.188161,-9.260876],[-41.158871,-9.29826],[-41.155928,-9.273239],[-41.128846,-9.30297],[-41.084986,-9.286486],[-41.06703,-9.315333],[-41.039065,-9.300026],[-41.033619,-9.290901],[-41.048632,-9.279715],[-41.034944,-9.268235],[-41.049809,-9.225847],[-41.029204,-9.237621],[-41.051723,-9.204652],[-41.02523,-9.207007],[-41.006832,-9.189346],[-41.034797,-9.165796],[-41.001681,-9.167857],[-41.108094,-9.122231],[-41.089254,-9.118698],[-41.0451,-9.139009],[-41.071151,-9.121053],[-40.99962,-9.12959],[-40.994322,-9.107512],[-41.049221,-9.049523],[-41.096761,-8.968867],[-41.044217,-9.02303],[-41.040095,-8.998598],[-41.01846,-8.982702],[-40.995205,-9.040397],[-40.993586,-9.000953],[-40.973128,-8.984762],[-40.981075,-9.024796],[-40.95679,-9.022147],[-40.961795,-9.060414],[-40.948107,-9.062475],[-40.938098,-9.046285],[-40.931328,-9.065713],[-40.901008,-9.074249],[-40.97298,-9.148135],[-40.953258,-9.190817],[-40.930592,-9.164913],[-40.962825,-9.276477],[-40.959881,-9.347125],[-40.945899,-9.378033],[-40.915579,-9.367141],[-40.911017,-9.333584],[-40.953111,-9.268529],[-40.925588,-9.24763],[-40.903069,-9.245275],[-40.921319,-9.269707],[-40.889234,-9.332407]],[[-42.804956,-11.101829],[-42.789207,-10.989971],[-42.811873,-10.956708],[-42.860738,-10.966422],[-42.887377,-11.040013],[-42.924762,-11.058263],[-42.935506,-11.087994],[-42.849993,-11.148044],[-42.804956,-11.101829]],[[-42.827327,-10.885766],[-42.762861,-10.833664],[-42.77861,-10.827188],[-42.844989,-10.847793],[-42.885464,-10.91167],[-43.018075,-10.96024],[-43.032499,-10.984084],[-42.867066,-10.93257],[-42.827327,-10.885766]]]},"properties":{"name":"Represa de Sobradinho","nameZh":"索布拉迪紐水庫","rank":4}},{"type":"Feature","geometry":{"type":"Polygon","coordinates":[[[39.129092,59.865535],[39.221522,59.789589],[39.227704,59.764274],[39.265971,59.739253],[39.327787,59.744846],[39.266265,59.778992],[39.373414,59.769867],[39.375769,59.75191],[39.506761,59.670372],[39.553859,59.662424],[39.471731,59.723946],[39.501168,59.722768],[39.574464,59.686267],[39.593892,59.671549],[39.612143,59.624745],[39.636281,59.609144],[39.726356,59.642407],[39.821436,59.641818],[39.68544,59.600902],[39.673665,59.583829],[39.726356,59.53938],[39.80819,59.51848],[39.723118,59.465789],[39.682496,59.469321],[39.364288,59.652415],[39.275096,59.690683],[39.211219,59.744846],[39.121732,59.779286],[39.098183,59.796065],[39.081993,59.844635],[39.05344,59.868479],[39.122321,59.847873],[39.109663,59.860825],[39.129092,59.865535]]]},"properties":{"name":"Ozero Kubenskoye","nameZh":"库边斯科耶湖","rank":5}},{"type":"Feature","geometry":{"type":"Polygon","coordinates":[[[28.938794,-16.594075],[29.000611,-16.614681],[28.935851,-16.637052],[28.933496,-16.650299],[28.952335,-16.649416],[28.930552,-16.675025],[28.924959,-16.712115],[28.89199,-16.667961],[28.864909,-16.668844],[28.844009,-16.697397],[28.86903,-16.720652],[28.864026,-16.753621],[28.842537,-16.77717],[28.802209,-16.765984],[28.806036,-16.78394],[28.781015,-16.813965],[28.715961,-16.807784],[28.685347,-16.762451],[28.712723,-16.724478],[28.690351,-16.723595],[28.693294,-16.688566],[28.678576,-16.676791],[28.654438,-16.682679],[28.63766,-16.715942],[28.58173,-16.71918],[28.58909,-16.738314],[28.548762,-16.724478],[28.534632,-16.731249],[28.541403,-16.745673],[28.501075,-16.756564],[28.458981,-16.813965],[28.441908,-16.813965],[28.47311,-16.89521],[28.45692,-16.884613],[28.449855,-16.848994],[28.384507,-16.829272],[28.369494,-16.789827],[28.389511,-16.768927],[28.379502,-16.748616],[28.35301,-16.767456],[28.348888,-16.786589],[28.323573,-16.78865],[28.315037,-16.817203],[28.260874,-16.827506],[28.259696,-16.807489],[28.226727,-16.81161],[28.116635,-16.846051],[28.091909,-16.900214],[28.109865,-16.909339],[28.07513,-16.931711],[28.050109,-16.986757],[28.1237,-16.977632],[28.090142,-17.001769],[28.103389,-17.032972],[28.06571,-17.044452],[28.048048,-17.080953],[28.021556,-17.051517],[28.010075,-17.053578],[28.004188,-17.033855],[27.958267,-17.022375],[27.962977,-17.047985],[27.926182,-17.049456],[27.932069,-17.067118],[27.907637,-17.104797],[27.828453,-17.135411],[27.849353,-17.163375],[27.835223,-17.167791],[27.807847,-17.14277],[27.795484,-17.145419],[27.693928,-17.20076],[27.712179,-17.203703],[27.684214,-17.239027],[27.663314,-17.23049],[27.6745,-17.273173],[27.644475,-17.293779],[27.653012,-17.315856],[27.611801,-17.363249],[27.575594,-17.478051],[27.562053,-17.437134],[27.547041,-17.502777],[27.459614,-17.514846],[27.458731,-17.532802],[27.424879,-17.574308],[27.472566,-17.546343],[27.450784,-17.579018],[27.410456,-17.587848],[27.388967,-17.57313],[27.3507,-17.6008],[27.214115,-17.743567],[27.232365,-17.780363],[27.200868,-17.777419],[27.159069,-17.808033],[27.171138,-17.841002],[27.156714,-17.863668],[27.097547,-17.911355],[27.095192,-17.930488],[27.075469,-17.928133],[27.06134,-17.952271],[27.088421,-17.971405],[27.067816,-17.964635],[27.025722,-17.983768],[27.023367,-17.94815],[27.054569,-17.919008],[27.06134,-17.895753],[27.080179,-17.901935],[27.080768,-17.882801],[27.133459,-17.835114],[27.136108,-17.82069],[27.100196,-17.841002],[27.080768,-17.832759],[27.095192,-17.80715],[27.088421,-17.800674],[27.109027,-17.793903],[27.088421,-17.780363],[27.163484,-17.687344],[27.177614,-17.690876],[27.177614,-17.670565],[27.22795,-17.637302],[27.229716,-17.616402],[27.2462,-17.615224],[27.2462,-17.594619],[27.265334,-17.607865],[27.286234,-17.604333],[27.297125,-17.558118],[27.342163,-17.566949],[27.348934,-17.553113],[27.334804,-17.536923],[27.362769,-17.540161],[27.371011,-17.525738],[27.379547,-17.455973],[27.349522,-17.451558],[27.321852,-17.46451],[27.314493,-17.440078],[27.449312,-17.311441],[27.431061,-17.307319],[27.43842,-17.293779],[27.41752,-17.276706],[27.472566,-17.262282],[27.51731,-17.224897],[27.520253,-17.180449],[27.548218,-17.163375],[27.548218,-17.132467],[27.636527,-17.039154],[27.658899,-17.06182],[27.650068,-17.087724],[27.712179,-17.059465],[27.657427,-17.025613],[27.732784,-16.984991],[27.730135,-16.957909],[27.691573,-16.95055],[27.72572,-16.915815],[27.743087,-16.934949],[27.77164,-16.931416],[27.869958,-16.891972],[27.815206,-16.875193],[27.776939,-16.846051],[27.794306,-16.80484],[27.860244,-16.817203],[27.871724,-16.788944],[27.856123,-16.772165],[27.919706,-16.764218],[27.917645,-16.80013],[27.963271,-16.79071],[27.974163,-16.81632],[27.966215,-16.835748],[27.979756,-16.848111],[28.006543,-16.853704],[28.070714,-16.831038],[28.089554,-16.807195],[28.063944,-16.796303],[28.082195,-16.744495],[28.13047,-16.758625],[28.140184,-16.719474],[28.200823,-16.689155],[28.205239,-16.676791],[28.175802,-16.690921],[28.178746,-16.654714],[28.165205,-16.635875],[28.199057,-16.636169],[28.219368,-16.662368],[28.22555,-16.649416],[28.244389,-16.657069],[28.24645,-16.60791],[28.265289,-16.617919],[28.328872,-16.594075],[28.305028,-16.564639],[28.28089,-16.560223],[28.29502,-16.546388],[28.273826,-16.539618],[28.293548,-16.536085],[28.324162,-16.546094],[28.333582,-16.565522],[28.371849,-16.555513],[28.363312,-16.572881],[28.397459,-16.60114],[28.438964,-16.542856],[28.480175,-16.53167],[28.486945,-16.512242],[28.505196,-16.520484],[28.510789,-16.560223],[28.562597,-16.546388],[28.575549,-16.525783],[28.534632,-16.517835],[28.620881,-16.501056],[28.661503,-16.478096],[28.680342,-16.481334],[28.698299,-16.532553],[28.847247,-16.534614],[28.890813,-16.560223],[28.836355,-16.566994],[28.879038,-16.582889],[28.952335,-16.553159],[28.959694,-16.560223],[28.938794,-16.594075]]]},"properties":{"name":"Lake Kariba","nameZh":"卡里巴水库","rank":5}},{"type":"Feature","geometry":{"type":"Polygon","coordinates":[[[102.777681,18.560066],[102.960775,18.538578],[102.722929,18.526803],[102.693492,18.50502],[102.658463,18.432607],[102.606655,18.464692],[102.579279,18.505903],[102.551903,18.608636],[102.531592,18.629536],[102.512753,18.716962],[102.4842,18.765827],[102.51187,18.758468],[102.52335,18.771714],[102.576924,18.725499],[102.577219,18.679873],[102.596647,18.683111],[102.583989,18.671336],[102.590759,18.652791],[102.605772,18.658384],[102.616663,18.699301],[102.636974,18.696063],[102.646689,18.651614],[102.618724,18.640722],[102.637858,18.611286],[102.780919,18.71343],[102.753543,18.651319],[102.717925,18.631302],[102.72028,18.611286],[102.78239,18.576256],[102.777681,18.560066]]]},"properties":{"name":"Nam Ngum Reservoir","nameZh":"塔什幹日本滯留者墓地","rank":5}},{"type":"Feature","geometry":{"type":"Polygon","coordinates":[[[128.913388,-16.11279],[129.045558,-16.122504],[129.039671,-16.155178],[128.988157,-16.166364],[129.002581,-16.183437],[129.019359,-16.183437],[129.019948,-16.209636],[128.919864,-16.248492],[128.954599,-16.27263],[128.940175,-16.300005],[128.966668,-16.291469],[128.981092,-16.304126],[128.923102,-16.327676],[128.924869,-16.343571],[128.954599,-16.360644],[128.950773,-16.375068],[128.909562,-16.362705],[128.899259,-16.371242],[128.894549,-16.398617],[128.91015,-16.417751],[128.892488,-16.43659],[128.878948,-16.422755],[128.862169,-16.449837],[128.862463,-16.405388],[128.842152,-16.435707],[128.820369,-16.410098],[128.803002,-16.422755],[128.79005,-16.484277],[128.803002,-16.512242],[128.782985,-16.545799],[128.817426,-16.576119],[128.78534,-16.582006],[128.76915,-16.60791],[128.775332,-16.628516],[128.810655,-16.649416],[128.776509,-16.687683],[128.769444,-16.748616],[128.737653,-16.796303],[128.729705,-16.766573],[128.756492,-16.71447],[128.756198,-16.685917],[128.735004,-16.669727],[128.733237,-16.687389],[128.702918,-16.67532],[128.678486,-16.6868],[128.638747,-16.683562],[128.618141,-16.669727],[128.631976,-16.635875],[128.590765,-16.655597],[128.576636,-16.649416],[128.6046,-16.614681],[128.556619,-16.611148],[128.561329,-16.598785],[128.609605,-16.596136],[128.610488,-16.566994],[128.556619,-16.572881],[128.562212,-16.547271],[128.609899,-16.513125],[128.561034,-16.51077],[128.526299,-16.554042],[128.495391,-16.553159],[128.640218,-16.349753],[128.640807,-16.302066],[128.610488,-16.252024],[128.659058,-16.244665],[128.664062,-16.228181],[128.680252,-16.224354],[128.693793,-16.259089],[128.714398,-16.224354],[128.669655,-16.179905],[128.623145,-16.166364],[128.653465,-16.159594],[128.669655,-16.131629],[128.703801,-16.148997],[128.721757,-16.143109],[128.745012,-16.097483],[128.803002,-16.066575],[128.823019,-16.074228],[128.821547,-16.087769],[128.749722,-16.138105],[128.727939,-16.169602],[128.796231,-16.148997],[128.79005,-16.169602],[128.803002,-16.156061],[128.809478,-16.168425],[128.79005,-16.196978],[128.820664,-16.178139],[128.830083,-16.14988],[128.846862,-16.151352],[128.838031,-16.169602],[128.855399,-16.16813],[128.913388,-16.11279]]]},"properties":{"name":"Lake Argyle","nameZh":"阿盖尔湖","rank":5}},{"type":"Feature","geometry":{"type":"Polygon","coordinates":[[[32.227725,22.651433],[32.24833,22.678515],[32.217716,22.686168],[32.221543,22.705891],[32.148835,22.734444],[32.050223,22.684697],[32.056993,22.637598],[32.020492,22.651728],[31.985169,22.63436],[31.969567,22.614638],[31.981342,22.561947],[31.9522,22.579609],[31.940131,22.561947],[31.974571,22.493654],[31.951317,22.497187],[31.90363,22.466573],[31.892444,22.411232],[31.811788,22.418297],[31.845051,22.364134],[31.822385,22.341468],[31.796481,22.370316],[31.768811,22.376203],[31.686389,22.342351],[31.693159,22.318213],[31.666078,22.335875],[31.659307,22.308794],[31.646061,22.322334],[31.618096,22.294958],[31.661662,22.247271],[31.686389,22.246683],[31.596314,22.248743],[31.542445,22.212536],[31.542445,22.191931],[31.517718,22.189576],[31.440006,22.126582],[31.385549,22.035035],[31.385549,21.932007],[31.330797,21.843109],[31.330797,21.82221],[31.28311,21.766869],[31.268686,21.781293],[31.255145,21.766869],[31.230125,21.768635],[31.213051,21.74332],[31.220999,21.725953],[31.181849,21.656188],[31.121504,21.6347],[31.090596,21.60909],[31.12121,21.658543],[31.166836,21.671201],[31.186853,21.82221],[31.211285,21.8175],[31.22777,21.82898],[31.238072,21.859299],[31.281344,21.885498],[31.336979,21.960855],[31.344338,22.047693],[31.366121,22.109215],[31.358173,22.143655],[31.400856,22.160434],[31.444422,22.221073],[31.515069,22.260223],[31.659307,22.383856],[31.646061,22.390627],[31.693748,22.404167],[31.672848,22.459508],[31.729955,22.447733],[31.755859,22.469516],[31.7485,22.493654],[31.811199,22.472754],[31.816792,22.493654],[31.738197,22.531627],[31.669316,22.592266],[31.656069,22.614049],[31.666078,22.651433],[31.69051,22.620819],[31.745262,22.602569],[31.78294,22.563124],[31.824151,22.574899],[31.844757,22.561947],[31.856237,22.577254],[31.837986,22.583141],[31.83887,22.600508],[31.8895,22.628767],[31.878609,22.652022],[31.933066,22.662619],[32.002536,22.726496],[31.994883,22.733267],[32.062292,22.740331],[32.063764,22.767413],[32.104092,22.755933],[32.158255,22.785663],[32.166202,22.808329],[32.166202,22.774772],[32.204764,22.767413],[32.241854,22.781542],[32.265992,22.729734],[32.289835,22.712661],[32.286303,22.688523],[32.310441,22.671744],[32.310441,22.64378],[32.351063,22.627884],[32.386681,22.646724],[32.423477,22.716488],[32.516201,22.774772],[32.545932,22.765941],[32.559767,22.785663],[32.571836,22.885747],[32.550642,22.931962],[32.583611,22.919305],[32.627765,22.950507],[32.636891,22.985537],[32.62541,22.994073],[32.65102,23.031163],[32.642484,23.055595],[32.680457,23.070902],[32.659557,23.083266],[32.68134,23.08562],[32.693703,23.101516],[32.686933,23.144788],[32.700768,23.192475],[32.724906,23.196007],[32.721079,23.21985],[32.76906,23.278135],[32.779952,23.279606],[32.789371,23.260767],[32.810271,23.290204],[32.831171,23.260767],[32.842651,23.276074],[32.826756,23.29668],[32.832937,23.318757],[32.865317,23.329648],[32.892987,23.288732],[32.909472,23.306394],[32.894165,23.349665],[32.844417,23.3844],[32.824989,23.384989],[32.880035,23.466528],[32.879447,23.50038],[32.821163,23.473004],[32.779657,23.524812],[32.749043,23.535114],[32.721079,23.514215],[32.714897,23.490077],[32.645133,23.458285],[32.557412,23.508033],[32.646016,23.531582],[32.666621,23.54895],[32.686933,23.542179],[32.739329,23.561607],[32.691937,23.579269],[32.679573,23.601052],[32.654258,23.587217],[32.659557,23.56249],[32.636891,23.563962],[32.612458,23.595165],[32.61187,23.617831],[32.636891,23.611649],[32.673686,23.664929],[32.701356,23.679059],[32.739329,23.61106],[32.798497,23.564551],[32.820574,23.566611],[32.810566,23.590455],[32.841179,23.610472],[32.865317,23.706434],[32.852365,23.696426],[32.817336,23.72027],[32.852954,23.716148],[32.871499,23.737931],[32.879447,23.808873],[32.870027,23.842136],[32.831171,23.885997],[32.78319,23.89836],[32.804973,23.906013],[32.834703,23.896594],[32.851482,23.911901],[32.879447,23.987846],[32.889455,23.966947],[32.879447,23.918671],[32.899169,23.891589],[32.892987,23.864214],[32.929489,23.821236],[32.94038,23.778259],[32.989245,23.754416],[32.970405,23.752944],[32.973055,23.740286],[33.002785,23.713205],[32.982474,23.692894],[32.995426,23.682591],[32.982474,23.672288],[32.975115,23.624012],[32.927134,23.658747],[32.896225,23.590455],[32.934787,23.555131],[32.95451,23.569261],[32.947739,23.542179],[32.968639,23.54895],[32.991011,23.517747],[33.037226,23.514215],[32.99366,23.499496],[32.895342,23.522162],[32.899169,23.50038],[32.935082,23.476242],[32.920363,23.459463],[32.958336,23.424728],[32.947739,23.418546],[32.954215,23.397941],[32.974526,23.394408],[32.968639,23.411776],[32.992483,23.403239],[33.002785,23.37763],[32.970405,23.351726],[32.991894,23.326999],[33.018387,23.326116],[32.998075,23.27578],[33.01662,23.240456],[33.008084,23.223383],[32.992483,23.221911],[32.95451,23.23398],[32.96128,23.254585],[32.920363,23.260767],[32.906823,23.23398],[32.970405,23.144493],[32.957748,23.138017],[32.862962,23.168337],[32.844712,23.137134],[32.872676,23.069136],[32.900641,23.065015],[32.946856,23.029986],[32.922718,23.002021],[32.931844,22.980532],[32.947739,22.98642],[32.957159,22.971407],[33.009261,22.959044],[33.064307,22.918127],[33.000725,22.920482],[32.940969,22.945503],[32.940969,22.918127],[32.928017,22.924898],[32.799674,23.024687],[32.776419,23.027925],[32.776419,23.069136],[32.728438,23.048531],[32.746983,23.035284],[32.741684,23.014384],[32.755519,23.014384],[32.744039,23.000255],[32.728438,23.007614],[32.714897,22.931962],[32.692526,22.955512],[32.693703,22.924898],[32.656319,22.931962],[32.62541,22.918127],[32.632475,22.890163],[32.61187,22.918127],[32.603039,22.906647],[32.598329,22.86367],[32.615108,22.865142],[32.619523,22.846302],[32.598329,22.830112],[32.585083,22.760642],[32.565949,22.74092],[32.488531,22.715605],[32.481761,22.698532],[32.449675,22.688523],[32.423477,22.661147],[32.399339,22.602863],[32.331341,22.602863],[32.3178,22.534571],[32.344293,22.528389],[32.326631,22.519853],[32.286303,22.541341],[32.255689,22.52103],[32.241854,22.555176],[32.293368,22.570778],[32.3178,22.616698],[32.276,22.610222],[32.283065,22.630828],[32.227725,22.651433]]]},"properties":{"name":"Lake Nasser","nameZh":"纳赛尔湖","rank":5}},{"type":"Feature","geometry":{"type":"Polygon","coordinates":[[[73.086643,41.806885],[73.310948,41.772444],[73.290343,41.755665],[73.174363,41.735354],[73.043666,41.783924],[72.900016,41.730056],[72.817005,41.75596],[72.776972,41.755076],[72.707796,41.694732],[72.645391,41.665001],[72.616838,41.672655],[72.590639,41.701502],[72.603297,41.706506],[72.631556,41.687961],[72.673061,41.701502],[72.670706,41.718575],[72.71074,41.742124],[72.741942,41.784219],[72.652456,41.866052],[72.625374,41.872822],[72.590639,41.921098],[72.608007,41.928457],[72.699848,41.902259],[72.849974,41.885185],[72.919444,41.900787],[72.95359,41.858987],[72.971546,41.871056],[73.07163,41.852217],[73.073396,41.821014],[73.086643,41.806885]]]},"properties":{"name":"Toktogul Suu Saktagychy","nameZh":"托克托古尔水库","rank":5}},{"type":"Feature","geometry":{"type":"Polygon","coordinates":[[[-54.867703,4.804136],[-54.886837,4.813262],[-54.890811,4.784708],[-54.908178,4.776172],[-54.910239,4.744969],[-54.930844,4.753211],[-54.949095,4.720243],[-54.918628,4.645474],[-54.859608,4.686979],[-54.869322,4.649595],[-54.86211,4.597493],[-54.888014,4.603086],[-54.898759,4.586896],[-54.919953,4.608973],[-54.945121,4.542152],[-54.957631,4.641942],[-54.973821,4.644885],[-54.98589,4.62899],[-55.008556,4.685508],[-55.020037,4.669906],[-55.002522,4.626635],[-55.02401,4.570706],[-55.068459,4.573944],[-55.078615,4.559225],[-55.062131,4.528612],[-55.041084,4.525374],[-55.045941,4.51301],[-55.060512,4.498881],[-55.075377,4.504768],[-55.120562,4.459142],[-55.143522,4.457081],[-55.137782,4.473565],[-55.15721,4.49005],[-55.225944,4.476215],[-55.215789,4.499764],[-55.222706,4.522724],[-55.195036,4.534793],[-55.242281,4.550983],[-55.282315,4.549806],[-55.308366,4.509772],[-55.370035,4.491816],[-55.314106,4.545685],[-55.314842,4.573944],[-55.342218,4.579831],[-55.342218,4.611328],[-55.310868,4.599848],[-55.272601,4.62428],[-55.247874,4.596021],[-55.239779,4.607795],[-55.27422,4.678443],[-55.292912,4.676382],[-55.27422,4.713767],[-55.294678,4.720831],[-55.262887,4.754683],[-55.211226,4.777644],[-55.201365,4.810612],[-55.171487,4.834456],[-55.151029,4.950435],[-55.157799,4.981638],[-55.147349,4.997239],[-55.129834,5.005776],[-55.088918,4.999005],[-55.065957,4.979577],[-54.984271,4.971335],[-54.963666,4.942193],[-54.972938,4.881554],[-54.950714,4.876256],[-54.920983,4.904809],[-54.803532,4.919527],[-54.803237,4.888619],[-54.786753,4.886853],[-54.808242,4.83004],[-54.833115,4.823859],[-54.82296,4.789418],[-54.844007,4.743792],[-54.863582,4.760276],[-54.867703,4.804136]]]},"properties":{"name":"Professor Doctor Ingenieur W. J. Van Blommestein Meer","nameZh":"布羅科蓬多水庫","rank":5}},{"type":"Feature","geometry":{"type":"Polygon","coordinates":[[[-54.225842,-24.687617],[-54.146658,-24.717053],[-54.190077,-24.7303],[-54.254543,-24.721174],[-54.291191,-24.729417],[-54.315329,-24.753554],[-54.326956,-24.800358],[-54.276767,-24.875421],[-54.187133,-24.926641],[-54.281918,-24.913394],[-54.372141,-24.854816],[-54.3508,-24.919576],[-54.396426,-24.916043],[-54.397162,-25.005824],[-54.263374,-25.070585],[-54.276031,-25.082359],[-54.327398,-25.072351],[-54.361544,-25.087363],[-54.364193,-25.106203],[-54.348445,-25.124159],[-54.306939,-25.147414],[-54.381119,-25.131224],[-54.383768,-25.189213],[-54.360808,-25.210702],[-54.168147,-25.230424],[-54.224959,-25.264276],[-54.281183,-25.25309],[-54.369197,-25.26928],[-54.367726,-25.281644],[-54.313121,-25.316967],[-54.446468,-25.28547],[-54.452944,-25.304015],[-54.43381,-25.352291],[-54.348739,-25.404099],[-54.47561,-25.377312],[-54.502103,-25.398506],[-54.55082,-25.401155],[-54.554941,-25.443838],[-54.645458,-25.424999],[-54.638982,-25.375251],[-54.606896,-25.31785],[-54.671657,-25.269575],[-54.596741,-25.283704],[-54.56598,-25.275756],[-54.5414,-25.249558],[-54.5414,-25.211879],[-54.52315,-25.205403],[-54.520795,-25.183032],[-54.484147,-25.150652],[-54.522708,-25.132401],[-54.599096,-25.13505],[-54.564508,-25.110029],[-54.574516,-25.095017],[-54.637658,-25.088835],[-54.691968,-25.106497],[-54.713015,-25.076766],[-54.79058,-25.086775],[-54.694323,-25.015833],[-54.651051,-25.038205],[-54.601598,-25.034672],[-54.510345,-25.069996],[-54.522267,-25.02849],[-54.485618,-24.938709],[-54.603217,-24.905446],[-54.848128,-24.891317],[-54.739066,-24.852461],[-54.675336,-24.888373],[-54.558032,-24.873949],[-54.463836,-24.883958],[-54.44691,-24.772394],[-54.628385,-24.71146],[-54.428806,-24.716465],[-54.386859,-24.6885],[-54.369197,-24.626978],[-54.375821,-24.591065],[-54.394071,-24.575758],[-54.475463,-24.555153],[-54.376851,-24.537197],[-54.371405,-24.492748],[-54.389214,-24.445944],[-54.437343,-24.404733],[-54.340497,-24.435052],[-54.31474,-24.36882],[-54.293104,-24.345271],[-54.344618,-24.253135],[-54.388478,-24.229881],[-54.352566,-24.199267],[-54.362133,-24.133329],[-54.327103,-24.084759],[-54.274854,-24.063565],[-54.262638,-24.078283],[-54.294135,-24.162766],[-54.294429,-24.208392],[-54.272793,-24.249014],[-54.225401,-24.29258],[-54.231288,-24.378829],[-54.248214,-24.420923],[-54.244093,-24.456541],[-54.277356,-24.500696],[-54.281183,-24.575758],[-54.264551,-24.652882],[-54.225842,-24.687617]]]},"properties":{"name":"Represa Itaipu","nameZh":"伊泰普水库","rank":5}},{"type":"Feature","geometry":{"type":"Polygon","coordinates":[[[0.320861,7.514052],[0.294515,7.458712],[0.304524,7.443405],[0.282888,7.426332],[0.308056,7.39719],[0.267287,7.362455],[0.286273,7.357745],[0.267287,7.32095],[0.321744,7.280033],[0.274646,7.280033],[0.267287,7.211741],[0.294515,7.2191],[0.267287,7.184365],[0.292013,7.175534],[0.260369,7.170824],[0.279503,7.150218],[0.26243,7.115778],[0.267287,7.095761],[0.308056,7.116072],[0.311294,7.096055],[0.294515,7.081926],[0.308056,7.067796],[0.295251,7.063087],[0.294515,7.047191],[0.280975,7.05455],[0.274646,7.03365],[0.267287,7.05455],[0.259633,7.032767],[0.280975,6.938276],[0.267728,6.932978],[0.25301,6.959176],[0.220041,6.83937],[0.239911,6.821119],[0.240058,6.655981],[0.260369,6.650094],[0.282741,6.670699],[0.306143,6.766662],[0.321744,6.786679],[0.309086,6.713971],[0.321744,6.704551],[0.309822,6.684829],[0.31571,6.663635],[0.308056,6.643029],[0.301433,6.663635],[0.266845,6.62625],[0.246828,6.630077],[0.233582,6.606822],[0.212682,6.612415],[0.191635,6.588572],[0.164848,6.630077],[0.143801,6.602112],[0.164848,6.594753],[0.136883,6.547655],[0.157342,6.52705],[0.123784,6.492315],[0.141888,6.411953],[0.109507,6.3416],[0.09582,6.4043],[0.109507,6.389876],[0.106122,6.455813],[0.094201,6.477596],[0.068591,6.465527],[0.061232,6.410481],[0.034592,6.417252],[-0.010593,6.338951],[-0.027666,6.3625],[-0.035614,6.432559],[-0.104937,6.489371],[-0.116417,6.51292],[-0.144087,6.505855],[-0.24005,6.554425],[-0.248734,6.583273],[-0.274638,6.602112],[-0.274638,6.622718],[-0.370748,6.623012],[-0.420642,6.677764],[-0.486286,6.704551],[-0.54192,6.707789],[-0.562084,6.731927],[-0.596231,6.704551],[-0.609771,6.731927],[-0.634498,6.733988],[-0.649952,6.776376],[-0.699258,6.800808],[-0.719716,6.849084],[-0.70544,6.841725],[-0.699258,6.855266],[-0.685864,6.835838],[-0.671882,6.849084],[-0.658341,6.834954],[-0.636411,6.836132],[-0.589313,6.773432],[-0.58166,6.786679],[-0.558405,6.777553],[-0.548396,6.794038],[-0.551193,6.856737],[-0.534856,6.869101],[-0.50748,6.731927],[-0.449048,6.715737],[-0.431092,6.739286],[-0.417257,6.715443],[-0.401067,6.712205],[-0.41814,6.808167],[-0.384583,6.855266],[-0.361328,6.777259],[-0.356618,6.69101],[-0.284352,6.731927],[-0.253591,6.712205],[-0.23637,6.727512],[-0.233132,6.753121],[-0.212085,6.745468],[-0.205757,6.759892],[-0.192804,6.735165],[-0.171022,6.731927],[-0.158658,6.713088],[-0.177939,6.694837],[-0.174407,6.657453],[-0.14394,6.633609],[-0.116417,6.636259],[-0.116417,6.615948],[-0.082859,6.615948],[-0.04577,6.625073],[-0.033995,6.65657],[-0.034437,6.731927],[-0.013978,6.718092],[-0.02016,6.759892],[-0.064315,6.766662],[-0.083595,6.782263],[-0.054895,6.794038],[-0.085362,6.812288],[-0.089041,6.828184],[-0.050921,6.817881],[-0.041354,6.828184],[-0.054895,6.841725],[-0.041354,6.841725],[-0.048713,6.855266],[-0.033848,6.862919],[-0.034437,6.883525],[0.013986,6.828184],[0.013986,6.855266],[0.040626,6.841725],[0.033709,6.85556],[0.068591,6.862919],[0.082868,6.883525],[0.116425,6.883525],[0.121724,6.908545],[0.109507,6.924147],[0.085075,6.922086],[0.068591,6.903836],[0.048133,6.917376],[-0.00029,6.903836],[0.02061,6.935038],[0.052401,6.943869],[0.048133,6.992734],[0.12349,6.957116],[0.130555,6.992734],[0.103326,6.992734],[0.061232,7.019815],[0.109507,7.02688],[0.075361,7.047191],[0.121724,7.044542],[0.130555,7.05455],[0.089049,7.081926],[0.082868,7.074567],[0.08846,7.095467],[0.068591,7.102531],[0.09582,7.129024],[0.07492,7.143742],[0.082868,7.156989],[0.06079,7.159638],[0.048133,7.143448],[0.040626,7.184365],[0.016047,7.17053],[-0.001321,7.195551],[0.013986,7.232935],[0.011043,7.192018],[0.054903,7.205559],[0.075361,7.184365],[0.092582,7.203793],[0.103326,7.177594],[0.130555,7.22587],[0.157342,7.2191],[0.14542,7.241471],[0.150571,7.266198],[0.164848,7.239116],[0.196492,7.274146],[0.164848,7.32095],[0.157342,7.301227],[0.130555,7.294162],[0.124962,7.329781],[0.096261,7.348914],[0.052548,7.429276],[0.034592,7.438107],[0.061232,7.45253],[0.034592,7.465482],[0.05299,7.472253],[0.054903,7.493447],[0.040626,7.479318],[-0.02016,7.513464],[-0.089041,7.513464],[-0.036056,7.43428],[-0.054895,7.424566],[-0.055336,7.441933],[-0.081829,7.468426],[-0.138053,7.448409],[-0.116417,7.465482],[-0.119361,7.486088],[-0.167931,7.524061],[-0.233132,7.499629],[-0.253591,7.520234],[-0.219444,7.527593],[-0.226215,7.54761],[-0.198397,7.540545],[-0.192069,7.561151],[-0.17058,7.541134],[-0.136875,7.540545],[-0.143646,7.553792],[-0.129958,7.567921],[-0.113621,7.546138],[-0.089041,7.54761],[-0.082859,7.534364],[-0.061224,7.534364],[-0.054895,7.561151],[-0.041354,7.540545],[-0.034437,7.553792],[-0.023692,7.539368],[0.00648,7.54761],[0.048133,7.534364],[-0.00029,7.57528],[-0.022073,7.612076],[-0.052393,7.617963],[-0.05931,7.654464],[-0.087128,7.657702],[-0.116417,7.636802],[-0.135109,7.651226],[-0.151152,7.636802],[-0.222682,7.65888],[-0.246673,7.650637],[-0.219444,7.644161],[-0.246673,7.622673],[-0.269781,7.634447],[-0.304074,7.614431],[-0.321883,7.622673],[-0.421967,7.613842],[-0.455966,7.590882],[-0.466416,7.567921],[-0.472745,7.595886],[-0.496147,7.588821],[-0.503947,7.60295],[-0.562084,7.54761],[-0.569002,7.567921],[-0.658489,7.531714],[-0.671882,7.540545],[-0.639061,7.567332],[-0.56179,7.572337],[-0.520579,7.630032],[-0.474658,7.617374],[-0.459057,7.633564],[-0.416227,7.641512],[-0.404305,7.650637],[-0.411223,7.677719],[-0.362947,7.647988],[-0.349259,7.663589],[-0.313052,7.648871],[-0.233132,7.698913],[-0.274638,7.719519],[-0.219444,7.726289],[-0.167636,7.692437],[-0.157334,7.698913],[-0.171316,7.714514],[-0.154096,7.731293],[-0.157334,7.7466],[-0.091396,7.737769],[-0.082859,7.757197],[-0.095664,7.76279],[-0.177939,7.773976],[-0.143646,7.781041],[-0.177939,7.807534],[-0.12407,7.817542],[-0.129958,7.835498],[-0.150416,7.83226],[-0.173965,7.854632],[-0.157334,7.870233],[-0.166753,7.930872],[-0.198397,7.917331],[-0.208847,7.925279],[-0.177939,7.986213],[-0.205757,7.972672],[-0.205757,7.986213],[-0.241375,7.998576],[-0.269192,8.051856],[-0.329389,8.103075],[-0.321883,8.051561],[-0.352939,7.980031],[-0.377076,7.986213],[-0.457585,7.962958],[-0.456702,7.977087],[-0.362653,8.013],[-0.358237,8.040964],[-0.367804,8.06363],[-0.384583,8.061864],[-0.438451,8.097777],[-0.479515,8.090123],[-0.554578,7.993277],[-0.54089,8.048323],[-0.513661,8.079232],[-0.517194,8.130451],[-0.554578,8.171368],[-0.559141,8.108962],[-0.658341,8.06834],[-0.632732,8.116321],[-0.647744,8.123386],[-0.723985,8.091301],[-0.743265,8.108962],[-0.76078,8.090123],[-0.774321,8.102781],[-0.770641,8.119265],[-0.740175,8.143992],[-0.708972,8.123975],[-0.630377,8.157532],[-0.608299,8.14458],[-0.596231,8.150173],[-0.589313,8.184908],[-0.614775,8.199332],[-0.650835,8.199332],[-0.649216,8.225531],[-0.697492,8.250846],[-0.70544,8.281165],[-0.742088,8.27881],[-0.756953,8.31384],[-0.848206,8.320021],[-0.837756,8.333857],[-0.760191,8.335328],[-0.812883,8.433057],[-0.868665,8.493696],[-0.897807,8.506943],[-0.893685,8.524605],[-0.923563,8.603788],[-0.952264,8.636169],[-1.028651,8.674142],[-1.08355,8.68415],[-1.146839,8.654125],[-1.134181,8.555807],[-1.157877,8.534319],[-1.192759,8.670904],[-1.281657,8.662661],[-1.293285,8.695336],[-1.381447,8.753914],[-1.472258,8.745672],[-1.502872,8.685033],[-1.555858,8.651181],[-1.64034,8.671492],[-1.712754,8.630576],[-1.651967,8.695924],[-1.617233,8.678557],[-1.576316,8.685327],[-1.539373,8.675025],[-1.497426,8.75362],[-1.463133,8.771282],[-1.414857,8.775992],[-1.391308,8.794536],[-1.37762,8.77452],[-1.37762,8.843401],[-1.348037,8.762745],[-1.314332,8.734781],[-1.295051,8.739785],[-1.247364,8.685327],[-1.208949,8.680029],[-1.043958,8.71653],[-1.013933,8.692686],[-1.025413,8.77452],[-1.069715,8.791593],[-1.180691,8.80425],[-1.172301,8.815731],[-1.097091,8.808666],[-1.181279,8.927589],[-1.179071,9.007362],[-1.164795,8.973215],[-1.140657,9.025907],[-1.151696,9.116571],[-1.110043,9.08213],[-1.097091,9.020902],[-1.143748,8.962618],[-1.143748,8.917581],[-1.100182,8.849583],[-1.045283,8.815731],[-1.020704,8.877547],[-1.019379,8.799246],[-0.992003,8.771576],[-0.978462,8.689154],[-0.959917,8.664722],[-0.911642,8.640878],[-0.883677,8.606438],[-0.863219,8.552275],[-0.845998,8.547271],[-0.788597,8.61468],[-0.795515,8.637346],[-0.842613,8.681795],[-0.838345,8.701517],[-0.80729,8.718296],[-0.795515,8.77452],[-0.770494,8.754503],[-0.822155,8.685327],[-0.784035,8.680323],[-0.732815,8.60997],[-0.730019,8.644411],[-0.70544,8.664722],[-0.71324,8.631164],[-0.699258,8.60997],[-0.776234,8.571114],[-0.793749,8.532258],[-0.828925,8.514596],[-0.824216,8.486043],[-0.771672,8.463377],[-0.692193,8.358289],[-0.657017,8.347692],[-0.644653,8.36918],[-0.637736,8.328852],[-0.586811,8.289702],[-0.577686,8.267625],[-0.54089,8.281165],[-0.569002,8.225825],[-0.525436,8.202865],[-0.513661,8.225825],[-0.50748,8.178138],[-0.479515,8.205514],[-0.445369,8.178138],[-0.397829,8.178432],[-0.390764,8.222587],[-0.404305,8.236422],[-0.393266,8.247019],[-0.3628,8.25379],[-0.329389,8.225825],[-0.315702,8.259971],[-0.24005,8.233478],[-0.219444,8.24643],[-0.226804,8.227885],[-0.188978,8.220232],[-0.177939,8.202276],[-0.183826,8.175783],[-0.216354,8.196094],[-0.233132,8.178138],[-0.269192,8.196977],[-0.282586,8.181082],[-0.329389,8.199332],[-0.336013,8.136633],[-0.321883,8.143992],[-0.30113,8.133689],[-0.287737,8.150173],[-0.273166,8.112789],[-0.247998,8.10543],[-0.246673,8.075699],[-0.202077,8.061864],[-0.181471,8.036254],[-0.151299,8.046852],[-0.134226,8.027424],[-0.109647,7.986213],[-0.112296,7.970611],[-0.089041,7.965901],[-0.090513,7.90644],[-0.0755,7.877003],[-0.089041,7.870233],[-0.0755,7.849039],[-0.082859,7.828728],[-0.054895,7.767206],[0.013986,7.814893],[0.020757,7.807534],[-0.006619,7.773976],[0.011043,7.773387],[0.034592,7.801352],[0.039302,7.784279],[0.082868,7.773976],[0.070946,7.789577],[0.089049,7.814893],[0.068591,7.862874],[0.040479,7.871999],[0.047544,7.890839],[0.068591,7.883185],[0.07227,7.894077],[0.040626,7.938526],[0.06079,7.93882],[0.048133,7.965901],[0.090374,7.973849],[0.109507,8.006818],[0.103326,8.018298],[0.054903,8.006818],[0.075361,8.027424],[0.039596,8.056566],[0.039154,8.073933],[0.061232,8.095422],[0.076539,8.073933],[0.103326,8.08247],[0.109507,8.103075],[0.126433,8.106019],[0.144537,8.087768],[0.136883,8.06834],[0.191635,8.090123],[0.143801,8.136633],[0.164848,8.184908],[0.134676,8.186969],[0.116425,8.216111],[0.084045,8.235833],[0.109507,8.233478],[0.103326,8.25379],[0.120105,8.241132],[0.136883,8.25379],[0.168675,8.243781],[0.183098,8.266447],[0.170882,8.328852],[0.228578,8.346514],[0.228578,8.355345],[0.207089,8.385665],[0.130555,8.36918],[0.088902,8.38066],[0.071682,8.448953],[0.116425,8.479272],[0.080954,8.499584],[0.08743,8.538734],[0.072418,8.544916],[0.116425,8.602611],[0.130407,8.607321],[0.164848,8.58907],[0.133351,8.643528],[0.136883,8.670904],[0.167056,8.698868],[0.167056,8.743906],[0.219452,8.747438],[0.153515,8.639112],[0.179713,8.619095],[0.180891,8.596429],[0.164554,8.580534],[0.130555,8.58907],[0.109507,8.541678],[0.111862,8.501644],[0.134381,8.481922],[0.131143,8.461316],[0.09582,8.448659],[0.108624,8.3995],[0.24727,8.402149],[0.262724,8.331502],[0.301433,8.343276],[0.298195,8.322082],[0.285979,8.31855],[0.191635,8.322671],[0.226223,8.315312],[0.205765,8.294706],[0.205765,8.25379],[0.143801,8.212873],[0.220777,8.203159],[0.177358,8.128979],[0.204881,8.114261],[0.280975,8.116027],[0.263901,8.08247],[0.229608,8.095422],[0.19502,8.067163],[0.123784,8.048323],[0.13497,8.013883],[0.164848,7.993277],[0.117602,7.958248],[0.075361,7.944707],[0.130555,7.931755],[0.116425,7.889955],[0.15793,7.91115],[0.176917,7.907617],[0.185306,7.886717],[0.150571,7.801352],[0.167497,7.804884],[0.198405,7.849039],[0.191635,7.862874],[0.211946,7.862874],[0.211652,7.893488],[0.243296,7.903791],[0.267287,7.938526],[0.274646,7.917331],[0.239911,7.897609],[0.25301,7.883185],[0.23314,7.877003],[0.267287,7.870233],[0.239028,7.856104],[0.260369,7.842268],[0.246828,7.828728],[0.205765,7.828728],[0.217981,7.80665],[0.280975,7.7884],[0.2692,7.762201],[0.287745,7.760435],[0.28907,7.729233],[0.274646,7.711865],[0.287745,7.698913],[0.267287,7.657408],[0.28642,7.64269],[0.277001,7.60295],[0.294515,7.595886],[0.280975,7.561151],[0.23314,7.602656],[0.246828,7.561151],[0.205765,7.54761],[0.22063,7.529948],[0.246828,7.534364],[0.253304,7.514347],[0.23314,7.472253],[0.241677,7.457829],[0.284948,7.489915],[0.287745,7.527593],[0.301433,7.520234],[0.308056,7.54761],[0.321744,7.540545],[0.32925,7.567921],[0.320861,7.514052]],[[0.170882,6.698369],[0.182804,6.722802],[0.177653,6.742818],[0.150571,6.780497],[0.136883,6.753121],[0.123784,6.753121],[0.123784,6.766662],[0.103326,6.759892],[0.103326,6.814349],[0.075361,6.808167],[0.082868,6.794038],[0.068591,6.800808],[0.061232,6.759892],[0.034592,6.800808],[-0.003087,6.734871],[0.00648,6.704551],[0.027674,6.745468],[0.027674,6.712205],[0.049016,6.716914],[0.061232,6.704551],[0.040626,6.69101],[0.061232,6.69101],[0.054903,6.67747],[0.103326,6.684829],[0.089049,6.650094],[0.103915,6.673349],[0.170882,6.698369]]]},"properties":{"name":"Lake Volta","nameZh":"沃尔特水库","rank":5}},{"type":"Feature","geometry":{"type":"Polygon","coordinates":[[[137.965674,-29.107789],[137.940653,-29.106022],[137.89326,-29.066283],[137.855876,-29.066283],[137.798769,-29.040968],[137.762563,-28.973559],[137.635986,-29.03302],[137.613909,-29.057452],[137.489098,-29.007116],[137.472614,-28.978857],[137.498812,-28.946477],[137.494986,-28.92911],[137.434935,-28.910565],[137.31454,-28.779573],[137.321311,-28.737184],[137.368998,-28.685376],[137.362522,-28.675368],[137.318073,-28.678606],[137.295996,-28.652407],[137.253607,-28.719817],[137.26391,-28.784282],[137.323077,-28.840506],[137.359578,-28.982978],[137.356635,-29.025661],[137.328081,-29.067166],[137.273035,-28.909387],[137.230058,-28.876713],[137.221227,-28.823138],[137.20386,-28.797234],[137.182665,-28.821372],[137.176484,-28.889076],[137.114962,-28.884955],[137.135273,-28.951187],[137.104659,-29.003878],[137.045197,-29.0236],[136.991623,-29.005939],[136.924214,-28.93588],[136.905669,-28.899967],[136.900665,-28.795763],[136.883297,-28.763971],[136.896543,-28.746309],[136.95159,-28.747487],[136.934222,-28.686259],[136.893011,-28.63033],[136.899193,-28.476966],[136.866224,-28.422509],[136.948057,-28.429868],[136.973078,-28.424864],[136.99074,-28.398665],[136.989268,-28.229406],[136.984264,-28.206446],[136.948057,-28.168178],[136.942464,-28.072216],[136.89566,-28.041013],[136.886829,-28.01246],[136.856216,-27.992443],[136.831489,-28.000979],[136.789689,-28.04484],[136.781153,-27.983318],[136.794105,-27.957414],[136.988679,-27.8641],[137.077872,-27.852914],[137.126147,-27.871754],[137.266265,-27.964773],[137.389603,-27.983906],[137.424044,-28.048961],[137.472908,-28.096059],[137.515591,-28.189667],[137.632748,-28.11166],[137.693387,-28.114015],[137.711932,-28.127262],[137.691621,-28.15817],[137.628333,-28.164352],[137.608905,-28.178187],[137.604489,-28.218809],[137.648644,-28.274738],[137.735776,-28.312122],[137.780225,-28.312122],[137.786995,-28.326546],[137.760208,-28.374233],[137.699274,-28.335671],[137.697803,-28.393661],[137.6457,-28.351567],[137.64099,-28.320659],[137.623917,-28.30388],[137.594481,-28.310356],[137.594186,-28.366285],[137.611554,-28.397488],[137.705162,-28.490801],[137.717525,-28.522887],[137.706928,-28.55144],[137.664539,-28.512879],[137.637752,-28.50758],[137.61332,-28.523181],[137.604784,-28.622971],[137.616264,-28.647992],[137.675725,-28.682432],[137.759325,-28.805182],[137.794354,-28.891725],[137.799947,-28.955014],[137.830266,-29.013298],[137.885313,-29.008588],[137.935354,-29.031843],[137.97421,-29.027722],[138.054278,-29.073937],[137.965674,-29.107789]]]},"properties":{"name":"Lake Eyre North","nameZh":"北艾尔湖","rank":1}},{"type":"Feature","geometry":{"type":"Polygon","coordinates":[[[122.900707,-23.649689],[122.795619,-23.694138],[122.784138,-23.669117],[122.716435,-23.613777],[122.685232,-23.548722],[122.597806,-23.526939],[122.617234,-23.411254],[122.655501,-23.392709],[122.669631,-23.363861],[122.7026,-23.340901],[122.691119,-23.303222],[122.713491,-23.282322],[122.704366,-23.254947],[122.714963,-23.244644],[122.801506,-23.282617],[122.853608,-23.259362],[122.917191,-23.261128],[122.946627,-23.293803],[122.940446,-23.38535],[122.958108,-23.419791],[122.941035,-23.459824],[122.946922,-23.573743],[122.906005,-23.608184],[122.900707,-23.649689]]]},"properties":{"name":"Lake Disappointment","nameZh":"失望湖","rank":3}},{"type":"Feature","geometry":{"type":"Polygon","coordinates":[[[128.748544,-22.672694],[128.624911,-22.641786],[128.453886,-22.622652],[128.376468,-22.604108],[128.315535,-22.573494],[128.331725,-22.529633],[128.309942,-22.43161],[128.318478,-22.409238],[128.346149,-22.395109],[128.363222,-22.399819],[128.369403,-22.443385],[128.390303,-22.461635],[128.416796,-22.462813],[128.455063,-22.42955],[128.459184,-22.364201],[128.496274,-22.325639],[128.52365,-22.314159],[128.589293,-22.323579],[128.702035,-22.293259],[128.886601,-22.147549],[128.930167,-22.092503],[128.936937,-22.035102],[129.063808,-21.982705],[129.105902,-22.006254],[129.207164,-22.02215],[129.223942,-22.048348],[129.198038,-22.066304],[129.120621,-22.084555],[129.112378,-22.135185],[129.03084,-22.212015],[129.055566,-22.248516],[129.071756,-22.313276],[129.090007,-22.32976],[129.194506,-22.340357],[129.239249,-22.370088],[129.243076,-22.39246],[129.197155,-22.419247],[129.187441,-22.441913],[129.137694,-22.411888],[129.114733,-22.41542],[129.094422,-22.456631],[129.102959,-22.538759],[128.949006,-22.587034],[128.916038,-22.622358],[128.891017,-22.682703],[128.748544,-22.672694]]]},"properties":{"name":"Lake Mackay","nameZh":"麦凯湖","rank":3}},{"type":"Feature","geometry":{"type":"Polygon","coordinates":[[[135.937211,-32.354919],[135.895705,-32.342556],[135.855083,-32.297224],[135.925731,-32.185366],[135.930146,-32.165349],[135.911012,-32.148864],[135.915428,-32.115012],[135.97695,-32.05349],[136.026697,-32.026998],[136.023754,-31.976661],[136.066437,-31.955173],[136.036706,-31.848024],[136.013157,-31.825064],[135.946336,-31.82212],[135.898943,-31.761776],[135.80563,-31.724097],[135.818876,-31.612827],[135.777371,-31.550128],[135.717321,-31.533055],[135.70378,-31.601641],[135.677582,-31.610767],[135.644613,-31.604879],[135.596926,-31.56985],[135.599869,-31.512743],[135.624302,-31.458875],[135.644907,-31.437386],[135.722325,-31.420019],[135.743814,-31.402651],[135.743519,-31.383223],[135.702603,-31.349077],[135.662863,-31.33848],[135.572788,-31.362618],[135.551594,-31.345839],[135.583385,-31.299624],[135.505673,-31.267833],[135.459163,-31.264595],[135.419424,-31.19954],[135.422074,-31.151853],[135.436792,-31.129187],[135.399407,-31.062955],[135.45828,-31.063544],[135.52775,-31.10446],[135.534521,-31.15097],[135.556009,-31.184233],[135.649323,-31.22515],[135.665513,-31.208371],[135.721147,-31.23869],[135.831828,-31.236924],[135.899238,-31.210726],[135.940154,-31.210726],[135.970768,-31.23869],[136.087925,-31.241634],[136.101172,-31.272837],[136.056723,-31.402651],[136.074384,-31.409422],[136.09499,-31.385284],[136.107648,-31.38705],[136.112063,-31.443568],[136.178295,-31.565435],[136.228631,-31.589278],[136.245116,-31.800337],[136.276024,-31.864214],[136.303988,-31.88953],[136.320473,-31.963121],[136.256301,-32.052902],[136.268076,-32.113835],[136.26631,-32.149747],[136.245116,-32.184777],[136.260717,-32.220984],[136.249825,-32.243944],[136.207731,-32.259251],[136.119422,-32.263078],[136.148564,-32.214508],[136.136201,-32.186249],[136.15504,-32.129436],[136.041416,-32.128553],[135.895705,-32.281034],[135.892467,-32.296046],[135.932207,-32.334019],[135.937211,-32.354919]]]},"properties":{"name":"Lake Gairdner","nameZh":"盖尔德纳湖","rank":3}},{"type":"Feature","geometry":{"type":"Polygon","coordinates":[[[137.92564,-31.572794],[137.829383,-31.692011],[137.783168,-31.798277],[137.790527,-31.856855],[137.77316,-31.876872],[137.767273,-31.930446],[137.727533,-31.911901],[137.652765,-31.824475],[137.565044,-31.783558],[137.608022,-31.774728],[137.680729,-31.796805],[137.693387,-31.788857],[137.698097,-31.738815],[137.718702,-31.694661],[137.688089,-31.632844],[137.712521,-31.58133],[137.708105,-31.546007],[137.729594,-31.525401],[137.745195,-31.481541],[137.719586,-31.424729],[137.750788,-31.382929],[137.783757,-31.301684],[137.780225,-31.279607],[137.735776,-31.260179],[137.689855,-31.262534],[137.670132,-31.286083],[137.658358,-31.264006],[137.660713,-31.223384],[137.633337,-31.195713],[137.515591,-31.124772],[137.479973,-31.115941],[137.507938,-31.094746],[137.546794,-31.088565],[137.586239,-31.094158],[137.642756,-31.128893],[137.685734,-31.122711],[137.697508,-31.095041],[137.690738,-31.057068],[137.633042,-30.941088],[137.63422,-30.916067],[137.665128,-30.898406],[137.665128,-30.878683],[137.619502,-30.784192],[137.623328,-30.745925],[137.698097,-30.656144],[137.698391,-30.61876],[137.67131,-30.590501],[137.467904,-30.636716],[137.419923,-30.63701],[137.385188,-30.621998],[137.376357,-30.604336],[137.404027,-30.523974],[137.362816,-30.418592],[137.293641,-30.311738],[137.218578,-30.264934],[137.229764,-30.243151],[137.197678,-30.203706],[137.204743,-30.18104],[137.248897,-30.176625],[137.350747,-30.224017],[137.42581,-30.291132],[137.445533,-30.355892],[137.518829,-30.410939],[137.643051,-30.423302],[137.684262,-30.442436],[137.808189,-30.545463],[137.817609,-30.590206],[137.861469,-30.603158],[137.876482,-30.649374],[137.906507,-30.677927],[137.994816,-30.830407],[138.008357,-30.918128],[138.051334,-30.984654],[137.988929,-31.020861],[137.966557,-31.079734],[138.084891,-31.161567],[138.1158,-31.218379],[138.114917,-31.261062],[138.137583,-31.337597],[138.129635,-31.375275],[138.102259,-31.402651],[138.084891,-31.447395],[138.026607,-31.505679],[137.92564,-31.572794]]]},"properties":{"name":"Lake Torrens","nameZh":"托伦斯湖","rank":3}},{"type":"Feature","geometry":{"type":"Polygon","coordinates":[[[139.99767,-30.811274],[139.909949,-31.03293],[139.889049,-31.039995],[139.872859,-31.016446],[139.852254,-31.0188],[139.836358,-31.064721],[139.852842,-31.121828],[139.817224,-31.130953],[139.783961,-31.116824],[139.796619,-31.04441],[139.779251,-31.017623],[139.728326,-31.012324],[139.690942,-31.038817],[139.627948,-31.026454],[139.598512,-30.99584],[139.614407,-30.976118],[139.610286,-30.950802],[139.48577,-30.903704],[139.541994,-30.772123],[139.592036,-30.716194],[139.613524,-30.643486],[139.747166,-30.5331],[139.823995,-30.488062],[139.8864,-30.385623],[139.895525,-30.348533],[139.967939,-30.259341],[139.978241,-30.303496],[140.041235,-30.380913],[140.054187,-30.42183],[140.026812,-30.574311],[139.997964,-30.627002],[139.99767,-30.811274]]]},"properties":{"name":"Lake Frome","nameZh":"弗罗姆湖","rank":3}},{"type":"Feature","geometry":{"type":"Polygon","coordinates":[[[119.82519,-29.40333],[119.800758,-29.53079],[119.774854,-29.587308],[119.743946,-29.586719],[119.73276,-29.547274],[119.625317,-29.553161],[119.67271,-29.511067],[119.740708,-29.487813],[119.753365,-29.46338],[119.745123,-29.420992],[119.727461,-29.406274],[119.633265,-29.392144],[119.605006,-29.367712],[119.616192,-29.340042],[119.648277,-29.324735],[119.680952,-29.229067],[119.654459,-29.191388],[119.604123,-29.180202],[119.55673,-29.195803],[119.538774,-29.237014],[119.555847,-29.305896],[119.531709,-29.380958],[119.528471,-29.453078],[119.498446,-29.470445],[119.511398,-29.518721],[119.419556,-29.564642],[119.396007,-29.559049],[119.36716,-29.525491],[119.4016,-29.460142],[119.401306,-29.410984],[119.434569,-29.330917],[119.453114,-29.221413],[119.449287,-29.175198],[119.428682,-29.141346],[119.402483,-29.131632],[119.377462,-29.138402],[119.359212,-29.156653],[119.350675,-29.23201],[119.338018,-29.251438],[119.180827,-29.352111],[119.17965,-29.291177],[119.196428,-29.227889],[119.21674,-29.202574],[119.219095,-29.16254],[119.113712,-29.159302],[119.081038,-29.137225],[119.177589,-29.091599],[119.275318,-29.090127],[119.370692,-28.983567],[119.391298,-28.987394],[119.411609,-29.025367],[119.484022,-29.053626],[119.571448,-29.07011],[119.613248,-29.059513],[119.687428,-28.994458],[119.743063,-28.87789],[119.761019,-28.872886],[119.781624,-28.909093],[119.811649,-28.91969],[119.901725,-28.878185],[119.975022,-28.885838],[119.990917,-28.909387],[119.986796,-29.027133],[119.97561,-29.043912],[119.93646,-28.938824],[119.917032,-28.926755],[119.836376,-28.959723],[119.75572,-29.048621],[119.680363,-29.085417],[119.68625,-29.155476],[119.746595,-29.252616],[119.755132,-29.341808],[119.766612,-29.366535],[119.82519,-29.40333]]]},"properties":{"name":"Lake Barlee","nameZh":"巴利湖","rank":5}},{"type":"Feature","geometry":{"type":"Polygon","coordinates":[[[137.670721,-29.271161],[137.646583,-29.334449],[137.65041,-29.425407],[137.614498,-29.395971],[137.559157,-29.31767],[137.47438,-29.342397],[137.462606,-29.365063],[137.469082,-29.402741],[137.429637,-29.404213],[137.385188,-29.483103],[137.363405,-29.424524],[137.328376,-29.409806],[137.275096,-29.435121],[137.263615,-29.445424],[137.265676,-29.479865],[137.232707,-29.48899],[137.199444,-29.48899],[137.14587,-29.446602],[137.075222,-29.452489],[137.072279,-29.440126],[137.14116,-29.324146],[137.15058,-29.249378],[137.163532,-29.240547],[137.233002,-29.247023],[137.285987,-29.214054],[137.447887,-29.21376],[137.498812,-29.202868],[137.680141,-29.114853],[137.702218,-29.122212],[137.718702,-29.179025],[137.704279,-29.229067],[137.670721,-29.271161]]]},"properties":{"name":"Lake Eyre South","nameZh":"南艾尔湖","rank":5}},{"type":"Feature","geometry":{"type":"Polygon","coordinates":[[[-111.997893,41.026231],[-111.930925,40.961471],[-111.945349,40.947341],[-112.120348,40.876105],[-112.135802,40.816055],[-112.183931,40.773961],[-112.340386,40.689184],[-112.395137,40.698604],[-112.406176,40.771606],[-112.445326,40.808107],[-112.445621,40.856088],[-112.483594,40.945575],[-112.520095,40.909368],[-112.547324,40.834894],[-112.562483,40.831656],[-112.595452,40.880226],[-112.634308,40.904364],[-112.630629,40.940571],[-112.659182,40.939393],[-112.743517,40.9965],[-112.750729,41.012396],[-112.735569,41.032413],[-112.775603,41.040066],[-112.756175,41.05449],[-112.779871,41.14221],[-112.772071,41.190486],[-112.817991,41.228165],[-112.843159,41.270553],[-112.923227,41.327071],[-112.972238,41.303228],[-112.968706,41.270847],[-113.015804,41.281739],[-112.996523,41.326188],[-112.942213,41.332958],[-112.952074,41.381234],[-113.023605,41.522823],[-113.001675,41.521351],[-112.99932,41.534303],[-112.979892,41.539896],[-112.978125,41.567567],[-113.016393,41.586995],[-113.025371,41.604656],[-112.937209,41.63056],[-112.857731,41.635565],[-112.810927,41.67707],[-112.774573,41.681485],[-112.728505,41.662352],[-112.699951,41.634682],[-112.708046,41.581402],[-112.745431,41.545784],[-112.723648,41.501923],[-112.637399,41.434808],[-112.597365,41.423917],[-112.580587,41.438635],[-112.551739,41.436574],[-112.516121,41.418618],[-112.502875,41.345616],[-112.473144,41.32295],[-112.481533,41.27644],[-112.471672,41.238467],[-112.429725,41.206676],[-112.346273,41.232286],[-112.346273,41.267021],[-112.361138,41.27438],[-112.399553,41.348265],[-112.383068,41.373286],[-112.384687,41.393009],[-112.40647,41.409493],[-112.397345,41.454236],[-112.361285,41.462479],[-112.341563,41.449232],[-112.312715,41.459535],[-112.284898,41.44776],[-112.269002,41.423034],[-112.29417,41.419796],[-112.269002,41.385061],[-112.178632,41.388888],[-112.142867,41.412437],[-112.065744,41.409787],[-112.054558,41.371226],[-112.098124,41.336491],[-112.132712,41.352975],[-112.154347,41.328248],[-112.253254,41.347677],[-112.291668,41.319123],[-112.325226,41.270847],[-112.256933,41.264666],[-112.251046,41.236701],[-112.193939,41.192547],[-112.178927,41.149275],[-112.140512,41.12602],[-112.104306,41.060966],[-111.997893,41.026231]],[[-112.539817,40.990613],[-112.519948,41.014456],[-112.529367,41.035945],[-112.55483,41.030058],[-112.539817,40.990613]],[[-112.314187,41.138384],[-112.314776,41.158695],[-112.343182,41.186659],[-112.387631,41.178712],[-112.314187,41.138384]],[[-112.177013,40.873162],[-112.16568,40.975895],[-112.192026,41.014456],[-112.193792,41.043304],[-112.207186,41.060377],[-112.247808,41.073918],[-112.25031,41.058317],[-112.27121,41.051841],[-112.236475,41.02211],[-112.248102,41.006214],[-112.248102,40.965003],[-112.177013,40.873162]]]},"properties":{"name":"Great Salt Lake","nameZh":"大盐湖","rank":1}},{"type":"Feature","geometry":{"type":"Polygon","coordinates":[[[-97.513706,25.467321],[-97.402289,25.411391],[-97.436583,25.387842],[-97.421717,25.361644],[-97.421423,25.290113],[-97.486919,25.179432],[-97.493101,25.200627],[-97.50723,25.109963],[-97.541523,25.056683],[-97.536961,24.992217],[-97.558155,24.96278],[-97.564042,24.915388],[-97.594067,24.848862],[-97.616586,24.720813],[-97.665009,24.556264],[-97.708428,24.248064],[-97.747578,23.809462],[-97.752288,23.895122],[-97.774218,23.960471],[-97.753466,24.038771],[-97.760678,24.062615],[-97.767154,24.045542],[-97.784079,24.077039],[-97.781136,24.103826],[-97.760678,24.07645],[-97.750522,24.106181],[-97.712255,24.436163],[-97.718583,24.45618],[-97.733449,24.455002],[-97.778487,24.419973],[-97.81646,24.423211],[-97.835888,24.449704],[-97.822052,24.508577],[-97.841775,24.501218],[-97.850017,24.522706],[-97.821758,24.547138],[-97.829559,24.562445],[-97.804979,24.550965],[-97.781136,24.562445],[-97.76892,24.551848],[-97.775249,24.524472],[-97.747578,24.487971],[-97.719761,24.484144],[-97.678697,24.624556],[-97.671927,24.700208],[-97.686792,24.672243],[-97.711519,24.70168],[-97.689883,24.725523],[-97.712255,24.792638],[-97.700774,24.81501],[-97.724912,24.823252],[-97.730652,24.853571],[-97.725795,24.864169],[-97.665451,24.866523],[-97.643962,24.892133],[-97.646317,24.911561],[-97.623504,24.905085],[-97.622621,24.920392],[-97.648672,24.947179],[-97.697095,24.96278],[-97.712255,24.984563],[-97.760678,24.967785],[-97.716229,25.028718],[-97.686792,25.181787],[-97.70519,25.244487],[-97.794971,25.257439],[-97.757292,25.27569],[-97.712255,25.265681],[-97.690766,25.315723],[-97.691355,25.368414],[-97.681788,25.371064],[-97.623504,25.364882],[-97.618352,25.348397],[-97.63778,25.337506],[-97.623504,25.330147],[-97.634395,25.317489],[-97.568899,25.316606],[-97.5558,25.290408],[-97.536225,25.283049],[-97.521065,25.316606],[-97.536519,25.314546],[-97.541523,25.351341],[-97.500607,25.412863],[-97.52239,25.417573],[-97.536225,25.454663],[-97.513706,25.467321]]]},"properties":{"name":"Laguna Madre","nameZh":"马德雷湖","rank":2}},{"type":"Feature","geometry":{"type":"Polygon","coordinates":[[[-115.629757,33.318601],[-115.604737,33.280922],[-115.597966,33.238534],[-115.606944,33.217634],[-115.669644,33.143454],[-115.700994,33.12903],[-115.709089,33.110485],[-115.729105,33.112546],[-115.766195,33.12903],[-115.823891,33.183782],[-115.875404,33.292402],[-116.031123,33.41162],[-116.059823,33.466666],[-116.061001,33.502284],[-116.021703,33.523184],[-115.94664,33.520829],[-115.775468,33.365404],[-115.667436,33.345388],[-115.629757,33.318601]]]},"properties":{"name":"Salton Sea","nameZh":"索尔顿湖","rank":3}},{"type":"Feature","geometry":{"type":"Polygon","coordinates":[[[-71.569482,18.512085],[-71.494272,18.464104],[-71.527977,18.429369],[-71.595975,18.412884],[-71.803649,18.500605],[-71.819692,18.541227],[-71.782013,18.515029],[-71.702535,18.568309],[-71.569482,18.512085]]]},"properties":{"name":"Lago Enriquillo","nameZh":"恩里基湖","rank":4}},{"type":"Feature","geometry":{"type":"Polygon","coordinates":[[[-120.34915,42.08918],[-120.323688,42.057094],[-120.313385,42.015],[-120.319567,41.969079],[-120.355774,41.926985],[-120.376232,41.85987],[-120.36799,41.824546],[-120.40037,41.794816],[-120.474991,41.77421],[-120.47558,41.791283],[-120.463511,41.793933],[-120.471017,41.852217],[-120.494419,41.880476],[-120.503103,41.924041],[-120.477787,42.003225],[-120.497804,42.025008],[-120.495155,42.049146],[-120.437018,42.107725],[-120.414646,42.113023],[-120.34915,42.08918]]]},"properties":{"name":"Goose Lake","nameZh":"鹅湖","rank":5}},{"type":"Feature","geometry":{"type":"Polygon","coordinates":[[[-119.48004,39.946209],[-119.43044,39.92737],[-119.419401,39.89028],[-119.454283,39.867025],[-119.517719,39.916773],[-119.588366,39.946798],[-119.609413,39.979472],[-119.616772,40.022155],[-119.686537,40.074846],[-119.707731,40.120472],[-119.703463,40.135779],[-119.680502,40.140195],[-119.666814,40.174635],[-119.58763,40.210254],[-119.558635,40.20731],[-119.531407,40.1817],[-119.495936,39.975351],[-119.48004,39.946209]]]},"properties":{"name":"Pyramid Lake","nameZh":"金字塔湖","rank":5}},{"type":"Feature","geometry":{"type":"Polygon","coordinates":[[[-118.631683,43.267519],[-118.660236,43.276056],[-118.675396,43.300194],[-118.736918,43.292835],[-118.771653,43.269286],[-118.786224,43.229546],[-118.807565,43.233962],[-118.842006,43.263104],[-118.882187,43.263104],[-118.964314,43.393507],[-118.948713,43.419706],[-118.930904,43.424121],[-118.823314,43.415879],[-118.656998,43.444432],[-118.669803,43.416173],[-118.667448,43.379966],[-118.640367,43.374079],[-118.595476,43.304609],[-118.60622,43.278116],[-118.631683,43.267519]]]},"properties":{"name":"Malheur Lake","nameZh":"马豪尔湖","rank":5}},{"type":"Feature","geometry":{"type":"Polygon","coordinates":[[[-52.601247,-32.459124],[-52.589325,-32.535659],[-52.601247,-32.61602],[-52.690586,-32.746424],[-52.72326,-32.83856],[-52.780956,-32.904203],[-52.837768,-32.924514],[-52.895022,-32.913034],[-52.995694,-32.825019],[-52.984803,-32.759964],[-52.996136,-32.755549],[-53.064281,-32.822075],[-53.124332,-32.799115],[-53.1704,-32.986625],[-53.217498,-33.061099],[-53.25915,-33.095245],[-53.286526,-33.102015],[-53.310958,-33.089652],[-53.321261,-33.061099],[-53.370567,-33.137928],[-53.4237,-33.157356],[-53.465941,-33.259206],[-53.431206,-33.426699],[-53.444453,-33.52119],[-53.46079,-33.550626],[-53.485664,-33.547683],[-53.47124,-33.540912],[-53.496702,-33.532964],[-53.5151,-33.581829],[-53.533498,-33.589188],[-53.549099,-33.504411],[-53.5856,-33.450543],[-53.586483,-33.418751],[-53.560138,-33.363411],[-53.592518,-33.334563],[-53.591929,-33.317196],[-53.565731,-33.27363],[-53.609296,-33.25744],[-53.643443,-33.208281],[-53.643884,-33.181788],[-53.616803,-33.16236],[-53.636525,-33.108786],[-53.614301,-33.100249],[-53.620041,-33.047264],[-53.595609,-33.047264],[-53.595609,-33.08818],[-53.477274,-32.952478],[-53.324794,-32.948357],[-53.355407,-32.924514],[-53.306984,-32.896549],[-53.327443,-32.876532],[-53.292119,-32.861226],[-53.286526,-32.825019],[-53.299478,-32.783513],[-53.352611,-32.752311],[-53.280786,-32.750545],[-53.192182,-32.713455],[-53.158772,-32.644279],[-53.029546,-32.605423],[-53.004231,-32.579813],[-52.986128,-32.497391],[-52.960959,-32.469133],[-52.808037,-32.409377],[-52.775657,-32.384356],[-52.786696,-32.355214],[-52.82776,-32.349032],[-52.827613,-32.319596],[-52.806418,-32.305172],[-52.772566,-32.245416],[-52.73842,-32.232464],[-52.728117,-32.197729],[-52.671747,-32.175357],[-52.655851,-32.177123],[-52.693971,-32.247182],[-52.711044,-32.328721],[-52.694707,-32.366105],[-52.601247,-32.459124]]]},"properties":{"name":"Lagoa Mirim","nameZh":"密林湖","rank":1}},{"type":"Feature","geometry":{"type":"Polygon","coordinates":[[[5.870361,52.539989],[5.872716,52.501428],[5.860647,52.478173],[5.800891,52.422832],[5.746728,52.393396],[5.623683,52.356306],[5.577763,52.322749],[5.533314,52.267997],[5.404677,52.2574],[5.268386,52.311563],[5.181254,52.311563],[4.968135,52.371024],[4.98197,52.385448],[5.024947,52.378089],[5.091768,52.439317],[5.050262,52.467281],[5.078227,52.473463],[5.070573,52.487887],[5.090884,52.500839],[5.036427,52.599745],[5.034955,52.625061],[5.049673,52.641839],[5.165653,52.630065],[5.227175,52.65332],[5.256317,52.688643],[5.304004,52.706894],[5.286931,52.748399],[5.22011,52.762823],[5.170363,52.746044],[5.136511,52.762234],[5.122676,52.775481],[5.115022,52.861141],[5.044081,52.933554],[5.129152,52.960047],[5.372297,53.07691],[5.409386,53.032166],[5.406443,52.995076],[5.420278,52.9677],[5.399672,52.940325],[5.413213,52.924429],[5.366115,52.894993],[5.369059,52.878508],[5.410858,52.857314],[5.557452,52.837297],[5.637519,52.854959],[5.721707,52.837297],[5.656358,52.819635],[5.611909,52.775186],[5.597779,52.66951],[5.660479,52.61152],[5.84063,52.604161],[5.870361,52.539989]],[[5.858292,52.506432],[5.839158,52.570309],[5.68079,52.593564],[5.653709,52.61152],[5.577763,52.590914],[5.516241,52.556768],[5.486215,52.557062],[5.441178,52.508492],[5.283693,52.455213],[5.132978,52.385448],[5.152995,52.343943],[5.173895,52.336878],[5.304593,52.320982],[5.423222,52.273884],[5.489159,52.27565],[5.545677,52.302438],[5.543616,52.358072],[5.616619,52.37544],[5.649882,52.398989],[5.781168,52.425776],[5.829444,52.461394],[5.858292,52.506432]]]},"properties":{"name":"IJsselmeer","nameZh":"艾瑟爾湖","rank":2}},{"type":"Feature","geometry":{"type":"Polygon","coordinates":[[[35.33827,45.340137],[35.455427,45.279204],[35.404502,45.251239],[35.34975,45.285385],[35.234948,45.314528],[35.193443,45.336605],[35.122796,45.332484],[35.051854,45.374872],[35.010349,45.429918],[35.055975,45.439632],[35.095714,45.474367],[35.066867,45.561499],[34.976791,45.663055],[34.900256,45.668942],[34.872292,45.696907],[34.839029,45.703677],[34.872292,45.737234],[34.791636,45.717218],[34.715985,45.724282],[34.764849,45.783744],[34.750131,45.806116],[34.724227,45.81318],[34.647103,45.78551],[34.680366,45.84821],[34.747187,45.858218],[34.756901,45.877646],[34.750131,45.902373],[34.707154,45.871464],[34.647692,45.858807],[34.546431,45.792575],[34.461654,45.771969],[34.541132,45.839379],[34.546136,45.862928],[34.591469,45.877057],[34.622671,45.903844],[34.626792,45.94741],[34.544076,45.970665],[34.575278,45.939168],[34.569097,45.918268],[34.530535,45.91974],[34.488147,45.875586],[34.461654,45.909732],[34.482554,45.929749],[34.444875,45.932398],[34.427802,45.919151],[34.411612,45.864694],[34.406902,45.895602],[34.379526,45.881767],[34.386591,45.902373],[34.359215,45.881767],[34.372756,45.91974],[34.406902,45.936519],[34.410729,45.956241],[34.359215,45.984795],[34.386591,45.991565],[34.349796,46.026006],[34.331251,46.025123],[34.318299,45.998041],[34.297693,45.999218],[34.28062,46.008638],[34.277088,46.046022],[34.226751,46.004517],[34.21586,46.018352],[34.228518,46.029244],[34.16729,46.046317],[34.161108,46.038663],[34.11607,46.059857],[34.113127,46.048377],[34.200847,45.988621],[34.196137,45.95006],[34.153749,45.936519],[34.112832,45.984795],[34.144624,45.978907],[34.16729,45.998041],[34.078981,46.045434],[34.037475,46.087233],[33.998914,46.100774],[33.939746,46.098714],[33.961824,46.080463],[33.99126,46.076931],[33.99597,46.066922],[33.976542,46.060741],[33.989199,46.028949],[33.981546,46.017469],[33.913548,46.059857],[33.865567,46.038663],[33.865567,46.059857],[33.885583,46.065156],[33.838485,46.115198],[33.85232,46.132565],[33.852026,46.159353],[33.804339,46.17672],[33.799629,46.127856],[33.786971,46.12138],[33.73222,46.145517],[33.667754,46.223818],[33.713969,46.219108],[33.77137,46.247367],[33.822884,46.224113],[33.893826,46.231177],[33.972126,46.210866],[34.033943,46.135803],[34.067206,46.150816],[34.085457,46.12815],[34.138148,46.124323],[34.12343,46.16524],[34.077803,46.190261],[34.115482,46.189083],[34.124313,46.209689],[34.135204,46.207923],[34.153749,46.190261],[34.147567,46.162296],[34.159048,46.146989],[34.202025,46.18349],[34.147567,46.23471],[34.152572,46.276215],[34.181714,46.279159],[34.237348,46.234415],[34.289745,46.161413],[34.307996,46.101657],[34.331251,46.162885],[34.331251,46.17672],[34.290923,46.190261],[34.311234,46.214399],[34.484614,46.145517],[34.517289,46.162296],[34.527297,46.186434],[34.54437,46.187317],[34.572629,46.159353],[34.570569,46.120791],[34.552318,46.085173],[34.524059,46.12815],[34.492857,46.094592],[34.494328,46.126972],[34.482554,46.12815],[34.439577,46.090766],[34.449585,46.057208],[34.469013,46.046317],[34.46136,46.034248],[34.427508,46.046317],[34.401309,46.011287],[34.461654,46.003045],[34.472545,45.993037],[34.461654,45.970665],[34.482848,45.966838],[34.514345,45.994803],[34.555262,45.98244],[34.575573,45.996864],[34.629441,46.071338],[34.620316,46.162296],[34.652108,46.184374],[34.742183,46.162296],[34.770736,46.141985],[34.788104,46.094592],[34.774269,46.087233],[34.746893,46.107839],[34.721872,46.109605],[34.660938,46.087233],[34.753663,46.011582],[34.770736,46.036014],[34.795168,46.029244],[34.81548,45.935636],[34.84786,45.91297],[34.825488,45.895602],[34.832847,45.881767],[34.811359,45.81789],[34.845799,45.821423],[34.872292,45.854391],[34.894664,45.846443],[34.999752,45.674829],[35.023889,45.66276],[35.084528,45.587109],[35.33827,45.340137]]]},"properties":{"name":"Syvash","nameZh":"锡瓦什湖","rank":2}},{"type":"Feature","geometry":{"type":"Polygon","coordinates":[[[78.11085,42.599607],[78.327502,42.595192],[78.320143,42.571643],[78.30042,42.5634],[78.150883,42.573997],[78.107612,42.551037],[78.028722,42.475091],[77.900674,42.458018],[77.829438,42.434763],[77.812365,42.420928],[77.822667,42.402678],[77.892726,42.391786],[77.914803,42.37383],[77.851809,42.361467],[77.792053,42.293763],[77.68726,42.214579],[77.481205,42.161888],[77.462954,42.181316],[77.389952,42.169836],[77.28928,42.181021],[77.136799,42.153351],[77.048195,42.16071],[76.960769,42.186614],[76.935454,42.167186],[76.907489,42.197506],[76.819769,42.220466],[76.755009,42.261972],[76.706439,42.25108],[76.675825,42.266681],[76.561906,42.280222],[76.396767,42.345571],[76.371747,42.347337],[76.314051,42.315546],[76.270485,42.318489],[76.239577,42.337329],[76.208374,42.392964],[76.222798,42.400323],[76.208374,42.407093],[76.196011,42.439767],[76.202487,42.460079],[76.225742,42.469204],[76.304632,42.482156],[76.456229,42.468321],[76.497146,42.51012],[76.599584,42.513653],[76.674647,42.565461],[76.981669,42.614031],[77.014049,42.606378],[77.083813,42.639641],[77.219515,42.648766],[77.349624,42.681735],[77.435578,42.653476],[77.528009,42.647294],[77.579228,42.676142],[77.7844,42.722651],[77.917158,42.726772],[77.983096,42.713232],[78.103785,42.725595],[78.137343,42.740313],[78.306308,42.742962],[78.24979,42.719413],[78.201514,42.72118],[78.169134,42.67467],[78.120858,42.6679],[78.081708,42.622862],[78.11085,42.599607]]]},"properties":{"name":"Issyk-Kul","nameZh":"伊塞克湖","rank":2}},{"type":"Feature","geometry":{"type":"Polygon","coordinates":[[[36.689107,2.881055],[36.709713,2.730341],[36.68793,2.715328],[36.702354,2.486313],[36.635827,2.408895],[36.581664,2.407424],[36.558115,2.394472],[36.531917,2.422731],[36.517787,2.551662],[36.476871,2.611712],[36.443313,2.630552],[36.435954,2.730341],[36.380614,2.846321],[36.261396,2.938456],[36.247267,2.980551],[36.21312,2.963183],[36.182212,2.983494],[36.126577,2.987615],[36.12069,3.007926],[36.148066,3.116547],[36.134525,3.172182],[36.148066,3.213098],[36.106266,3.216336],[36.02826,3.252543],[35.996468,3.305823],[35.947898,3.33938],[35.939951,3.540725],[35.925821,3.552206],[35.935829,3.497454],[35.918168,3.481264],[35.89609,3.561331],[35.853113,3.600481],[35.841339,3.630212],[35.833391,3.719699],[35.860472,3.792407],[35.853996,3.959017],[35.922583,4.117974],[35.915224,4.422935],[35.94937,4.576887],[35.988226,4.635171],[36.004122,4.635171],[36.007066,4.591017],[36.032087,4.525374],[36.058285,4.560403],[36.038563,4.572766],[36.025022,4.60338],[36.043272,4.636643],[36.106561,4.637821],[36.126872,4.621631],[36.123634,4.663136],[36.154836,4.664019],[36.186628,4.624574],[36.168377,4.61486],[36.198108,4.547156],[36.195753,4.478275],[36.208411,4.442657],[36.188394,4.339335],[36.214887,4.285761],[36.216064,4.199807],[36.236964,4.182734],[36.244617,4.145055],[36.198402,3.979328],[36.181624,3.961961],[36.265812,3.753551],[36.246384,3.694384],[36.216653,3.681137],[36.211354,3.658766],[36.20635,3.540137],[36.216064,3.456537],[36.244323,3.370877],[36.22254,3.322013],[36.291716,3.243123],[36.306728,3.191904],[36.326156,3.186605],[36.375904,3.123023],[36.40063,3.010576],[36.532211,2.901661],[36.657905,2.898717],[36.689107,2.881055]]]},"properties":{"name":"Lake Turkana","nameZh":"图尔卡纳湖","rank":3}},{"type":"Feature","geometry":{"type":"Polygon","coordinates":[[[19.793195,54.543432],[19.907114,54.628208],[19.95539,54.635568],[19.948325,54.687376],[19.981883,54.71799],[20.039872,54.716518],[20.054002,54.670597],[20.072841,54.657351],[20.176752,54.695618],[20.40665,54.68767],[20.280368,54.629092],[20.092269,54.574634],[20.068131,54.557267],[19.991008,54.572574],[19.943026,54.512523],[19.906525,54.488386],[19.839999,54.470724],[19.793195,54.543432]]]},"properties":{"name":"Kaliningradskiy Zaliv","nameZh":"加里宁格勒湾","rank":3}},{"type":"Feature","geometry":{"type":"Polygon","coordinates":[[[19.839999,54.470724],[19.82116,54.468369],[19.793489,54.440993],[19.743153,54.433634],[19.749335,54.413911],[19.711656,54.385947],[19.459975,54.310884],[19.36519,54.228168],[19.386384,54.276738],[19.248916,54.290278],[19.262751,54.310295],[19.229193,54.331784],[19.442313,54.371817],[19.741093,54.50487],[19.793195,54.543432],[19.839999,54.470724]]]},"properties":{"name":"Zalew Wislany","nameZh":"维斯图拉潟湖","rank":3}},{"type":"Feature","geometry":{"type":"Polygon","coordinates":[[[92.324516,50.226287],[92.353364,50.267498],[92.348654,50.301939],[92.24386,50.377002],[92.226787,50.41468],[92.244743,50.445589],[92.283011,50.467666],[92.409882,50.491804],[92.511437,50.548027],[92.641841,50.548027],[92.750755,50.573343],[92.80639,50.610138],[92.848779,50.666362],[92.900587,50.692854],[92.994783,50.65341],[93.006558,50.625445],[92.952983,50.527716],[92.985952,50.505345],[92.998316,50.47738],[93.090451,50.42881],[93.1558,50.356396],[93.196423,50.349332],[93.278845,50.38701],[93.291502,50.381123],[93.27855,50.363755],[93.230863,50.356396],[93.248231,50.325488],[93.289442,50.301645],[93.333891,50.32225],[93.360089,50.320189],[93.403655,50.285749],[93.380989,50.263966],[93.280316,50.234824],[93.260005,50.238356],[93.238517,50.266321],[93.105758,50.236884],[93.082798,50.226582],[93.05395,50.170358],[92.930906,50.053201],[92.743396,49.997272],[92.689822,49.993151],[92.576492,50.000216],[92.562951,50.027297],[92.504667,50.034362],[92.470521,50.062327],[92.434314,50.071452],[92.419596,50.113546],[92.34836,50.156229],[92.324516,50.226287]]]},"properties":{"name":"Uvs Nuur","nameZh":"烏布蘇湖","rank":3}},{"type":"Feature","geometry":{"type":"Polygon","coordinates":[[[100.704474,36.862745],[100.765996,36.804461],[100.761581,36.781206],[100.70153,36.776202],[100.693288,36.757362],[100.741858,36.684066],[100.712716,36.566026],[100.659142,36.541005],[100.498419,36.578389],[100.459269,36.599583],[100.445434,36.622838],[100.481052,36.644032],[100.410404,36.631669],[100.395392,36.63785],[100.385383,36.665815],[100.330337,36.650803],[100.288832,36.657867],[100.133996,36.623721],[99.980927,36.657867],[99.92647,36.68907],[99.907925,36.719978],[99.810785,36.713208],[99.781642,36.760895],[99.791356,36.774435],[99.780171,36.811231],[99.70187,36.84155],[99.682736,36.865983],[99.623863,36.898068],[99.617682,36.91838],[99.623863,36.938985],[99.662131,36.96695],[99.781642,36.937513],[99.820793,36.951348],[99.842281,36.981373],[99.832567,37.037891],[99.780759,37.082046],[99.754561,37.142096],[99.761626,37.164762],[99.796949,37.185073],[99.984165,37.227756],[100.079245,37.191255],[100.182861,37.192727],[100.215535,37.180364],[100.249387,37.198025],[100.274702,37.196259],[100.34741,37.117664],[100.469571,37.017286],[100.577897,36.870104],[100.679747,36.849498],[100.704474,36.862745]]]},"properties":{"name":"Qinghai Hu","nameZh":"青海湖","rank":3}},{"type":"Feature","geometry":{"type":"Polygon","coordinates":[[[43.754435,32.752244],[43.898085,32.703968],[43.891903,32.618308],[43.873358,32.587989],[43.802122,32.546189],[43.768859,32.505273],[43.757379,32.517341],[43.740894,32.511749],[43.748842,32.526172],[43.734713,32.560613],[43.713518,32.546189],[43.706748,32.566795],[43.682316,32.5665],[43.669069,32.533237],[43.651702,32.55031],[43.651996,32.58063],[43.679372,32.58063],[43.663771,32.587989],[43.61108,32.574154],[43.631096,32.594759],[43.583704,32.607711],[43.573695,32.590932],[43.537783,32.595642],[43.498927,32.612421],[43.445058,32.679242],[43.429163,32.710444],[43.439171,32.731344],[43.42563,32.738115],[43.430929,32.769023],[43.411501,32.806996],[43.42563,32.799637],[43.449474,32.836727],[43.405025,32.875877],[43.439171,32.888829],[43.472729,32.875877],[43.455361,32.889123],[43.486858,32.912967],[43.494512,32.944169],[43.453006,32.985086],[43.486858,33.026003],[43.50452,33.018055],[43.526008,33.033067],[43.521593,33.104598],[43.534839,33.114901],[43.535134,33.07369],[43.555445,33.039838],[43.62462,33.012462],[43.616084,32.99009],[43.732063,32.775499],[43.754435,32.752244]]]},"properties":{"name":"Lake Razazah","nameZh":"赖扎宰湖","rank":3}},{"type":"Feature","geometry":{"type":"Polygon","coordinates":[[[35.559043,31.765535],[35.586419,31.752878],[35.588185,31.730506],[35.554628,31.538286],[35.571995,31.468228],[35.547563,31.331937],[35.512828,31.304856],[35.501348,31.318102],[35.510473,31.367555],[35.49134,31.366966],[35.442181,31.322223],[35.414805,31.326639],[35.393611,31.435848],[35.392728,31.514149],[35.414805,31.566251],[35.408035,31.614821],[35.476621,31.730506],[35.506941,31.755821],[35.559043,31.765535]]]},"properties":{"name":"Dead Sea","nameZh":"死海","rank":3}},{"type":"Feature","geometry":{"type":"Polygon","coordinates":[[[45.902116,37.400842],[45.908886,37.362869],[45.875623,37.374055],[45.834706,37.356099],[45.814101,37.32313],[45.748458,37.284863],[45.702537,37.294283],[45.700476,37.32313],[45.65956,37.309589],[45.623647,37.263963],[45.618349,37.192727],[45.600098,37.14975],[45.566835,37.123846],[45.512083,37.144451],[45.501781,37.130027],[45.462924,37.121196],[45.395809,37.196259],[45.356365,37.210683],[45.338408,37.251894],[45.31692,37.26514],[45.303085,37.336082],[45.282479,37.363458],[45.324279,37.390834],[45.292488,37.474728],[45.262168,37.504458],[45.282185,37.573634],[45.248627,37.604248],[45.262757,37.614845],[45.234792,37.669008],[45.262168,37.695795],[45.253043,37.760261],[45.220663,37.805887],[45.168855,37.838562],[45.1456,37.829731],[45.05994,37.857695],[45.047871,37.953953],[45.05994,37.987804],[45.091437,38.01518],[45.181218,38.038435],[45.199469,38.113498],[45.172681,38.165895],[45.140007,38.129982],[45.111454,38.159124],[45.05052,38.12645],[45.003716,38.13793],[45.003716,38.175609],[45.015197,38.172371],[45.033153,38.203279],[45.049343,38.207106],[45.047282,38.250377],[45.094086,38.268039],[45.361663,38.265978],[45.484707,38.165895],[45.502664,38.095542],[45.473816,38.042556],[45.486179,38.033431],[45.47676,38.003406],[45.487945,37.987804],[45.453799,37.973675],[45.467634,37.960134],[45.406112,37.900967],[45.421713,37.798234],[45.494127,37.727292],[45.517971,37.737595],[45.522092,37.761438],[45.64543,37.767326],[45.741982,37.711691],[45.755522,37.727292],[45.760527,37.699622],[45.796733,37.665181],[45.789669,37.641338],[45.659854,37.640455],[45.705186,37.613373],[45.725792,37.56392],[45.765825,37.53154],[45.792907,37.525947],[45.811452,37.479732],[45.857078,37.423508],[45.902116,37.400842]],[[45.542697,37.343736],[45.55771,37.340498],[45.529745,37.397016],[45.541225,37.417915],[45.529156,37.431751],[45.496776,37.43646],[45.508551,37.412028],[45.483824,37.400254],[45.532394,37.374055],[45.542697,37.343736]],[[45.652495,37.487091],[45.66633,37.480321],[45.663975,37.501809],[45.604219,37.507991],[45.589207,37.528302],[45.568601,37.512406],[45.563891,37.487091],[45.611578,37.459715],[45.652495,37.487091]]]},"properties":{"name":"Lake Urmia","nameZh":"尔米亚湖","rank":4}},{"type":"Feature","geometry":{"type":"Polygon","coordinates":[[[57.762341,41.889601],[57.886268,41.807473],[57.854771,41.775682],[57.853888,41.682663],[57.708472,41.658819],[57.664318,41.615842],[57.618397,41.595237],[57.558641,41.608189],[57.494469,41.575514],[57.435597,41.599358],[57.387615,41.555203],[57.352292,41.540485],[57.241611,41.612899],[57.228659,41.657053],[57.232191,41.706801],[57.162427,41.750072],[57.137111,41.796582],[57.117978,41.794227],[57.079416,41.720636],[57.074706,41.667356],[57.045564,41.693849],[57.033495,41.739475],[57.058222,41.796876],[57.072057,41.947002],[57.197162,42.240483],[57.229247,42.288464],[57.264571,42.31378],[57.364655,42.345277],[57.407043,42.344099],[57.453258,42.30436],[57.517724,42.292585],[57.613981,42.239894],[57.636942,42.194562],[57.645184,42.122149],[57.604562,42.113906],[57.597791,42.069752],[57.726723,42.008818],[57.723779,41.983503],[57.678447,41.954655],[57.680213,41.903142],[57.762341,41.889601]]]},"properties":{"name":"Sarygamysh Köli","nameZh":"薩雷卡梅什湖","rank":4}},{"type":"Feature","geometry":{"type":"Polygon","coordinates":[[[82.060922,45.909732],[82.143344,45.759017],[82.116557,45.750481],[82.005582,45.83408],[81.957895,45.846149],[81.74919,45.820245],[81.729762,45.844089],[81.670595,45.868226],[81.641747,45.916797],[81.537837,46.00069],[81.393599,46.037486],[81.376525,46.056914],[81.389772,46.121968],[81.381824,46.145812],[81.424212,46.16995],[81.411555,46.187317],[81.423624,46.229117],[81.416559,46.251783],[81.382707,46.265912],[81.416559,46.279159],[81.388889,46.295643],[81.387417,46.315954],[81.41126,46.38513],[81.562564,46.482564],[81.58258,46.456955],[81.639393,46.47079],[81.629679,46.443414],[81.720931,46.452539],[81.734178,46.430756],[81.773034,46.429873],[81.82337,46.403086],[81.855456,46.409268],[81.854867,46.387779],[81.914623,46.361286],[81.917567,46.333616],[81.958483,46.326257],[81.979972,46.249428],[82.047381,46.204685],[82.026776,46.080463],[82.050031,45.953592],[82.060922,45.909732]]]},"properties":{"name":"Alakol","nameZh":"阿拉湖","rank":4}},{"type":"Feature","geometry":{"type":"Polygon","coordinates":[[[-62.2193,-30.644369],[-62.20885,-30.724731],[-62.223127,-30.809802],[-62.247853,-30.837472],[-62.305696,-30.819222],[-62.495414,-30.847186],[-62.534711,-30.864554],[-62.620371,-30.847186],[-62.674976,-30.912829],[-62.736498,-30.943738],[-62.819656,-30.827169],[-62.853066,-30.81304],[-62.863074,-30.788608],[-62.895749,-30.800971],[-62.94373,-30.716194],[-63.00746,-30.710307],[-63.023061,-30.69706],[-62.90458,-30.642897],[-62.819656,-30.628474],[-62.791691,-30.601392],[-62.756956,-30.608163],[-62.699997,-30.594327],[-62.684248,-30.578726],[-62.695728,-30.54458],[-62.660846,-30.509551],[-62.626553,-30.525446],[-62.55826,-30.518676],[-62.54472,-30.545463],[-62.510573,-30.559592],[-62.376196,-30.571073],[-62.366482,-30.559592],[-62.441692,-30.5331],[-62.391503,-30.536043],[-62.270372,-30.587557],[-62.2193,-30.644369]]]},"properties":{"name":"Mar Chiquita","nameZh":"马契基塔湖","rank":4}},{"type":"Feature","geometry":{"type":"Polygon","coordinates":[[[33.430791,38.960383],[33.420488,38.940367],[33.434323,38.913285],[33.413718,38.867659],[33.426081,38.850586],[33.54677,38.752857],[33.555307,38.761099],[33.547359,38.803782],[33.578267,38.891797],[33.584154,38.846465],[33.629487,38.786414],[33.64391,38.731368],[33.686299,38.659543],[33.742817,38.638349],[33.711025,38.62157],[33.629487,38.615094],[33.598873,38.597432],[33.590042,38.550629],[33.541472,38.484397],[33.497906,38.528846],[33.354845,38.582714],[33.296561,38.638349],[33.153205,38.70723],[33.138487,38.738139],[33.20207,38.904749],[33.219437,38.92035],[33.322465,38.938306],[33.332473,38.95744],[33.332473,38.995413],[33.30392,39.049281],[33.317755,39.090787],[33.28302,39.131703],[33.338066,39.152309],[33.442271,39.044866],[33.47259,38.980989],[33.430791,38.960383]]]},"properties":{"name":"Lake Tuz","nameZh":"图兹湖","rank":4}},{"type":"Feature","geometry":{"type":"Polygon","coordinates":[[[43.131266,38.316903],[43.019113,38.316609],[42.994387,38.335448],[42.93522,38.343985],[42.953176,38.377542],[42.897835,38.405801],[42.9049,38.432883],[42.925211,38.418753],[42.939046,38.432883],[42.925211,38.453488],[42.870165,38.453488],[42.872226,38.471739],[42.891065,38.474094],[42.870165,38.494405],[42.876347,38.505885],[42.856624,38.4738],[42.801873,38.481453],[42.798046,38.456432],[42.773908,38.440242],[42.691781,38.43877],[42.663227,38.472328],[42.598761,38.485574],[42.575801,38.507946],[42.501327,38.47115],[42.474834,38.484102],[42.457172,38.516777],[42.40978,38.496171],[42.38417,38.507946],[42.327946,38.48734],[42.308224,38.487635],[42.299688,38.507651],[42.349729,38.528551],[42.39094,38.577121],[42.420082,38.581242],[42.410663,38.618038],[42.493968,38.624808],[42.472774,38.638349],[42.435389,38.703698],[42.438333,38.720771],[42.467769,38.736667],[42.600822,38.778466],[42.733286,38.803487],[42.809821,38.785531],[42.91638,38.796717],[42.956414,38.784354],[43.09241,38.804076],[43.175715,38.844404],[43.206918,38.891797],[43.137448,38.905926],[43.110072,38.877962],[43.143924,38.880316],[43.147751,38.865304],[43.1295,38.851763],[43.09712,38.858239],[43.072099,38.892974],[43.072099,38.930947],[43.16188,38.94802],[43.203385,38.940072],[43.271089,38.962444],[43.315538,38.954202],[43.308768,38.980989],[43.350567,38.967448],[43.353511,38.984816],[43.401492,39.001594],[43.59018,38.980989],[43.659061,38.946843],[43.644637,38.940072],[43.659061,38.932713],[43.534839,38.913285],[43.501282,38.871191],[43.428868,38.858828],[43.390012,38.822621],[43.369701,38.840872],[43.339087,38.845876],[43.308768,38.835573],[43.291989,38.779055],[43.219575,38.754917],[43.211039,38.720771],[43.176304,38.685742],[43.155993,38.637466],[43.08299,38.611856],[43.089761,38.604203],[43.123907,38.61951],[43.190728,38.620687],[43.216632,38.586835],[43.316127,38.542386],[43.325252,38.486457],[43.306413,38.439653],[43.267262,38.440242],[43.162469,38.382841],[43.147456,38.365474],[43.153049,38.326617],[43.131266,38.316903]]]},"properties":{"name":"Lake Van","nameZh":"凡湖","rank":4}},{"type":"Feature","geometry":{"type":"Polygon","coordinates":[[[37.963998,6.593281],[38.011097,6.622129],[38.024343,6.585039],[38.074385,6.55472],[38.091752,6.55943],[38.110297,6.586805],[38.138851,6.594459],[38.150036,6.550304],[38.136201,6.511154],[38.108531,6.487016],[38.122366,6.449926],[38.094402,6.449926],[38.083216,6.400179],[38.036118,6.370448],[38.00727,6.315107],[38.002854,6.255646],[37.938683,6.216495],[37.88452,6.144965],[37.862737,6.109936],[37.850079,6.049885],[37.836539,6.059011],[37.833301,6.089036],[37.813873,6.044292],[37.749996,6.022215],[37.727918,5.999843],[37.685235,6.010146],[37.694361,6.09404],[37.707313,6.117],[37.827708,6.200011],[37.827708,6.188825],[37.849785,6.183527],[37.844486,6.144376],[37.875689,6.198539],[37.87775,6.261239],[37.896589,6.275663],[37.8542,6.447277],[37.872157,6.511154],[37.906597,6.515569],[37.963998,6.593281]]]},"properties":{"name":"Lake Abaya","nameZh":"阿拜亞湖","rank":5}},{"type":"Feature","geometry":{"type":"Polygon","coordinates":[[[35.511062,31.199473],[35.531079,31.169742],[35.503703,31.139129],[35.517832,31.110281],[35.485452,31.088498],[35.459254,31.087321],[35.400675,31.100861],[35.358581,31.210365],[35.369767,31.235386],[35.400675,31.230381],[35.421281,31.251576],[35.475738,31.210659],[35.511062,31.199473]]]},"properties":{"name":"Dead Sea","nameZh":"死海","rank":5}},{"type":"Feature","geometry":{"type":"MultiPolygon","coordinates":[[[[46.687185,30.750568],[46.748707,30.758221],[46.769901,30.743798],[46.756066,30.743798],[46.762248,30.724075],[46.687185,30.750568]]],[[[47.571749,30.730257],[47.62444,30.704647],[47.633271,30.68257],[47.540841,30.661964],[47.530244,30.676094],[47.475492,30.648129],[47.427805,30.648129],[47.404256,30.657843],[47.388949,30.700232],[47.190842,30.709651],[47.091936,30.737616],[47.104888,30.755278],[47.095468,30.764403],[47.005392,30.741737],[46.99038,30.732906],[47.002743,30.724075],[46.985081,30.71966],[46.968303,30.730257],[46.982138,30.750568],[46.934451,30.758221],[46.926797,30.792368],[46.908252,30.797372],[46.844964,30.764403],[46.906486,30.743798],[46.910018,30.729374],[46.858505,30.709651],[46.82848,30.71495],[46.790212,30.743798],[46.851734,30.784714],[46.796688,30.784714],[46.782853,30.799138],[46.804047,30.827103],[46.716033,30.810324],[46.69425,30.819449],[46.735166,30.846825],[46.72663,30.864193],[46.680414,30.888625],[46.774905,30.904226],[46.796688,30.928953],[46.789918,30.908053],[46.804342,30.895395],[46.806991,30.924243],[46.831129,30.932191],[46.845258,30.911291],[46.900304,30.915118],[46.900304,30.88156],[46.906486,30.902165],[46.968303,30.874201],[46.961532,30.86066],[47.030413,30.819449],[47.023643,30.812679],[47.04366,30.807086],[47.088698,30.840055],[47.11313,30.837111],[47.122255,30.830635],[47.091936,30.819449],[47.192314,30.809441],[47.22175,30.778533],[47.205854,30.773528],[47.207621,30.757633],[47.269437,30.758221],[47.31212,30.744092],[47.340673,30.749979],[47.403667,30.819449],[47.503457,30.812679],[47.514642,30.799138],[47.482557,30.775883],[47.437519,30.758221],[47.379529,30.758221],[47.398074,30.734378],[47.52053,30.743798],[47.540841,30.730257],[47.582052,30.735555],[47.599125,30.730257],[47.571749,30.730257]]]]},"properties":{"name":"Lake Hammar","nameZh":"哈马尔湖","rank":5}},{"type":"Feature","geometry":{"type":"MultiPolygon","coordinates":[[[[92.916528,49.329043],[92.915599,49.329065],[92.916482,49.329065],[92.916528,49.329043]]],[[[93.658574,49.218679],[93.806639,49.157157],[93.811938,49.121539],[93.786328,49.102111],[93.699197,49.082683],[93.580273,49.033818],[93.553486,49.042944],[93.478718,49.036173],[93.429559,49.006442],[93.429559,48.979067],[93.368037,48.951691],[93.334774,48.983482],[93.315934,49.062666],[93.281199,49.10947],[93.136667,49.106821],[93.114001,49.115651],[93.080737,49.163633],[92.869973,49.210437],[92.826701,49.233103],[92.80639,49.266955],[92.815221,49.294625],[92.879098,49.327005],[92.951806,49.325239],[92.990662,49.308166],[93.015389,49.322001],[93.086625,49.320235],[93.135784,49.339663],[93.192301,49.301101],[93.29945,49.293742],[93.36892,49.272842],[93.423966,49.237224],[93.4431,49.184533],[93.458701,49.211025],[93.485783,49.219562],[93.588516,49.206021],[93.656514,49.143616],[93.635614,49.205727],[93.658574,49.218679]]]]},"properties":{"name":"Khyargas Nuur","nameZh":"吉爾吉斯湖","rank":5}},{"type":"Feature","geometry":{"type":"Polygon","coordinates":[[[42.422143,11.711096],[42.44893,11.674595],[42.411252,11.624553],[42.384464,11.692257],[42.422143,11.711096]]]},"properties":{"name":"Lake Assal","nameZh":"阿萨勒湖","rank":5}},{"type":"Feature","geometry":{"type":"Polygon","coordinates":[[[176.079647,-38.711124],[176.073169,-38.801893],[176.044616,-38.809031],[176.001052,-38.870964],[175.912742,-38.908937],[175.861523,-38.909231],[175.861873,-38.93895],[175.851515,-38.944849],[175.753209,-38.952297],[175.781923,-38.864711],[175.814425,-38.832402],[175.817074,-38.795901],[175.79323,-38.782654],[175.746721,-38.796784],[175.746232,-38.724798],[175.801767,-38.674034],[175.859462,-38.661671],[175.87212,-38.681099],[175.898613,-38.65961],[175.921868,-38.663437],[175.910414,-38.691962],[175.925737,-38.698735],[175.963868,-38.681958],[175.966094,-38.706238],[176.008116,-38.728491],[176.066106,-38.695817],[176.079647,-38.711124]]]},"properties":{"name":"Lake Taupo","nameZh":"陶波湖","rank":4}},{"type":"Feature","geometry":{"type":"Polygon","coordinates":[[[170.559007,-43.785864],[170.54354,-43.957185],[170.517695,-43.964267],[170.49387,-44.001366],[170.466208,-44.002395],[170.50651,-43.948372],[170.491192,-43.944098],[170.487623,-43.917924],[170.50651,-43.880374],[170.510228,-43.807279],[170.518578,-43.79177],[170.559007,-43.785864]]]},"properties":{"name":"Lake Tekapo","nameZh":"特卡波湖","rank":5}},{"type":"Feature","geometry":{"type":"Polygon","coordinates":[[[167.952253,-45.01346],[167.952253,-45.019347],[167.951959,-45.014049],[167.952253,-45.01346]]]},"properties":{"name":"Lake Te Anau","nameZh":"蒂阿瑙湖","rank":5}},{"type":"Feature","geometry":{"type":"Polygon","coordinates":[[[168.780377,-45.236237],[168.805124,-45.281923],[168.785885,-45.322368],[168.756169,-45.329869],[168.768004,-45.283826],[168.738198,-45.185194],[168.755631,-45.143914],[168.726126,-45.106794],[168.724657,-45.078634],[168.706407,-45.073925],[168.598586,-45.10965],[168.518014,-45.113075],[168.471999,-45.089662],[168.441542,-45.053494],[168.422051,-44.990914],[168.395853,-44.965893],[168.395558,-44.848147],[168.417016,-44.847818],[168.455903,-44.899367],[168.495936,-45.038012],[168.533909,-45.073042],[168.579307,-45.07051],[168.758486,-45.016375],[168.765574,-45.025355],[168.748795,-45.059206],[168.802664,-45.116607],[168.780377,-45.236237]]]},"properties":{"name":"Lake Wakatipu","nameZh":"瓦卡蒂普湖","rank":5}},{"type":"Feature","geometry":{"type":"Polygon","coordinates":[[[170.202113,-44.034688],[170.217714,-44.061475],[170.216364,-44.160629],[170.198518,-44.178475],[170.141411,-44.179665],[170.121186,-44.168957],[170.122375,-44.148732],[170.142991,-44.134975],[170.141768,-43.94844],[170.125945,-43.927442],[170.129514,-43.909596],[170.181862,-43.900078],[170.202113,-44.034688]]]},"properties":{"name":"Lake Pukaki","nameZh":"普卡基湖","rank":5}},{"type":"Feature","geometry":{"type":"Polygon","coordinates":[[[167.572771,-45.476681],[167.657004,-45.48382],[167.632733,-45.492386],[167.659383,-45.550445],[167.631306,-45.565197],[167.618457,-45.558059],[167.623569,-45.541031],[167.584418,-45.529846],[167.597665,-45.543386],[167.565633,-45.572812],[167.543266,-45.541879],[167.486635,-45.521415],[167.414775,-45.579474],[167.453798,-45.50238],[167.322452,-45.514753],[167.393836,-45.488579],[167.405733,-45.477157],[167.402878,-45.454315],[167.415727,-45.44908],[167.421437,-45.486199],[167.475209,-45.481275],[167.560398,-45.494289],[167.572771,-45.476681]]]},"properties":{"name":"Lake Manapouri","nameZh":"马纳普里湖","rank":5}},{"type":"Feature","geometry":{"type":"Polygon","coordinates":[[[167.888288,-44.940827],[167.951581,-44.933213],[167.959196,-44.943206],[167.934925,-44.951296],[167.949202,-44.997934],[167.906371,-45.068366],[167.884903,-45.133198],[167.864493,-45.148316],[167.850692,-45.22541],[167.831181,-45.28918],[167.796916,-45.345811],[167.793585,-45.383882],[167.750268,-45.403334],[167.747215,-45.437665],[167.716895,-45.437665],[167.729815,-45.35295],[167.581193,-45.352005],[167.532796,-45.301553],[167.498532,-45.308692],[167.522802,-45.287752],[167.540886,-45.28918],[167.609415,-45.333438],[167.761689,-45.332902],[167.766054,-45.282535],[167.739333,-45.219224],[167.67539,-45.181568],[167.646534,-45.145461],[167.624167,-45.155454],[167.540886,-45.144985],[167.606084,-45.143081],[167.630354,-45.130708],[167.61465,-45.095492],[167.697455,-45.157358],[167.761224,-45.177821],[167.802529,-45.171095],[167.835464,-45.144985],[167.83729,-45.118868],[167.758369,-45.042668],[167.826897,-45.09454],[167.848313,-45.097395],[167.880673,-45.037433],[167.924931,-44.995079],[167.888288,-44.940827]]]},"properties":{"name":"Lake Te Anau","nameZh":"蒂阿瑙湖","rank":5}},{"type":"Feature","geometry":{"type":"Polygon","coordinates":[[[169.121455,-44.696424],[169.07577,-44.65645],[169.034367,-44.659305],[169.021518,-44.672154],[169.024373,-44.646456],[169.058637,-44.627896],[169.008669,-44.632179],[169.011524,-44.616475],[169.050071,-44.592204],[169.052927,-44.545091],[169.115744,-44.506543],[169.125738,-44.386619],[169.164285,-44.31809],[169.184273,-44.31809],[169.171424,-44.356637],[169.187128,-44.380908],[169.162858,-44.487984],[169.138587,-44.536525],[169.085763,-44.580783],[169.097185,-44.640745],[169.138587,-44.630751],[169.157147,-44.653594],[169.128594,-44.66216],[169.121455,-44.696424]]]},"properties":{"name":"Lake Wanaka","nameZh":"瓦纳卡湖","rank":5}},{"type":"Feature","geometry":{"type":"Polygon","coordinates":[[[169.207116,-44.439443],[169.301342,-44.436587],[169.351311,-44.415172],[169.388431,-44.386619],[169.414129,-44.319518],[169.449821,-44.286681],[169.415557,-44.393757],[169.359877,-44.433732],[169.358449,-44.450864],[169.309908,-44.47799],[169.308481,-44.596487],[169.251374,-44.607909],[169.242808,-44.553657],[169.252801,-44.458002],[169.207116,-44.439443]]]},"properties":{"name":"Lake Hawea","nameZh":"哈威亞湖","rank":5}},{"type":"Feature","geometry":{"type":"Polygon","coordinates":[[[-84.177541,46.351859],[-84.224528,46.355398],[-84.280145,46.459477],[-84.336054,46.506791],[-84.405267,46.512455],[-84.490141,46.446469],[-84.49383,46.480504],[-84.467572,46.484696],[-84.473554,46.498857],[-84.454584,46.512699],[-84.412958,46.52454],[-84.353143,46.532963],[-84.30224,46.519291],[-84.179681,46.552812],[-84.115521,46.54224],[-84.072748,46.493534],[-84.099359,46.419267],[-84.117304,46.409428],[-84.113886,46.370927],[-84.083343,46.344801],[-84.117194,46.347157],[-84.177728,46.423222],[-84.173456,46.465043],[-84.123456,46.525468],[-84.199213,46.547245],[-84.277387,46.482499],[-84.240155,46.460649],[-84.219721,46.39644],[-84.173212,46.365434],[-84.177541,46.351859]]]},"properties":{"name":"St. Marys River","nameZh":"圣玛丽斯河","rank":3}},{"type":"Feature","geometry":{"type":"Polygon","coordinates":[[[58.312075,45.06201],[58.37249,45.130523],[58.386478,45.202673],[58.410037,45.23433],[58.417007,45.290684],[58.469119,45.348444],[58.549367,45.40771],[58.57403,45.532132],[58.604361,45.57914],[58.638358,45.590201],[58.652714,45.721985],[58.711704,45.834903],[58.745938,45.851468],[58.838334,45.834166],[58.81367,45.881653],[58.822505,45.903371],[58.849377,45.918096],[58.989259,45.898218],[59.017236,45.907788],[59.059936,45.894536],[59.079078,45.943495],[59.149019,45.946808],[59.179204,45.925826],[59.240311,45.993926],[59.302889,46.002393],[59.301417,45.95822],[59.243992,45.892328],[59.172578,45.874843],[59.104846,45.896745],[59.077883,45.878081],[59.045212,45.875027],[58.986656,45.819603],[58.914165,45.794779],[58.901649,45.689315],[58.869437,45.596097],[58.766184,45.562685],[58.735263,45.506732],[58.671948,45.459614],[58.638082,45.353598],[58.629247,45.263779],[58.663113,45.204881],[58.682255,45.129787],[58.643971,45.072362],[58.54679,45.007574],[58.588019,44.989905],[58.588019,44.950149],[58.567036,44.915178],[58.622989,44.854808],[58.624462,44.817997],[58.595013,44.772352],[58.562619,44.772352],[58.578816,44.756155],[58.524336,44.569155],[58.483107,44.504367],[58.416847,44.443997],[58.364275,44.42472],[58.260032,44.431481],[58.235001,44.46093],[58.236776,44.524463],[58.262241,44.557375],[58.302733,44.56032],[58.321139,44.603021],[58.237946,44.765726],[58.221012,44.84671],[58.236509,44.908195],[58.281383,44.963769],[58.312075,45.06201]]]},"properties":{"name":"South Aral Sea","nameZh":"南咸海","rank":0}},{"type":"Feature","geometry":{"type":"Polygon","coordinates":[[[60.782878,46.085954],[60.752342,46.117724],[60.807538,46.158764],[60.824808,46.201046],[60.722416,46.374185],[60.705814,46.375191],[60.66499,46.327066],[60.637014,46.329275],[60.634805,46.318232],[60.615664,46.327803],[60.579589,46.2932],[60.471364,46.330747],[60.348415,46.402897],[60.287309,46.382283],[60.196754,46.374921],[60.169882,46.354675],[60.133439,46.356515],[59.988403,46.437868],[59.97736,46.481305],[60.001655,46.57186],[60.03635,46.601125],[60.115861,46.619162],[60.237338,46.695729],[60.286665,46.700146],[60.332942,46.669227],[60.367649,46.616953],[60.410868,46.482523],[60.453921,46.573614],[60.459309,46.627537],[60.476978,46.618426],[60.472929,46.606094],[60.580049,46.563025],[60.670604,46.589161],[60.765577,46.642537],[60.635265,46.715423],[60.525568,46.750762],[60.524832,46.777266],[60.580049,46.783892],[60.810767,46.747149],[60.819321,46.712478],[60.794289,46.663887],[60.776068,46.581431],[60.839383,46.508545],[60.892391,46.473206],[61.133871,46.449647],[61.226635,46.468053],[61.267127,46.49971],[61.267863,46.513698],[61.230316,46.547565],[61.236206,46.569651],[61.206021,46.570387],[61.206757,46.579958],[61.296576,46.61088],[61.314981,46.647691],[61.366517,46.649163],[61.409218,46.672722],[61.426887,46.657998],[61.456336,46.672722],[61.528486,46.677139],[61.506399,46.638856],[61.453391,46.602045],[61.450446,46.584376],[61.326761,46.498974],[61.310564,46.475415],[61.279643,46.479832],[61.276985,46.429339],[61.296576,46.409155],[61.300257,46.38486],[61.290256,46.386439],[61.280379,46.329643],[61.217064,46.236879],[61.165713,46.215529],[61.120067,46.217001],[61.095035,46.19197],[60.976685,46.16988],[60.946319,46.140434],[60.868279,46.112458],[60.862482,46.090003],[60.782878,46.085954]]]},"properties":{"name":"North Aral Sea","nameZh":"北咸海","rank":0}},{"type":"Feature","geometry":{"type":"Polygon","coordinates":[[[-63.147287,54.05361],[-63.065454,53.995325],[-63.147279,53.98679],[-63.15611,53.980901],[-63.134334,53.961476],[-63.200707,53.949993],[-63.263994,53.961472],[-63.248395,53.972364],[-63.2587,53.992088],[-63.455779,54.015933],[-63.483156,53.995326],[-63.605702,53.98449],[-63.603395,53.971774],[-63.459459,53.955588],[-63.353922,53.912903],[-63.593098,53.940868],[-63.710546,53.908195],[-63.798417,53.912904],[-63.77104,53.871987],[-63.715843,53.857563],[-63.791647,53.84579],[-63.955755,53.85521],[-64.103822,53.844613],[-64.113384,53.847555],[-64.114414,53.899361],[-64.163132,53.942634],[-64.123687,53.969127],[-64.14782,53.989144],[-64.135609,54.009455],[-64.152092,54.029471],[-64.298687,54.022701],[-64.335629,54.051845],[-64.493359,54.06962],[-64.526307,54.054851],[-64.5997,54.050908],[-64.584842,54.028147],[-64.480898,53.987173],[-64.609029,53.963793],[-64.568595,53.938874],[-64.501929,53.933656],[-64.532982,53.909882],[-64.620368,53.930569],[-64.635427,53.906958],[-64.763781,53.914377],[-64.836784,53.940869],[-64.922449,53.926446],[-64.998242,53.892298],[-64.992358,53.874637],[-65.006047,53.870808],[-65.121146,53.885529],[-65.106866,53.871988],[-65.115254,53.865511],[-65.169565,53.851383],[-65.082585,53.81959],[-65.039161,53.790153],[-65.065215,53.783678],[-65.216665,53.837842],[-65.285543,53.83784],[-65.244627,53.8243],[-65.224754,53.795159],[-65.327197,53.762189],[-65.32822,53.741879],[-65.236832,53.686244],[-65.155292,53.694489],[-65.199588,53.656218],[-65.191201,53.642088],[-65.216669,53.621777],[-65.211068,53.609414],[-65.169563,53.618247],[-65.160738,53.590871],[-65.169561,53.562903],[-65.080222,53.519338],[-65.100829,53.497557],[-65.123934,53.497261],[-65.232264,53.599699],[-65.236388,53.580565],[-65.217542,53.543771],[-65.279949,53.505798],[-65.282303,53.491668],[-65.001042,53.475479],[-64.962478,53.455462],[-64.966453,53.434266],[-65.003246,53.424552],[-65.121579,53.432206],[-65.265088,53.471358],[-65.401962,53.457523],[-65.444797,53.496969],[-65.594034,53.516394],[-65.566815,53.543478],[-65.595359,53.551425],[-65.60243,53.566437],[-65.586093,53.572031],[-65.463041,53.533466],[-65.379002,53.530817],[-65.364141,53.537886],[-65.371202,53.553191],[-65.43096,53.599408],[-65.366791,53.600289],[-65.354425,53.570262],[-65.339416,53.570561],[-65.293046,53.604409],[-65.341772,53.639736],[-65.327199,53.659751],[-65.46143,53.739819],[-65.450596,53.749205],[-65.318809,53.68183],[-65.337944,53.720096],[-65.416683,53.778673],[-65.299965,53.783091],[-65.321463,53.821945],[-65.287902,53.858448],[-65.306005,53.871988],[-65.313509,53.906134],[-65.365319,53.948818],[-65.404904,53.954996],[-65.38018,53.923795],[-65.395049,53.916141],[-65.38489,53.88906],[-65.404322,53.88023],[-65.424193,53.887588],[-65.564745,53.97001],[-65.580494,53.992379],[-65.560481,53.993854],[-65.443177,53.926446],[-65.448028,53.951464],[-65.428898,53.967657],[-65.487622,54.028],[-65.50838,54.036538],[-65.533989,54.021819],[-65.543998,54.049197],[-65.587264,54.056847],[-65.665718,54.125141],[-65.747841,54.122491],[-65.758584,54.10483],[-65.730619,54.077452],[-65.767712,54.088934],[-66.026459,54.294107],[-66.080914,54.309413],[-66.101224,54.351798],[-66.123593,54.341793],[-66.186739,54.377703],[-66.204251,54.413911],[-66.222797,54.405078],[-66.266661,54.423628],[-66.279322,54.440994],[-66.251644,54.43128],[-66.239874,54.444819],[-66.243547,54.464834],[-66.366887,54.55226],[-66.477867,54.595535],[-66.440482,54.532246],[-66.437533,54.505752],[-66.361883,54.426864],[-66.176877,54.34503],[-66.426938,54.39566],[-66.451226,54.392128],[-66.477861,54.365341],[-66.464324,54.331782],[-66.477867,54.331784],[-66.445379,54.310615],[-66.338045,54.283804],[-66.320235,54.262902],[-66.327001,54.255248],[-66.358208,54.269087],[-66.382341,54.248774],[-66.39957,54.272618],[-66.464325,54.290277],[-66.370127,54.20138],[-66.325973,54.19932],[-66.308753,54.166938],[-66.303161,54.115425],[-66.329945,54.127496],[-66.361591,54.187251],[-66.403391,54.192549],[-66.425323,54.219926],[-66.468596,54.23435],[-66.477862,54.262902],[-66.505237,54.283509],[-66.505242,54.317655],[-66.553662,54.372114],[-66.559847,54.399487],[-66.594579,54.420092],[-66.587807,54.433635],[-66.464325,54.398311],[-66.460641,54.41597],[-66.5257,54.440993],[-66.564556,54.478672],[-66.622545,54.468367],[-66.612978,54.492211],[-66.620929,54.535486],[-66.601497,54.542843],[-66.490966,54.509286],[-66.525991,54.53313],[-66.681862,54.586114],[-66.704526,54.605542],[-66.663606,54.601127],[-66.546153,54.550497],[-66.561609,54.568746],[-66.643003,54.598184],[-66.661257,54.619965],[-66.635786,54.626147],[-66.600767,54.605544],[-66.62902,54.650284],[-66.621516,54.661178],[-66.549984,54.613196],[-66.528493,54.609959],[-66.515694,54.647047],[-66.484785,54.63969],[-66.546154,54.687671],[-66.477862,54.680015],[-66.546159,54.735358],[-66.512017,54.735356],[-66.540122,54.797467],[-66.522757,54.793934],[-66.518934,54.81101],[-66.457404,54.790108],[-66.458284,54.760379],[-66.435181,54.750663],[-66.416487,54.762734],[-66.348049,54.737713],[-66.327736,54.742127],[-66.608414,54.90491],[-66.615041,54.927872],[-66.677144,54.981739],[-66.577949,54.937587],[-66.546158,54.940822],[-66.574125,54.9682],[-66.535272,54.959076],[-66.533209,54.968201],[-66.6561,55.057979],[-66.571177,55.021187],[-66.546158,55.03031],[-66.594579,55.064162],[-66.587814,55.078587],[-66.468445,54.991162],[-66.423412,54.975558],[-66.59149,55.10302],[-66.558669,55.110673],[-66.534236,55.081233],[-66.515545,55.082119],[-66.540127,55.125685],[-66.497887,55.098016],[-66.441515,55.026483],[-66.381905,55.018535],[-66.357616,54.990866],[-66.298747,54.97497],[-66.310081,54.95142],[-66.340692,54.938469],[-66.416492,54.954365],[-66.327741,54.907268],[-66.341424,54.894607],[-66.333922,54.886072],[-66.389409,54.885187],[-66.437541,54.920218],[-66.443722,54.913449],[-66.416497,54.879302],[-66.457404,54.893137],[-66.43239,54.869589],[-66.378664,54.856929],[-66.376309,54.834852],[-66.396621,54.817779],[-66.382345,54.803648],[-66.505238,54.88607],[-66.487581,54.896669],[-66.508627,54.91698],[-66.55366,54.907266],[-66.498174,54.850747],[-66.357334,54.77834],[-66.299773,54.728587],[-66.354379,54.701212],[-66.430182,54.728588],[-66.344231,54.689142],[-66.327738,54.667064],[-66.394558,54.67148],[-66.396617,54.659706],[-66.357175,54.649403],[-66.313461,54.659706],[-66.218086,54.600833],[-66.199545,54.56021],[-66.176879,54.550495],[-66.169521,54.561683],[-66.154211,54.557562],[-66.14347,54.543137],[-66.149503,54.523709],[-66.11491,54.488384],[-66.204255,54.516351],[-66.285942,54.594063],[-66.457409,54.646459],[-66.439012,54.617906],[-66.282996,54.526949],[-66.238398,54.488386],[-66.159509,54.464835],[-66.063698,54.39213],[-66.039707,54.331784],[-66.036611,54.353862],[-65.977593,54.345032],[-65.98363,54.316479],[-65.932264,54.25878],[-65.902533,54.248776],[-65.898559,54.30235],[-65.916807,54.317654],[-65.883103,54.315299],[-65.803324,54.173711],[-65.676017,54.145747],[-65.672631,54.158402],[-65.697067,54.18725],[-65.658798,54.181952],[-65.632156,54.128967],[-65.563572,54.077454],[-65.457016,54.047722],[-65.360749,53.967656],[-65.360463,53.987377],[-65.422718,54.043897],[-65.397112,54.045661],[-65.445186,54.085212],[-65.441082,54.118553],[-65.430423,54.13282],[-65.352051,54.114954],[-65.380812,54.130407],[-65.38397,54.145031],[-65.360671,54.150538],[-65.30513,54.1217],[-65.293275,54.146216],[-65.238297,54.159559],[-65.271113,54.197124],[-65.296475,54.20774],[-65.296572,54.224464],[-65.226546,54.214076],[-65.208676,54.23158],[-65.188757,54.19907],[-65.197637,54.187325],[-65.078141,54.107501],[-65.011716,54.103174],[-65.032248,54.125388],[-64.947168,54.094086],[-64.849431,54.088002],[-64.899635,54.12367],[-64.957333,54.132499],[-64.991324,54.159286],[-64.994119,54.195196],[-65.024888,54.231703],[-65.005016,54.262901],[-65.010608,54.283509],[-65.083174,54.368579],[-65.128504,54.392131],[-65.125116,54.454239],[-65.272,54.454828],[-65.280834,54.440404],[-65.319693,54.475139],[-65.268912,54.474845],[-65.258314,54.488387],[-65.280687,54.641446],[-65.265083,54.659705],[-65.196205,54.632919],[-65.172213,54.634096],[-65.152199,54.667064],[-65.127324,54.656466],[-65.144691,54.599067],[-65.134676,54.570807],[-65.15499,54.567571],[-65.196206,54.611723],[-65.227114,54.607015],[-65.241236,54.598182],[-65.230793,54.59259],[-65.23006,54.540489],[-65.183551,54.538724],[-65.151164,54.49398],[-65.134685,54.52371],[-65.102743,54.50134],[-65.08023,54.47514],[-65.110548,54.439521],[-65.10069,54.392129],[-65.015317,54.337966],[-64.945848,54.31206],[-64.953204,54.29499],[-64.98809,54.308235],[-64.97808,54.250542],[-64.991327,54.242592],[-64.930102,54.163114],[-64.867836,54.139563],[-64.884921,54.153988],[-64.881529,54.173711],[-64.791601,54.159874],[-64.748183,54.125142],[-64.716514,54.12216],[-64.681805,54.143884],[-64.648425,54.12872],[-64.614391,54.131027],[-64.625729,54.160466],[-64.693042,54.184936],[-64.78173,54.255606],[-64.767976,54.276096],[-64.746976,54.280917],[-64.759212,54.305909],[-64.721506,54.314553],[-64.712702,54.337107],[-64.609198,54.280225],[-64.577793,54.281347],[-64.67049,54.335079],[-64.616554,54.333691],[-64.556254,54.362698],[-64.53385,54.335199],[-64.560501,54.306211],[-64.536681,54.287083],[-64.549229,54.27095],[-64.543472,54.228315],[-64.519365,54.22247],[-64.496613,54.232632],[-64.504744,54.262905],[-64.496351,54.277914],[-64.426887,54.290868],[-64.420993,54.300286],[-64.441066,54.342888],[-64.412906,54.366226],[-64.394948,54.358573],[-64.395383,54.383884],[-64.380666,54.399486],[-64.43586,54.423329],[-64.435863,54.471901],[-64.386116,54.518707],[-64.373749,54.576697],[-64.342103,54.629384],[-64.34711,54.646459],[-64.394944,54.683844],[-64.376985,54.700327],[-64.378461,54.717106],[-64.446458,54.759789],[-64.457049,54.776862],[-64.445574,54.788932],[-64.412021,54.759496],[-64.374488,54.748898],[-64.339752,54.70121],[-64.291327,54.686199],[-64.251589,54.636157],[-64.251593,54.619379],[-64.296481,54.621144],[-64.305451,54.581405],[-64.350499,54.564627],[-64.374491,54.523712],[-64.364922,54.498688],[-64.298692,54.498982],[-64.281614,54.457771],[-64.24055,54.414204],[-64.205048,54.416882],[-64.185993,54.433176],[-64.147261,54.421947],[-64.1224,54.401003],[-64.143407,54.380648],[-64.115393,54.32854],[-64.127516,54.310296],[-64.106468,54.292338],[-64.02258,54.292341],[-63.969735,54.255545],[-63.928081,54.252602],[-63.888344,54.170178],[-63.843456,54.149278],[-63.825787,54.11837],[-63.77663,54.082459],[-63.654621,54.053906],[-63.548653,54.050081],[-63.527304,54.060675],[-63.520981,54.071273],[-63.74381,54.118368],[-63.682292,54.124847],[-63.642343,54.1476],[-63.64787,54.155986],[-63.626445,54.182697],[-63.539097,54.208624],[-63.599123,54.230698],[-63.601159,54.263709],[-63.632023,54.268696],[-63.678604,54.233678],[-63.701994,54.242145],[-63.738606,54.290944],[-63.596023,54.29937],[-63.564635,54.319815],[-63.450566,54.344602],[-63.413489,54.374998],[-63.271546,54.425158],[-63.234305,54.419041],[-63.24654,54.396566],[-63.301506,54.367129],[-63.311497,54.348683],[-63.279094,54.340487],[-63.309238,54.321224],[-63.242391,54.301109],[-63.270577,54.280454],[-63.259183,54.262949],[-63.095012,54.241858],[-63.183162,54.222446],[-63.194788,54.200988],[-63.234728,54.194775],[-63.238961,54.170713],[-63.214497,54.142863],[-63.184642,54.14052],[-63.180692,54.124846],[-63.202473,54.112189],[-63.113837,54.095565],[-63.141245,54.084798],[-63.147287,54.05361]],[[-65.158588,54.096425],[-65.1323,54.112091],[-65.174724,54.149424],[-65.19363,54.124376],[-65.158588,54.096425]],[[-64.837999,54.140399],[-64.829588,54.099514],[-64.773502,54.10395],[-64.785486,54.121338],[-64.837999,54.140399]],[[-64.880111,54.054522],[-64.792149,54.050512],[-64.803483,54.064766],[-64.880111,54.054522]],[[-64.573031,54.187852],[-64.533361,54.170682],[-64.495745,54.201049],[-64.528142,54.202523],[-64.573031,54.187852]],[[-64.558927,53.997944],[-64.642773,54.017246],[-64.642483,54.002811],[-64.558927,53.997944]],[[-64.651436,54.058948],[-64.5252,54.090995],[-64.523731,54.115134],[-64.511516,54.120431],[-64.551398,54.131911],[-64.604456,54.104133],[-64.663848,54.113956],[-64.711234,54.098354],[-64.711681,54.088641],[-64.681955,54.08476],[-64.677857,54.067257],[-64.651436,54.058948]],[[-64.400876,54.312235],[-64.299139,54.293689],[-64.297635,54.308589],[-64.319778,54.318066],[-64.298017,54.324971],[-64.315993,54.351459],[-64.338938,54.337861],[-64.40626,54.333794],[-64.400876,54.312235]],[[-64.329631,54.215794],[-64.252018,54.24334],[-64.36029,54.258023],[-64.404014,54.197919],[-64.33108,54.180104],[-64.329631,54.215794]],[[-64.31225,54.163869],[-64.279929,54.151884],[-64.224012,54.171322],[-64.177213,54.159825],[-64.158571,54.19888],[-64.192912,54.221284],[-64.238813,54.228482],[-64.285352,54.212527],[-64.27902,54.184227],[-64.31225,54.163869]],[[-64.163499,54.077329],[-64.161299,54.112856],[-64.234516,54.104689],[-64.289955,54.116024],[-64.250285,54.053318],[-64.191075,54.051839],[-64.215852,54.075964],[-64.163499,54.077329]],[[-63.665363,54.012399],[-63.602825,54.013434],[-63.676693,54.031824],[-63.665363,54.012399]],[[-63.246838,54.08797],[-63.263993,54.077452],[-63.198517,54.068136],[-63.197989,54.08137],[-63.246838,54.08797]],[[-63.31474,54.106398],[-63.353367,54.131968],[-63.391388,54.130497],[-63.44006,54.117146],[-63.4491,54.100168],[-63.389328,54.087491],[-63.31474,54.106398]],[[-63.382266,54.248522],[-63.376898,54.240312],[-63.399579,54.227189],[-63.33524,54.21618],[-63.238014,54.23673],[-63.271468,54.249151],[-63.320318,54.243372],[-63.304632,54.272713],[-63.340804,54.273682],[-63.382266,54.248522]],[[-63.542955,54.240662],[-63.432642,54.22502],[-63.414167,54.247813],[-63.419665,54.25621],[-63.387291,54.263227],[-63.370741,54.283585],[-63.510227,54.276092],[-63.542955,54.240662]],[[-63.499673,54.115374],[-63.431502,54.151735],[-63.457228,54.155938],[-63.335639,54.172557],[-63.446752,54.177192],[-63.511275,54.198707],[-63.593551,54.165111],[-63.525655,54.164965],[-63.59909,54.140392],[-63.545382,54.108069],[-63.499673,54.115374]],[[-63.217926,54.010632],[-63.188935,54.036539],[-63.418538,54.063911],[-63.558656,54.029764],[-63.527298,54.017993],[-63.456658,54.028294],[-63.217926,54.010632]]]},"properties":{"name":"Smallwood Reservoir","nameZh":"斯莫尔伍德水库","rank":4}},{"type":"Feature","geometry":{"type":"Polygon","coordinates":[[[-79.698618,9.118783],[-79.64687,9.156138],[-79.652946,9.136154],[-79.692313,9.103913],[-79.764727,9.095671],[-79.792986,9.103619],[-79.806673,9.083013],[-79.799167,9.061819],[-79.813444,9.069473],[-79.82095,9.035326],[-79.834638,9.048867],[-79.841408,9.035326],[-79.861867,9.055049],[-79.874819,9.048867],[-79.869815,9.059464],[-79.861867,9.069473],[-79.85436,9.055049],[-79.834638,9.061819],[-79.798431,9.100675],[-79.82095,9.12393],[-79.865399,9.115099],[-79.868048,9.145124],[-79.889095,9.165141],[-79.902783,9.145124],[-79.90558,9.158665],[-79.923389,9.161314],[-79.928246,9.137471],[-79.902783,9.075654],[-79.939726,9.08007],[-79.936341,9.061819],[-79.957388,9.083013],[-79.938856,9.020423],[-79.953212,9.002614],[-79.967543,9.036798],[-79.977993,9.007362],[-80.005222,9.069473],[-80.02568,9.069473],[-80.031126,9.054754],[-80.005222,9.014132],[-80.033187,9.035326],[-80.031568,9.0106],[-80.046139,9.035326],[-80.074103,9.007362],[-80.087791,9.028556],[-80.020971,9.098909],[-80.005222,9.09626],[-79.976522,9.121869],[-79.968427,9.115099],[-79.950029,9.145124],[-79.9437,9.239615],[-79.923389,9.267285],[-79.886152,9.257866],[-79.86378,9.303786],[-79.826985,9.329985],[-79.799167,9.315855],[-79.813444,9.253744],[-79.782536,9.258454],[-79.772527,9.246974],[-79.830075,9.229018],[-79.868048,9.233433],[-79.863633,9.210767],[-79.84759,9.199876],[-79.841997,9.219598],[-79.82095,9.213417],[-79.85436,9.185452],[-79.806673,9.199876],[-79.82095,9.171911],[-79.801816,9.178682],[-79.779886,9.120398],[-79.764331,9.115609],[-79.698618,9.118783]]]},"properties":{"name":"Lago Gatun","nameZh":"加通湖","rank":5}}]}